latitude,longitude,bright_ti4,scan,track,acq_date,acq_time,satellite,confidence,version,bright_ti5,frp,daynight
16.57936,100.64649,338.49,0.39,0.37,2026-08-26,0642,N20,nominal,2.0NRT,283.47,2.69,D
25.9761,98.46784,332.93,0.4,0.37,2026-08-26,0644,N20,nominal,2.0NRT,294.06,3.12,D
25.9785,98.46692,331.16,0.4,0.37,2026-08-26,0644,N20,nominal,2.0NRT,294.42,2.91,D
25.99184,98.46468,334.68,0.4,0.37,2026-08-26,0644,N20,nominal,2.0NRT,297.51,6.02,D
28.49703,97.02328,345.19,0.39,0.36,2026-08-26,0646,N20,nominal,2.0NRT,299.07,4.99,D
29.55459,90.96119,328.88,0.55,0.43,2026-08-26,0646,N20,nominal,2.0NRT,298.85,5.28,D
30.94408,99.61243,335.38,0.47,0.4,2026-08-26,0646,N20,nominal,2.0NRT,299.59,4.63,D
5.5969,95.37653,333.36,0.5,0.49,2026-08-26,0640,N20,nominal,2.0NRT,302.31,2.84,D
13.27834,101.19604,335.14,0.39,0.36,2026-08-26,0640,N20,nominal,2.0NRT,291.68,2.56,D
13.7255,100.98538,331.61,0.39,0.36,2026-08-26,0640,N20,nominal,2.0NRT,292.06,3.28,D
13.97668,101.12209,330.6,0.39,0.36,2026-08-26,0640,N20,nominal,2.0NRT,293.03,3.72,D
14.14062,100.8563,333.22,0.39,0.36,2026-08-26,0642,N20,nominal,2.0NRT,292.99,2.72,D
14.14008,100.85273,334.31,0.39,0.36,2026-08-26,0642,N20,nominal,2.0NRT,292.54,2.72,D
14.07343,100.36465,343.28,0.38,0.36,2026-08-26,0642,N20,nominal,2.0NRT,293.08,4.05,D
14.24363,100.63868,332.59,0.39,0.36,2026-08-26,0642,N20,nominal,2.0NRT,294.63,1.76,D
14.24721,100.63791,338.37,0.39,0.36,2026-08-26,0642,N20,nominal,2.0NRT,295,3.12,D
14.30932,100.78165,332.32,0.39,0.36,2026-08-26,0642,N20,nominal,2.0NRT,293.39,2.9,D
14.68309,100.53425,331.04,0.39,0.36,2026-08-26,0642,N20,nominal,2.0NRT,284.83,2.88,D
14.8553,100.18916,338.84,0.38,0.36,2026-08-26,0642,N20,nominal,2.0NRT,286.33,6.33,D
16.02056,100.03659,330.88,0.39,0.36,2026-08-26,0642,N20,nominal,2.0NRT,292.5,1.92,D
16.03323,100.03088,351.15,0.39,0.36,2026-08-26,0642,N20,nominal,2.0NRT,292.21,9,D
16.03707,100.03394,333.04,0.39,0.36,2026-08-26,0642,N20,nominal,2.0NRT,290.51,4.02,D
16.07654,100.07156,336.04,0.39,0.36,2026-08-26,0642,N20,nominal,2.0NRT,292.08,6.28,D
16.10529,100.19547,333.61,0.39,0.36,2026-08-26,0642,N20,nominal,2.0NRT,290.11,2.09,D
16.10881,99.94534,343.38,0.39,0.36,2026-08-26,0642,N20,nominal,2.0NRT,296.39,18.31,D
16.11211,99.9448,332.88,0.39,0.36,2026-08-26,0642,N20,nominal,2.0NRT,293.49,3.01,D
16.17273,100.214,333.63,0.39,0.36,2026-08-26,0642,N20,nominal,2.0NRT,289.82,2.7,D
16.15709,99.97417,338.53,0.39,0.36,2026-08-26,0642,N20,nominal,2.0NRT,291.37,3.2,D
16.20606,99.96262,333.65,0.39,0.36,2026-08-26,0642,N20,nominal,2.0NRT,291.13,1.18,D
8.01057,81.09593,331.49,0.39,0.44,2026-08-26,0820,N20,nominal,2.0NRT,277.6,6.4,D
7.86461,79.9641,335.7,0.5,0.41,2026-08-26,0820,N20,nominal,2.0NRT,289.31,2.47,D
8.20856,81.02636,332.46,0.39,0.44,2026-08-26,0820,N20,nominal,2.0NRT,292.81,4.4,D
8.1289,80.0549,338.64,0.51,0.41,2026-08-26,0820,N20,nominal,2.0NRT,293.7,5.51,D
8.28923,80.15002,330.6,0.52,0.42,2026-08-26,0820,N20,nominal,2.0NRT,291.8,3.92,D
8.36776,80.28935,331.15,0.53,0.42,2026-08-26,0820,N20,nominal,2.0NRT,295.25,4.52,D
8.45122,80.81182,333.38,0.57,0.43,2026-08-26,0820,N20,nominal,2.0NRT,288.36,4.62,D
8.47738,80.69013,330.69,0.56,0.43,2026-08-26,0820,N20,nominal,2.0NRT,288.47,3.52,D
8.57087,80.89142,334.75,0.39,0.44,2026-08-26,0820,N20,nominal,2.0NRT,292.59,4.4,D
8.53845,80.41251,341.52,0.54,0.42,2026-08-26,0820,N20,nominal,2.0NRT,292.04,6.76,D
8.62436,80.88211,339.35,0.39,0.44,2026-08-26,0820,N20,nominal,2.0NRT,293.42,4.69,D
8.69085,80.84747,330.61,0.39,0.44,2026-08-26,0820,N20,nominal,2.0NRT,291.76,1.88,D
8.66584,80.63694,336.35,0.56,0.43,2026-08-26,0820,N20,nominal,2.0NRT,293.19,4.08,D
8.73697,80.79823,343.3,0.38,0.43,2026-08-26,0820,N20,nominal,2.0NRT,296.72,7.13,D
8.74096,80.79766,341.85,0.38,0.43,2026-08-26,0820,N20,nominal,2.0NRT,295.2,5.41,D
8.7949,81.09161,340.56,0.4,0.44,2026-08-26,0820,N20,nominal,2.0NRT,297.21,2.88,D
8.77647,80.87511,343.14,0.39,0.44,2026-08-26,0820,N20,nominal,2.0NRT,294.02,5.23,D
8.74527,80.65717,334.43,0.56,0.43,2026-08-26,0820,N20,nominal,2.0NRT,289.07,10.18,D
8.74453,80.65204,334.42,0.56,0.43,2026-08-26,0820,N20,nominal,2.0NRT,295.26,13.98,D
8.80721,80.58835,349.01,0.56,0.43,2026-08-26,0820,N20,nominal,2.0NRT,296.59,17.72,D
8.80649,80.58329,335.29,0.56,0.43,2026-08-26,0820,N20,nominal,2.0NRT,296,8.83,D
8.81115,80.5878,347.39,0.56,0.43,2026-08-26,0820,N20,nominal,2.0NRT,295.85,11.02,D
8.83608,80.67843,338.57,0.57,0.43,2026-08-26,0820,N20,nominal,2.0NRT,294.82,8.44,D
8.87576,80.67297,351.91,0.57,0.43,2026-08-26,0822,N20,nominal,2.0NRT,297.59,15.06,D
8.87502,80.66782,340.41,0.57,0.43,2026-08-26,0822,N20,nominal,2.0NRT,296.57,10.19,D
8.87436,80.67086,352.69,0.57,0.43,2026-08-26,0822,N20,nominal,2.0NRT,296.61,10.18,D
8.87833,80.67032,336.94,0.57,0.43,2026-08-26,0822,N20,nominal,2.0NRT,296.45,10.18,D
8.89322,80.57399,335.88,0.56,0.43,2026-08-26,0822,N20,nominal,2.0NRT,292.36,4.31,D
8.99573,80.83981,335.46,0.39,0.44,2026-08-26,0822,N20,nominal,2.0NRT,296.9,2.25,D
8.95326,80.37337,331.91,0.55,0.42,2026-08-26,0822,N20,nominal,2.0NRT,293.74,4.33,D
8.95257,80.36842,331.42,0.55,0.42,2026-08-26,0822,N20,nominal,2.0NRT,295.29,4.33,D
9.00394,80.68155,336.08,0.57,0.43,2026-08-26,0822,N20,nominal,2.0NRT,291.79,7.59,D
9.03975,80.67662,336.58,0.57,0.43,2026-08-26,0822,N20,nominal,2.0NRT,297.05,7.94,D
9.07868,80.46973,333.04,0.56,0.43,2026-08-26,0822,N20,nominal,2.0NRT,295.61,4.93,D
9.28148,80.71458,337.78,0.39,0.44,2026-08-26,0822,N20,nominal,2.0NRT,297.12,4.77,D
9.43152,80.36105,335.92,0.55,0.43,2026-08-26,0822,N20,nominal,2.0NRT,296.32,4.04,D
9.45475,80.49753,343.43,0.56,0.43,2026-08-26,0822,N20,nominal,2.0NRT,297.44,10.63,D
9.21554,78.64903,336.71,0.45,0.39,2026-08-26,0822,N20,nominal,2.0NRT,297.98,3.51,D
9.21909,78.64851,335.48,0.45,0.39,2026-08-26,0822,N20,nominal,2.0NRT,295.48,2.52,D
9.48116,80.4004,335.58,0.56,0.43,2026-08-26,0822,N20,nominal,2.0NRT,296.84,3.64,D
9.48141,80.40318,336.22,0.56,0.43,2026-08-26,0822,N20,nominal,2.0NRT,297.1,5.07,D
9.38962,78.88501,347.44,0.46,0.39,2026-08-26,0822,N20,nominal,2.0NRT,301.32,21.77,D
9.61096,80.29897,336.79,0.55,0.43,2026-08-26,0822,N20,nominal,2.0NRT,296.75,1.4,D
9.30177,77.47569,336.04,0.41,0.37,2026-08-26,0822,N20,nominal,2.0NRT,285.33,5.73,D
9.8038,78.17648,340.06,0.43,0.38,2026-08-26,0822,N20,nominal,2.0NRT,300.91,4.38,D
10.05029,77.95355,349.07,0.43,0.38,2026-08-26,0822,N20,nominal,2.0NRT,303.31,7.84,D
10.05376,77.95303,343.77,0.43,0.38,2026-08-26,0822,N20,nominal,2.0NRT,299.95,7.84,D
10.93808,79.54315,336.15,0.52,0.41,2026-08-26,0822,N20,nominal,2.0NRT,294.31,4.04,D
11.55913,79.62791,336.44,0.53,0.42,2026-08-26,0822,N20,nominal,2.0NRT,295.58,4.14,D
11.42405,78.16054,332.79,0.45,0.39,2026-08-26,0822,N20,nominal,2.0NRT,300.25,4.18,D
11.53354,78.71278,341.68,0.48,0.4,2026-08-26,0822,N20,nominal,2.0NRT,303.65,4.61,D
11.35922,77.2625,330.28,0.41,0.37,2026-08-26,0822,N20,nominal,2.0NRT,293.57,1.86,D
11.46199,77.46516,341.29,0.42,0.38,2026-08-26,0822,N20,nominal,2.0NRT,296.66,5.71,D
11.67362,78.43934,330.64,0.46,0.39,2026-08-26,0822,N20,nominal,2.0NRT,300.06,2.19,D
12.13018,79.65379,342.13,0.54,0.42,2026-08-26,0822,N20,nominal,2.0NRT,302.82,13.42,D
12.05793,76.91864,331.26,0.41,0.37,2026-08-26,0822,N20,low,2.0NRT,303.36,1.61,D
12.26599,77.0015,335.46,0.41,0.37,2026-08-26,0822,N20,nominal,2.0NRT,300.16,2.81,D
12.30538,76.84256,330.79,0.41,0.37,2026-08-26,0822,N20,nominal,2.0NRT,297.18,1.44,D
12.83705,79.94056,330.38,0.39,0.44,2026-08-26,0822,N20,low,2.0NRT,301.2,2.86,D
12.95476,79.27879,334.78,0.53,0.42,2026-08-26,0822,N20,nominal,2.0NRT,298.13,3.78,D
13.09371,78.80157,334.78,0.5,0.41,2026-08-26,0822,N20,nominal,2.0NRT,299.14,4.44,D
13.973,78.2289,331.1,0.48,0.4,2026-08-26,0822,N20,nominal,2.0NRT,298.76,3.09,D
14.23911,79.66386,333.76,0.39,0.44,2026-08-26,0822,N20,nominal,2.0NRT,294.68,3.12,D
14.15628,77.23994,339.33,0.43,0.38,2026-08-26,0822,N20,nominal,2.0NRT,298.39,3.71,D
15.01841,79.74989,340.98,0.4,0.44,2026-08-26,0822,N20,nominal,2.0NRT,297.14,5.67,D
15.00306,76.99864,337.96,0.43,0.38,2026-08-26,0822,N20,nominal,2.0NRT,302.29,4.52,D
15.17841,76.68213,338.03,0.42,0.38,2026-08-26,0822,N20,nominal,2.0NRT,301.96,5.5,D
15.17785,76.67822,336.4,0.42,0.38,2026-08-26,0822,N20,nominal,2.0NRT,302.7,4.7,D
15.17506,76.65867,334.39,0.42,0.38,2026-08-26,0822,N20,nominal,2.0NRT,302.05,4.09,D
15.18318,76.64153,337.25,0.42,0.38,2026-08-26,0822,N20,nominal,2.0NRT,299.05,4.17,D
15.44035,76.97665,332.95,0.44,0.38,2026-08-26,0822,N20,nominal,2.0NRT,302.63,1.86,D
15.74739,77.78989,337.15,0.48,0.4,2026-08-26,0822,N20,nominal,2.0NRT,294.81,4.12,D
15.97756,78.4123,330.46,0.52,0.41,2026-08-26,0822,N20,nominal,2.0NRT,294.78,2.89,D
16.0065,77.04945,340.97,0.44,0.39,2026-08-26,0822,N20,nominal,2.0NRT,298.13,3.84,D
16.83671,79.16844,333.57,0.39,0.44,2026-08-26,0824,N20,nominal,2.0NRT,297.69,2.33,D
36.68754,55.12866,333.16,0.48,0.64,2026-08-26,0830,N20,low,2.0NRT,308.14,1.99,D
39.6559,66.99839,338.81,0.39,0.36,2026-08-26,0830,N20,low,2.0NRT,311.56,4.76,D
39.67586,66.99399,341.13,0.39,0.36,2026-08-26,0830,N20,nominal,2.0NRT,310.62,5.27,D
37.41943,55.46715,330.09,0.43,0.62,2026-08-26,0830,N20,low,2.0NRT,302.85,1.89,D
38.64762,54.28669,345.75,0.46,0.64,2026-08-26,0830,N20,nominal,2.0NRT,313.6,4.89,D
38.64775,54.28528,347.54,0.46,0.64,2026-08-26,0830,N20,nominal,2.0NRT,314.09,2.76,D
39.24432,56.36856,339.51,0.35,0.57,2026-08-26,0830,N20,nominal,2.0NRT,308.04,1.78,D
38.68135,54.31526,344.75,0.46,0.64,2026-08-26,0830,N20,low,2.0NRT,315.36,3.99,D
19.99819,74.01125,333.16,0.39,0.36,2026-08-26,0824,N20,nominal,2.0NRT,295.9,3.21,D
21.74298,83.84299,346.9,0.45,0.63,2026-08-26,0824,N20,nominal,2.0NRT,287.63,11.6,D
21.74921,83.84696,326.92,0.45,0.63,2026-08-26,0824,N20,nominal,2.0NRT,286.66,5.28,D
21.74881,83.84253,346.63,0.45,0.63,2026-08-26,0824,N20,nominal,2.0NRT,287.28,5.28,D
21.75503,83.8465,334.17,0.45,0.63,2026-08-26,0824,N20,nominal,2.0NRT,286.35,5.28,D
21.9208,83.35326,326.38,0.42,0.61,2026-08-26,0824,N20,nominal,2.0NRT,277.14,2.84,D
21.10283,72.64758,339.05,0.38,0.36,2026-08-26,0824,N20,nominal,2.0NRT,302.09,11.92,D
21.10113,72.63656,342.14,0.38,0.36,2026-08-26,0824,N20,nominal,2.0NRT,300.87,8.04,D
21.10612,72.647,344.97,0.38,0.36,2026-08-26,0824,N20,nominal,2.0NRT,302.32,11.92,D
22.35542,82.30332,334.63,0.36,0.58,2026-08-26,0824,N20,nominal,2.0NRT,289.53,7.35,D
22.35975,82.30282,333.19,0.36,0.58,2026-08-26,0824,N20,nominal,2.0NRT,286.99,8.21,D
22.92799,70.10835,334.26,0.42,0.38,2026-08-26,0826,N20,low,2.0NRT,302.81,6.26,D
29.75521,72.58524,330.69,0.4,0.37,2026-08-26,0828,N20,low,2.0NRT,303.11,1.43,D
29.76845,72.26132,339.23,0.4,0.37,2026-08-26,0828,N20,nominal,2.0NRT,306.31,4.79,D
29.93687,72.9943,335.83,0.42,0.37,2026-08-26,0828,N20,nominal,2.0NRT,302.18,3.13,D
29.95284,72.59747,331.09,0.41,0.37,2026-08-26,0828,N20,low,2.0NRT,303.47,3.11,D
29.95621,72.59685,338.88,0.41,0.37,2026-08-26,0828,N20,nominal,2.0NRT,302.4,3.11,D
29.75555,71.19326,338.7,0.39,0.36,2026-08-26,0828,N20,nominal,2.0NRT,306.07,3.2,D
29.90841,72.08109,343.34,0.4,0.37,2026-08-26,0828,N20,nominal,2.0NRT,306.37,12.85,D
30.07844,71.96696,339.62,0.39,0.37,2026-08-26,0828,N20,nominal,2.0NRT,305.7,6.61,D
30.08177,71.96634,336,0.39,0.37,2026-08-26,0828,N20,nominal,2.0NRT,304.73,2.14,D
30.35612,73.65794,334.6,0.44,0.38,2026-08-26,0828,N20,nominal,2.0NRT,302.11,3.06,D
30.33941,73.0291,337.17,0.42,0.38,2026-08-26,0828,N20,nominal,2.0NRT,304.08,2.54,D
27.16436,56.05214,331.47,0.75,0.77,2026-08-26,0828,N20,nominal,2.0NRT,299.4,5.39,D
30.51083,72.14,336.55,0.4,0.37,2026-08-26,0828,N20,nominal,2.0NRT,301.57,1.28,D
30.53793,71.68966,330.55,0.39,0.36,2026-08-26,0828,N20,low,2.0NRT,303.08,2.47,D
30.70773,71.90141,332.47,0.4,0.37,2026-08-26,0828,N20,nominal,2.0NRT,301.47,2.38,D
31.30204,72.22087,334.75,0.41,0.37,2026-08-26,0828,N20,nominal,2.0NRT,301.27,3.08,D
31.76711,74.16125,332.21,0.48,0.4,2026-08-26,0828,N20,low,2.0NRT,303.39,3.52,D
31.98062,70.32509,343.51,0.38,0.36,2026-08-26,0828,N20,nominal,2.0NRT,308.31,10.89,D
32.57503,72.56444,333.78,0.42,0.38,2026-08-26,0828,N20,low,2.0NRT,305.54,4.69,D
32.79342,72.26131,338.9,0.42,0.37,2026-08-26,0828,N20,nominal,2.0NRT,308.17,6,D
32.88766,71.61832,336.39,0.4,0.37,2026-08-26,0828,N20,low,2.0NRT,306.81,2.91,D
29.98982,55.8561,367,0.65,0.73,2026-08-26,0828,N20,high,2.0NRT,313.9,13.32,D
33.62799,73.01943,333.58,0.45,0.39,2026-08-26,0828,N20,nominal,2.0NRT,302.86,2.76,D
34.71388,59.97689,342.72,0.58,0.52,2026-08-26,0828,N20,low,2.0NRT,316.14,6.98,D
37.0312,62.41867,352.27,0.39,0.44,2026-08-26,0830,N20,nominal,2.0NRT,321.65,13.4,D
37.11438,62.36607,345.94,0.39,0.44,2026-08-26,0830,N20,low,2.0NRT,320.89,7.81,D
37.61122,62.01587,350.92,0.39,0.44,2026-08-26,0830,N20,nominal,2.0NRT,318.06,8.42,D
37.41159,60.08902,353.99,0.5,0.49,2026-08-26,0830,N20,nominal,2.0NRT,320.93,22,D
37.41035,60.08362,350.49,0.5,0.49,2026-08-26,0830,N20,low,2.0NRT,320.62,15.21,D
21.00224,56.53443,354.65,0.33,0.55,2026-08-26,1006,N20,nominal,2.0NRT,315.56,2.52,D
21.00191,56.53125,343.68,0.33,0.55,2026-08-26,1006,N20,low,2.0NRT,316.47,2.02,D
21.30444,57.79965,341.84,0.4,0.6,2026-08-26,1006,N20,low,2.0NRT,313.51,0.74,D
21.31054,57.74802,340.99,0.4,0.6,2026-08-26,1006,N20,low,2.0NRT,312.78,2.81,D
21.30421,57.80032,343.07,0.4,0.6,2026-08-26,1006,N20,low,2.0NRT,313.31,1.06,D
21.31956,57.72429,340.55,0.4,0.6,2026-08-26,1006,N20,low,2.0NRT,312.13,1.44,D
21.333,56.70206,347.04,0.34,0.56,2026-08-26,1006,N20,nominal,2.0NRT,314.5,8.11,D
21.83516,56.68206,345.96,0.34,0.56,2026-08-26,1006,N20,low,2.0NRT,316.74,0.69,D
21.83133,56.68189,345.95,0.34,0.56,2026-08-26,1006,N20,low,2.0NRT,317.3,1.33,D
22.28882,56.52762,341.54,0.34,0.56,2026-08-26,1006,N20,low,2.0NRT,315.42,0.79,D
22.32693,56.49058,348.4,0.34,0.56,2026-08-26,1006,N20,nominal,2.0NRT,318.17,1.6,D
22.32973,56.46668,342.87,0.34,0.56,2026-08-26,1006,N20,low,2.0NRT,316.45,2.1,D
22.40328,56.98928,340.92,0.37,0.58,2026-08-26,1006,N20,low,2.0NRT,315.03,1.21,D
22.34733,56.43509,347.85,0.34,0.56,2026-08-26,1006,N20,nominal,2.0NRT,316.83,1.16,D
22.34428,56.43357,343.76,0.34,0.56,2026-08-26,1006,N20,low,2.0NRT,316.89,1.25,D
22.43835,56.70161,356.09,0.35,0.57,2026-08-26,1006,N20,low,2.0NRT,319,16.69,D
22.44359,56.70103,345.47,0.35,0.57,2026-08-26,1006,N20,low,2.0NRT,317.4,14.91,D
22.67185,56.25175,345.28,0.33,0.55,2026-08-26,1006,N20,low,2.0NRT,315.58,0.51,D
22.87896,55.93314,345.94,0.64,0.54,2026-08-26,1006,N20,nominal,2.0NRT,313.21,2.91,D
22.87834,55.92694,355.7,0.63,0.54,2026-08-26,1006,N20,nominal,2.0NRT,315.29,9.06,D
22.92753,55.80752,343.67,0.62,0.54,2026-08-26,1006,N20,low,2.0NRT,314.28,1.06,D
23.19026,55.45903,350.24,0.6,0.53,2026-08-26,1006,N20,nominal,2.0NRT,316.62,4.95,D
18.01173,54.57677,344.52,0.45,0.47,2026-08-26,1004,N20,nominal,2.0NRT,314.2,10.11,D
23.18829,55.45786,348.23,0.6,0.53,2026-08-26,1006,N20,nominal,2.0NRT,316.17,3.4,D
18.01121,54.57251,344.55,0.45,0.47,2026-08-26,1004,N20,low,2.0NRT,318.44,13.57,D
23.30951,54.1809,353.08,0.5,0.49,2026-08-26,1006,N20,nominal,2.0NRT,323.04,15.89,D
18.32183,55.10802,347.04,0.49,0.49,2026-08-26,1006,N20,low,2.0NRT,317.44,4.02,D
20.3741,55.93802,346.42,0.59,0.53,2026-08-26,1006,N20,nominal,2.0NRT,312.86,3.9,D
24.0089,57.05873,341.9,0.39,0.59,2026-08-26,1006,N20,nominal,2.0NRT,305.05,2.71,D
20.37235,55.93579,353.25,0.59,0.53,2026-08-26,1006,N20,nominal,2.0NRT,313.08,2.96,D
20.38716,55.66345,343.05,0.57,0.52,2026-08-26,1006,N20,low,2.0NRT,313.43,2.62,D
24.50497,56.6101,353.78,0.37,0.58,2026-08-26,1006,N20,nominal,2.0NRT,306.49,6.28,D
24.50465,56.60647,355.81,0.37,0.58,2026-08-26,1006,N20,nominal,2.0NRT,307.2,7.96,D
24.51019,54.02003,352.3,0.5,0.49,2026-08-26,1009,N20,nominal,2.0NRT,305.31,8.38,D
24.60835,54.15349,330.33,0.51,0.5,2026-08-26,1009,N20,nominal,2.0NRT,304.24,2.75,D
24.98823,55.62874,346.87,0.32,0.55,2026-08-26,1009,N20,low,2.0NRT,317.58,1.69,D
27.1595,56.10321,337.76,0.36,0.58,2026-08-26,1009,N20,nominal,2.0NRT,307.03,4.4,D
27.16983,56.09842,341.03,0.36,0.58,2026-08-26,1009,N20,nominal,2.0NRT,307.12,10.85,D
27.16636,56.05777,336.69,0.36,0.58,2026-08-26,1009,N20,nominal,2.0NRT,306.48,4.93,D
27.16604,56.05404,337.83,0.36,0.58,2026-08-26,1009,N20,nominal,2.0NRT,306.84,4.93,D
27.17167,56.05723,335.52,0.36,0.58,2026-08-26,1009,N20,low,2.0NRT,306.44,9,D
29.98625,55.85559,367,0.38,0.59,2026-08-26,1009,N20,high,2.0NRT,315.83,6.57,D
37.40931,60.08498,343.62,0.76,0.77,2026-08-26,1011,N20,nominal,2.0NRT,312.37,8.33,D
38.6464,54.28294,367,0.37,0.58,2026-08-26,1011,N20,high,2.0NRT,318.56,3.64,D
38.68089,54.31909,346.48,0.37,0.58,2026-08-26,1011,N20,low,2.0NRT,317.63,3.91,D
38.67769,54.31554,345.03,0.37,0.58,2026-08-26,1011,N20,low,2.0NRT,318.89,2.43,D
38.91431,56.61208,367,0.5,0.66,2026-08-26,1011,N20,high,2.0NRT,307.73,7.11,D
38.91517,56.61108,367,0.5,0.66,2026-08-26,1011,N20,high,2.0NRT,308.75,6.01,D
39.35458,55.75027,345.46,0.45,0.63,2026-08-26,1011,N20,nominal,2.0NRT,310.92,5.94,D
22.47517,91.73435,305.85,0.45,0.47,2026-08-26,1913,N20,nominal,2.0NRT,288.92,2.17,N
21.57795,96.23352,306.36,0.4,0.37,2026-08-26,1913,N20,nominal,2.0NRT,290.4,2.12,N
20.86702,96.39068,307.67,0.4,0.37,2026-08-26,1913,N20,nominal,2.0NRT,290.05,1.76,N
19.67047,98.632,300.47,0.39,0.36,2026-08-26,1913,N20,nominal,2.0NRT,285.24,0.85,N
20.96951,85.17609,305.91,0.58,0.69,2026-08-26,1913,N20,nominal,2.0NRT,274.26,3.1,N
20.96356,85.1699,297.9,0.58,0.69,2026-08-26,1913,N20,nominal,2.0NRT,270.6,2.19,N
20.79373,85.25214,303.88,0.57,0.69,2026-08-26,1913,N20,nominal,2.0NRT,271.84,1.95,N
20.76468,85.29327,303.89,0.56,0.69,2026-08-26,1915,N20,nominal,2.0NRT,272.33,2.11,N
20.79809,85.25024,301.94,0.57,0.69,2026-08-26,1915,N20,nominal,2.0NRT,271.59,2.09,N
20.76239,85.29076,299.33,0.56,0.69,2026-08-26,1915,N20,nominal,2.0NRT,273.13,1.44,N
20.76191,85.29632,305.1,0.56,0.69,2026-08-26,1915,N20,nominal,2.0NRT,273.38,1.85,N
14.55672,100.61672,323.3,0.53,0.42,2026-08-26,1915,N20,nominal,2.0NRT,276.78,2.86,N
14.43895,100.29069,312.44,0.51,0.41,2026-08-26,1915,N20,nominal,2.0NRT,287.14,1.58,N
7.81501,99.80186,314.38,0.4,0.44,2026-08-26,1917,N20,nominal,2.0NRT,291.42,2.41,N
7.81441,99.80531,315.3,0.4,0.44,2026-08-26,1917,N20,nominal,2.0NRT,291.6,2.47,N
7.56832,99.62642,306.1,0.39,0.44,2026-08-26,1917,N20,nominal,2.0NRT,287.51,0.27,N
7.23239,100.24904,304.88,0.43,0.46,2026-08-26,1917,N20,nominal,2.0NRT,291.83,1.07,N
30.06887,96.97642,304.58,0.45,0.39,2026-08-26,1910,N20,nominal,2.0NRT,287.2,0.89,N
26.62052,101.59639,338.87,0.42,0.38,2026-08-26,1910,N20,nominal,2.0NRT,292.15,14.36,N
39.88649,66.30994,323.4,0.36,0.57,2026-08-26,2046,N20,nominal,2.0NRT,290.48,1.53,N
39.88749,66.3082,304.7,0.36,0.57,2026-08-26,2046,N20,nominal,2.0NRT,289.83,1.17,N
39.88724,66.31242,310.14,0.36,0.57,2026-08-26,2046,N20,nominal,2.0NRT,290.48,1.21,N
39.85667,66.19812,307.78,0.36,0.57,2026-08-26,2046,N20,nominal,2.0NRT,290.54,1.17,N
39.56271,66.80642,302.85,0.33,0.55,2026-08-26,2049,N20,nominal,2.0NRT,292.56,0.29,N
39.50208,64.69173,304.02,0.43,0.62,2026-08-26,2049,N20,nominal,2.0NRT,293.02,0.86,N
39.17132,63.25217,307.6,0.51,0.66,2026-08-26,2049,N20,nominal,2.0NRT,291.22,1.29,N
38.68849,65.98506,318.59,0.36,0.57,2026-08-26,2049,N20,nominal,2.0NRT,289.94,1.76,N
38.68317,65.98451,334.63,0.36,0.57,2026-08-26,2049,N20,nominal,2.0NRT,290.33,1.76,N
38.67979,65.95029,300.96,0.36,0.58,2026-08-26,2049,N20,nominal,2.0NRT,290.57,0.66,N
38.55336,65.94672,308.97,0.36,0.58,2026-08-26,2049,N20,nominal,2.0NRT,292.89,0.93,N
38.46827,65.77615,302.35,0.37,0.58,2026-08-26,2049,N20,nominal,2.0NRT,290.39,1.67,N
38.4561,65.80098,318.71,0.37,0.58,2026-08-26,2049,N20,nominal,2.0NRT,290.58,1.43,N
38.45842,65.80346,307.25,0.37,0.58,2026-08-26,2049,N20,nominal,2.0NRT,292.39,1.46,N
38.05272,67.2633,352.59,0.61,0.53,2026-08-26,2049,N20,nominal,2.0NRT,293.61,22.5,N
38.05075,67.26443,340,0.61,0.53,2026-08-26,2049,N20,nominal,2.0NRT,294.78,19.16,N
38.05087,64.90184,301.3,0.41,0.61,2026-08-26,2049,N20,nominal,2.0NRT,290.74,0.86,N
37.9334,65.63726,303.61,0.37,0.58,2026-08-26,2049,N20,nominal,2.0NRT,290.41,0.79,N
37.93067,65.63827,304.79,0.37,0.58,2026-08-26,2049,N20,nominal,2.0NRT,290.4,0.68,N
37.73004,65.50741,300.96,0.38,0.58,2026-08-26,2049,N20,nominal,2.0NRT,290.86,0.67,N
37.72538,62.09216,302.04,0.58,0.7,2026-08-26,2049,N20,nominal,2.0NRT,289.5,0.81,N
37.65528,62.24026,298.01,0.57,0.69,2026-08-26,2049,N20,nominal,2.0NRT,287.95,0.68,N
37.62547,62.16582,302.48,0.57,0.69,2026-08-26,2049,N20,nominal,2.0NRT,292.34,1.3,N
37.59698,61.52624,303.38,0.62,0.72,2026-08-26,2049,N20,nominal,2.0NRT,291.66,1.62,N
37.58303,61.55442,302.06,0.62,0.71,2026-08-26,2049,N20,nominal,2.0NRT,290.83,1.42,N
37.58564,61.55627,307.51,0.62,0.71,2026-08-26,2049,N20,nominal,2.0NRT,291.24,1.77,N
37.49854,61.8409,306.79,0.6,0.7,2026-08-26,2049,N20,nominal,2.0NRT,293.7,2.61,N
37.11998,62.35414,310.66,0.56,0.69,2026-08-26,2049,N20,nominal,2.0NRT,291.31,3.57,N
37.11979,62.36056,309.63,0.56,0.69,2026-08-26,2049,N20,nominal,2.0NRT,292.55,3.57,N
37.11766,62.36142,325.83,0.56,0.69,2026-08-26,2049,N20,nominal,2.0NRT,293.22,6.27,N
37.11789,62.355,314.26,0.56,0.69,2026-08-26,2049,N20,nominal,2.0NRT,292.84,6.36,N
37.03319,62.41373,320.76,0.55,0.68,2026-08-26,2049,N20,nominal,2.0NRT,292.42,3.25,N
37.03339,62.40741,302.04,0.55,0.68,2026-08-26,2049,N20,nominal,2.0NRT,289.92,3.25,N
37.03689,62.41272,317.52,0.55,0.68,2026-08-26,2049,N20,nominal,2.0NRT,291.49,3.57,N
37.03056,62.41237,307.17,0.55,0.68,2026-08-26,2049,N20,nominal,2.0NRT,291.1,4.03,N
36.47898,61.6159,301.86,0.61,0.71,2026-08-26,2049,N20,nominal,2.0NRT,289.81,2.49,N
35.96973,68.68405,306.16,0.48,0.48,2026-08-26,2049,N20,nominal,2.0NRT,294.8,1.62,N
33.90435,71.91553,308.79,0.47,0.4,2026-08-26,2049,N20,nominal,2.0NRT,296.9,1.12,N
33.29755,71.18687,309.27,0.5,0.41,2026-08-26,2049,N20,nominal,2.0NRT,295.79,0.9,N
32.88863,71.6162,316.27,0.47,0.4,2026-08-26,2049,N20,nominal,2.0NRT,299.52,4.12,N
32.64449,72.97614,308.74,0.42,0.38,2026-08-26,2049,N20,nominal,2.0NRT,298.14,2.02,N
32.57768,72.56239,312.81,0.43,0.38,2026-08-26,2049,N20,nominal,2.0NRT,299.58,2.45,N
32.65508,70.47259,311.74,0.53,0.42,2026-08-26,2049,N20,nominal,2.0NRT,298.18,1.73,N
32.13151,74.1764,320.32,0.39,0.36,2026-08-26,2049,N20,nominal,2.0NRT,298.27,1.58,N
32.08615,74.16393,315.28,0.39,0.36,2026-08-26,2049,N20,nominal,2.0NRT,298.08,1.57,N
29.47616,76.85736,306.91,0.41,0.37,2026-08-26,2051,N20,nominal,2.0NRT,287.88,1.89,N
26.76138,83.19917,301.41,0.32,0.55,2026-08-26,2051,N20,nominal,2.0NRT,278.05,0.93,N
28.42557,69.69781,313.35,0.52,0.42,2026-08-26,2051,N20,nominal,2.0NRT,298.26,1.67,N
28.0541,69.37069,311.29,0.54,0.42,2026-08-26,2051,N20,nominal,2.0NRT,297.98,0.64,N
28.7656,58.87473,306.55,0.78,0.78,2026-08-26,2051,N20,nominal,2.0NRT,292.35,1.9,N
26.92686,73.4677,305.99,0.39,0.36,2026-08-26,2051,N20,nominal,2.0NRT,287.44,1.1,N
26.87866,73.51471,303.59,0.39,0.36,2026-08-26,2051,N20,nominal,2.0NRT,282.78,1.11,N
23.61789,86.78893,305.36,0.63,0.72,2026-08-26,2051,N20,nominal,2.0NRT,283.23,1.9,N
23.93222,72.36194,322.77,0.39,0.36,2026-08-26,2051,N20,nominal,2.0NRT,280,1.69,N
20.81066,85.25798,303.54,0.58,0.7,2026-08-26,2053,N20,nominal,2.0NRT,284.2,2.64,N
20.80444,85.25613,301.92,0.58,0.7,2026-08-26,2053,N20,nominal,2.0NRT,284.07,1.25,N
20.79822,85.25431,308.68,0.58,0.7,2026-08-26,2053,N20,nominal,2.0NRT,283.63,1.25,N
20.78934,85.26369,304.73,0.59,0.7,2026-08-26,2053,N20,nominal,2.0NRT,284.02,1.07,N
20.78438,85.25655,302.13,0.58,0.7,2026-08-26,2053,N20,nominal,2.0NRT,283.99,1.07,N
20.78307,85.26205,301.72,0.59,0.7,2026-08-26,2053,N20,nominal,2.0NRT,283.99,1.07,N
23.31667,70.48634,308.92,0.43,0.38,2026-08-26,2053,N20,nominal,2.0NRT,294.09,1.21,N
23.31464,70.48708,307.11,0.43,0.38,2026-08-26,2053,N20,nominal,2.0NRT,293.75,1.62,N
22.32132,69.88142,317.54,0.44,0.38,2026-08-26,2053,N20,nominal,2.0NRT,287.39,1.49,N
22.32085,69.8827,311.16,0.44,0.38,2026-08-26,2053,N20,nominal,2.0NRT,286.86,1.41,N
22.41633,69.0387,309,0.48,0.4,2026-08-26,2053,N20,nominal,2.0NRT,292.91,2.63,N
21.1065,72.64651,300.89,0.38,0.36,2026-08-26,2053,N20,nominal,2.0NRT,270.92,0.55,N
20.91049,71.45941,312.46,0.39,0.36,2026-08-26,2053,N20,nominal,2.0NRT,289.09,1.26,N
21.3144,57.7362,306.47,0.79,0.78,2026-08-26,2053,N20,nominal,2.0NRT,290.41,1.26,N
21.31389,57.74396,303.37,0.79,0.78,2026-08-26,2053,N20,nominal,2.0NRT,290.23,1.26,N
21.31236,57.73803,307.82,0.79,0.78,2026-08-26,2053,N20,nominal,2.0NRT,289.99,2.23,N
18.95677,73.94353,329.4,0.41,0.37,2026-08-26,2053,N20,nominal,2.0NRT,290.9,2.58,N
18.68589,73.02978,301.74,0.39,0.36,2026-08-26,2053,N20,nominal,2.0NRT,287.39,0.74,N
18.68196,73.03288,302.89,0.39,0.36,2026-08-26,2053,N20,nominal,2.0NRT,289.13,1.56,N
18.68135,73.03658,308.6,0.39,0.36,2026-08-26,2053,N20,nominal,2.0NRT,290.54,1.56,N
15.33449,76.28466,307.06,0.39,0.44,2026-08-26,2055,N20,nominal,2.0NRT,290.93,1.15,N
15.33309,76.24698,309.09,0.39,0.44,2026-08-26,2055,N20,nominal,2.0NRT,290.15,0.78,N
15.17542,77.10057,302.32,0.45,0.47,2026-08-26,2055,N20,nominal,2.0NRT,285.01,1.32,N
15.30119,76.21846,301.59,0.39,0.44,2026-08-26,2055,N20,nominal,2.0NRT,288.41,0.8,N
15.18496,76.66879,312.05,0.42,0.45,2026-08-26,2055,N20,nominal,2.0NRT,285.84,2.38,N
15.18357,76.67648,309.53,0.42,0.45,2026-08-26,2055,N20,nominal,2.0NRT,286.52,1.65,N
15.17946,76.67565,307.05,0.42,0.45,2026-08-26,2055,N20,nominal,2.0NRT,285.67,1.65,N
15.17886,76.65562,312.26,0.42,0.45,2026-08-26,2055,N20,nominal,2.0NRT,286.36,1.55,N
15.17816,76.65945,310.09,0.42,0.45,2026-08-26,2055,N20,nominal,2.0NRT,285.4,1.55,N
15.17477,76.65479,318.72,0.42,0.45,2026-08-26,2055,N20,nominal,2.0NRT,284.95,1.55,N
15.17336,76.66246,301.82,0.42,0.45,2026-08-26,2055,N20,nominal,2.0NRT,285.19,1.14,N
15.17025,76.38171,304.26,0.4,0.44,2026-08-26,2055,N20,nominal,2.0NRT,286.12,0.89,N
13.84619,79.25174,311.52,0.33,0.55,2026-08-26,2055,N20,nominal,2.0NRT,279.9,1.27,N
13.84566,79.25454,303.89,0.33,0.55,2026-08-26,2055,N20,nominal,2.0NRT,283.38,1.01,N
13.71613,79.62455,302.5,0.35,0.56,2026-08-26,2055,N20,nominal,2.0NRT,282.05,0.91,N
13.71163,79.62034,301.42,0.35,0.56,2026-08-26,2055,N20,nominal,2.0NRT,282.07,1.07,N
11.80962,77.92208,298.71,0.58,0.52,2026-08-26,2055,N20,nominal,2.0NRT,276.25,0.74,N
37.8005,62.55163,301.33,0.33,0.55,2026-08-26,2229,N20,nominal,2.0NRT,289.1,0.44,N
37.79563,62.54968,307.42,0.33,0.55,2026-08-26,2229,N20,nominal,2.0NRT,289.63,0.71,N
37.78865,62.53492,301.49,0.33,0.55,2026-08-26,2229,N20,nominal,2.0NRT,288.57,0.62,N
37.78773,62.53851,306.45,0.33,0.55,2026-08-26,2229,N20,nominal,2.0NRT,290.06,0.62,N
37.78563,62.52576,298.95,0.33,0.55,2026-08-26,2229,N20,nominal,2.0NRT,288.81,0.35,N
39.51062,54.32684,319.74,0.4,0.37,2026-08-26,2229,N20,nominal,2.0NRT,300.8,3.45,N
37.74355,62.1269,300.18,0.63,0.54,2026-08-26,2229,N20,nominal,2.0NRT,289.12,0.73,N
37.72822,62.09722,307.03,0.63,0.54,2026-08-26,2229,N20,nominal,2.0NRT,290.6,1.91,N
37.67243,62.23614,301.26,0.32,0.55,2026-08-26,2229,N20,nominal,2.0NRT,288.34,0.47,N
37.66106,62.23922,301.92,0.32,0.55,2026-08-26,2229,N20,nominal,2.0NRT,290.22,0.39,N
37.63837,62.20329,305.31,0.32,0.55,2026-08-26,2229,N20,nominal,2.0NRT,288.76,0.69,N
37.63005,62.21519,304.13,0.32,0.55,2026-08-26,2229,N20,nominal,2.0NRT,291.29,0.66,N
37.62621,62.1678,309.08,0.32,0.54,2026-08-26,2229,N20,nominal,2.0NRT,291.2,1.18,N
37.62321,62.13813,302.7,0.64,0.54,2026-08-26,2229,N20,nominal,2.0NRT,291.35,2.46,N
37.6563,61.905,304.89,0.62,0.54,2026-08-26,2229,N20,nominal,2.0NRT,290.41,0.67,N
37.60992,61.60506,314.78,0.6,0.53,2026-08-26,2229,N20,nominal,2.0NRT,294.54,2.95,N
37.61084,61.60427,315.92,0.6,0.53,2026-08-26,2229,N20,nominal,2.0NRT,294.02,3.01,N
37.4246,62.31059,308.69,0.33,0.55,2026-08-26,2229,N20,nominal,2.0NRT,289.02,0.73,N
37.59871,61.52887,302.89,0.59,0.53,2026-08-26,2229,N20,nominal,2.0NRT,289.39,0.6,N
37.59405,61.52705,312.2,0.59,0.53,2026-08-26,2229,N20,nominal,2.0NRT,292.81,2.61,N
37.58612,61.5592,302.16,0.59,0.53,2026-08-26,2229,N20,nominal,2.0NRT,292.1,1.02,N
37.58146,61.55737,311.07,0.59,0.53,2026-08-26,2229,N20,nominal,2.0NRT,291.87,1.02,N
37.49852,61.84914,311.51,0.62,0.54,2026-08-26,2229,N20,nominal,2.0NRT,293.12,1.75,N
38.2557,58.38873,310.09,0.39,0.44,2026-08-26,2229,N20,nominal,2.0NRT,295.19,2.65,N
38.21971,57.99012,304.7,0.57,0.43,2026-08-26,2229,N20,nominal,2.0NRT,293.12,1.17,N
38.19584,58.10332,305.61,0.38,0.43,2026-08-26,2229,N20,nominal,2.0NRT,292.18,0.59,N
37.63275,60.34034,306.45,0.51,0.49,2026-08-26,2229,N20,nominal,2.0NRT,291.34,1.06,N
37.11737,62.36284,342.17,0.34,0.56,2026-08-26,2229,N20,nominal,2.0NRT,293.78,4.03,N
37.11644,62.36645,321.92,0.34,0.56,2026-08-26,2229,N20,nominal,2.0NRT,291.24,4.03,N
37.35004,61.36243,301.41,0.59,0.53,2026-08-26,2229,N20,nominal,2.0NRT,289.77,1.12,N
38.85379,54.23333,315.28,0.41,0.37,2026-08-26,2229,N20,nominal,2.0NRT,296.46,0.88,N
38.85336,54.23091,311.63,0.41,0.37,2026-08-26,2229,N20,nominal,2.0NRT,295.98,0.93,N
37.35035,61.36218,301.85,0.59,0.53,2026-08-26,2229,N20,nominal,2.0NRT,289.45,0.99,N
38.05888,58.16774,305.1,0.39,0.44,2026-08-26,2229,N20,nominal,2.0NRT,294.24,0.76,N
37.03463,62.41834,324.87,0.34,0.56,2026-08-26,2229,N20,nominal,2.0NRT,292.76,2.91,N
37.03369,62.42201,308.68,0.34,0.56,2026-08-26,2229,N20,nominal,2.0NRT,292.66,2.91,N
37.94383,58.56361,308.49,0.41,0.45,2026-08-26,2229,N20,nominal,2.0NRT,293.73,1.14,N
38.67949,54.31364,324.86,0.41,0.37,2026-08-26,2229,N20,nominal,2.0NRT,296.27,1.11,N
38.65009,54.28083,330.04,0.41,0.37,2026-08-26,2229,N20,nominal,2.0NRT,299.04,3.77,N
37.82929,58.38349,311.49,0.4,0.44,2026-08-26,2229,N20,nominal,2.0NRT,293.55,0.97,N
37.2187,60.02391,312.27,0.5,0.49,2026-08-26,2229,N20,nominal,2.0NRT,291.96,1.14,N
37.21635,60.02311,310.13,0.5,0.49,2026-08-26,2229,N20,nominal,2.0NRT,290.41,2.02,N
37.33919,58.04692,298.67,0.4,0.44,2026-08-26,2229,N20,nominal,2.0NRT,288.2,1.46,N
36.47837,61.62624,305.62,0.32,0.54,2026-08-26,2229,N20,nominal,2.0NRT,291.28,2,N
36.47784,59.74625,300.7,0.51,0.49,2026-08-26,2229,N20,nominal,2.0NRT,290.05,0.68,N
36.49411,59.33253,300.51,0.48,0.48,2026-08-26,2229,N20,nominal,2.0NRT,288.33,0.76,N
36.99155,56.2304,301.55,0.5,0.41,2026-08-26,2229,N20,nominal,2.0NRT,289.93,0.75,N
36.9465,54.88851,314.73,0.44,0.39,2026-08-26,2229,N20,nominal,2.0NRT,294.77,2.31,N
35.90191,59.02394,298.8,0.48,0.48,2026-08-26,2229,N20,nominal,2.0NRT,288.39,0.2,N
35.36633,59.30655,301.89,0.51,0.49,2026-08-26,2231,N20,nominal,2.0NRT,287.54,0.48,N
36.29816,54.78569,312.51,0.45,0.39,2026-08-26,2231,N20,nominal,2.0NRT,293.35,0.88,N
33.75327,59.14541,309.72,0.54,0.51,2026-08-26,2231,N20,nominal,2.0NRT,287.79,1.57,N
33.75299,59.1495,303.25,0.54,0.51,2026-08-26,2231,N20,nominal,2.0NRT,287.79,1.36,N
32.9243,60.23375,302.2,0.33,0.55,2026-08-26,2231,N20,nominal,2.0NRT,291.93,0.81,N
33.04128,56.84856,316.38,0.42,0.45,2026-08-26,2231,N20,nominal,2.0NRT,296.74,1.94,N
32.33516,54.08753,309.91,0.48,0.4,2026-08-26,2231,N20,nominal,2.0NRT,292.91,1.6,N
31.62273,54.74233,306.44,0.52,0.42,2026-08-26,2231,N20,nominal,2.0NRT,294.37,1.37,N
31.62218,54.72534,311.37,0.52,0.42,2026-08-26,2231,N20,nominal,2.0NRT,293.73,1.94,N
39.88691,66.31161,304.01,0.45,0.63,2026-08-26,2231,N20,nominal,2.0NRT,286.45,0.79,N
39.85586,66.19913,303.5,0.45,0.63,2026-08-26,2231,N20,nominal,2.0NRT,289.91,0.97,N
39.18344,65.3113,300.71,0.42,0.61,2026-08-26,2231,N20,nominal,2.0NRT,290.61,0.83,N
38.68299,65.98733,311.13,0.47,0.64,2026-08-26,2231,N20,nominal,2.0NRT,290.36,1.54,N
38.68415,65.98489,303.4,0.47,0.64,2026-08-26,2231,N20,nominal,2.0NRT,288.43,1.72,N
39.33958,63.23746,302.48,0.33,0.55,2026-08-26,2231,N20,nominal,2.0NRT,291.7,0.52,N
30.76063,56.66064,311.83,0.46,0.47,2026-08-26,2231,N20,nominal,2.0NRT,291.57,1.44,N
39.33988,63.23828,303.22,0.33,0.55,2026-08-26,2231,N20,nominal,2.0NRT,291.59,0.57,N
30.75737,56.65497,302.1,0.46,0.47,2026-08-26,2231,N20,nominal,2.0NRT,292.07,1.44,N
38.55012,65.94826,302.11,0.47,0.64,2026-08-26,2231,N20,nominal,2.0NRT,291.27,0.84,N
30.7564,56.65954,317.18,0.46,0.47,2026-08-26,2231,N20,nominal,2.0NRT,292.64,1.44,N
39.30665,62.97409,301.56,0.32,0.54,2026-08-26,2231,N20,nominal,2.0NRT,291.28,1.32,N
39.28256,63.04621,310.37,0.32,0.55,2026-08-26,2231,N20,nominal,2.0NRT,290.43,0.76,N
39.28197,63.04569,310.21,0.32,0.55,2026-08-26,2231,N20,nominal,2.0NRT,290.28,0.8,N
30.66685,56.61928,307.71,0.45,0.47,2026-08-26,2231,N20,nominal,2.0NRT,289.6,1.51,N
39.1581,63.31837,306.56,0.33,0.56,2026-08-26,2231,N20,nominal,2.0NRT,289.2,0.76,N
30.66766,56.62209,306.4,0.46,0.47,2026-08-26,2231,N20,nominal,2.0NRT,290,1.12,N
39.16949,63.2538,316.19,0.33,0.55,2026-08-26,2231,N20,nominal,2.0NRT,290.94,1.42,N
39.16854,63.25745,302.98,0.33,0.55,2026-08-26,2231,N20,nominal,2.0NRT,291.3,1.29,N
39.16272,63.25904,302.56,0.33,0.55,2026-08-26,2231,N20,nominal,2.0NRT,290.14,0.61,N
38.45347,65.80276,308.1,0.47,0.64,2026-08-26,2231,N20,nominal,2.0NRT,289.6,0.98,N
39.12885,63.30579,302.38,0.33,0.56,2026-08-26,2231,N20,nominal,2.0NRT,289.15,0.83,N
39.01796,63.7042,307.59,0.35,0.57,2026-08-26,2231,N20,nominal,2.0NRT,291.65,0.63,N
39.05431,63.44347,307.45,0.34,0.56,2026-08-26,2231,N20,nominal,2.0NRT,289.07,0.62,N
39.05691,63.44341,303.25,0.34,0.56,2026-08-26,2231,N20,nominal,2.0NRT,288.35,0.72,N
38.95372,63.75347,302.16,0.36,0.57,2026-08-26,2231,N20,nominal,2.0NRT,291.95,0.41,N
39.00561,63.53499,298.14,0.35,0.56,2026-08-26,2231,N20,nominal,2.0NRT,287.71,0.4,N
38.97437,63.65399,301.45,0.35,0.57,2026-08-26,2231,N20,nominal,2.0NRT,291.03,0.34,N
38.96416,63.69275,305.21,0.35,0.57,2026-08-26,2231,N20,nominal,2.0NRT,290.48,0.69,N
29.4781,60.80698,305.33,0.42,0.61,2026-08-26,2231,N20,nominal,2.0NRT,289.84,0.82,N
38.98662,63.58636,301.86,0.35,0.57,2026-08-26,2231,N20,nominal,2.0NRT,290.5,0.34,N
38.97416,63.46638,301.85,0.34,0.56,2026-08-26,2231,N20,nominal,2.0NRT,290.95,0.81,N
39.97453,58.93584,309.16,0.39,0.44,2026-08-26,2231,N20,nominal,2.0NRT,291.53,0.94,N
38.6515,63.98013,303.29,0.37,0.58,2026-08-26,2231,N20,nominal,2.0NRT,290.65,0.57,N
30.23511,56.90833,314.36,0.48,0.48,2026-08-26,2231,N20,nominal,2.0NRT,291.6,2.39,N
30.37118,56.12625,308.28,0.43,0.46,2026-08-26,2231,N20,nominal,2.0NRT,289.85,1.87,N
30.38105,55.86242,303.46,0.42,0.45,2026-08-26,2231,N20,nominal,2.0NRT,290.06,0.56,N
30.32387,55.97224,313.32,0.43,0.46,2026-08-26,2231,N20,nominal,2.0NRT,290.82,1.01,N
29.92875,56.73256,312.65,0.48,0.48,2026-08-26,2231,N20,nominal,2.0NRT,291.16,2.88,N
30.08221,55.39978,332.74,0.4,0.44,2026-08-26,2231,N20,nominal,2.0NRT,292.84,2.79,N
29.98823,55.85174,337.84,0.43,0.46,2026-08-26,2231,N20,nominal,2.0NRT,286.88,9.4,N
29.98728,55.85629,332.57,0.43,0.46,2026-08-26,2231,N20,nominal,2.0NRT,287.64,9.4,N
30.00885,55.2011,303.78,0.39,0.44,2026-08-26,2231,N20,nominal,2.0NRT,288.23,0.79,N
29.99703,55.1979,299.97,0.39,0.44,2026-08-26,2231,N20,nominal,2.0NRT,289.19,0.8,N
29.81021,55.75261,301.63,0.42,0.45,2026-08-26,2231,N20,nominal,2.0NRT,288.72,0.59,N
29.15371,55.36746,310.74,0.41,0.45,2026-08-26,2231,N20,nominal,2.0NRT,292.27,1.35,N
29.20035,54.48324,297.72,0.56,0.43,2026-08-26,2231,N20,nominal,2.0NRT,285.93,0.73,N
27.42201,56.49908,312.03,0.52,0.5,2026-08-26,2233,N20,nominal,2.0NRT,299.05,1.77,N
27.30123,56.30098,314.08,0.51,0.49,2026-08-26,2233,N20,nominal,2.0NRT,299.16,2.22,N
27.1698,56.09635,320.23,0.5,0.49,2026-08-26,2233,N20,nominal,2.0NRT,300.61,2.03,N
27.16945,56.05489,343.75,0.49,0.49,2026-08-26,2233,N20,nominal,2.0NRT,301.4,5.62,N
27.15994,56.09896,338.32,0.5,0.49,2026-08-26,2233,N20,nominal,2.0NRT,301.16,3.84,N
27.15888,56.10386,311.86,0.5,0.49,2026-08-26,2233,N20,nominal,2.0NRT,299.97,3.84,N
27.14353,56.11029,312.56,0.5,0.49,2026-08-26,2233,N20,nominal,2.0NRT,300.14,1.34,N
27.16642,56.0526,319.47,0.5,0.49,2026-08-26,2233,N20,nominal,2.0NRT,300.78,2.16,N
25.97466,56.07061,318.41,0.52,0.5,2026-08-26,2233,N20,nominal,2.0NRT,303.35,1.96,N
25.96566,56.06828,317.88,0.52,0.5,2026-08-26,2233,N20,nominal,2.0NRT,303.17,1.44,N
25.55812,55.98532,315.22,0.53,0.5,2026-08-26,2233,N20,nominal,2.0NRT,302.48,2.1,N
25.30904,56.37104,316.67,0.56,0.52,2026-08-26,2233,N20,nominal,2.0NRT,299.81,1.94,N
24.99003,55.62481,328.36,0.52,0.5,2026-08-26,2233,N20,nominal,2.0NRT,301.66,2.42,N
24.50422,56.60549,328.95,0.61,0.53,2026-08-26,2233,N20,nominal,2.0NRT,301.2,5.43,N
24.50611,56.60485,327.45,0.61,0.53,2026-08-26,2233,N20,nominal,2.0NRT,300.43,4.38,N
24.00381,55.43839,311.17,0.52,0.5,2026-08-26,2233,N20,nominal,2.0NRT,300.92,2.16,N
24.00267,55.44073,313.5,0.53,0.5,2026-08-26,2233,N20,nominal,2.0NRT,301.84,2.52,N
23.19276,55.46496,310.12,0.55,0.51,2026-08-26,2233,N20,nominal,2.0NRT,299.4,3.66,N
23.18926,55.45861,321.2,0.55,0.51,2026-08-26,2233,N20,nominal,2.0NRT,300.28,5.03,N
23.31395,54.17883,324.23,0.45,0.47,2026-08-26,2233,N20,nominal,2.0NRT,301.37,2.05,N
23.30972,54.17783,316.91,0.45,0.47,2026-08-26,2233,N20,nominal,2.0NRT,301.21,1.47,N
23.28016,54.25788,322.8,0.46,0.47,2026-08-26,2233,N20,nominal,2.0NRT,302.02,1.71,N
22.92787,55.80405,321.93,0.58,0.52,2026-08-26,2233,N20,nominal,2.0NRT,298.91,2.89,N
22.92761,55.80398,321.29,0.58,0.52,2026-08-26,2233,N20,nominal,2.0NRT,298.8,3.21,N
22.87695,55.92673,326.19,0.59,0.53,2026-08-26,2233,N20,nominal,2.0NRT,299.57,4.83,N
22.87422,55.6128,332.45,0.57,0.52,2026-08-26,2233,N20,nominal,2.0NRT,298.69,3.12,N
22.87189,55.6156,322,0.57,0.52,2026-08-26,2233,N20,nominal,2.0NRT,298.26,2.26,N
22.78138,55.81263,310.16,0.59,0.53,2026-08-26,2233,N20,nominal,2.0NRT,299.29,1.47,N
22.40841,56.98915,330.53,0.35,0.57,2026-08-26,2233,N20,nominal,2.0NRT,297.31,1.97,N
22.32958,56.49022,310.94,0.33,0.55,2026-08-26,2233,N20,nominal,2.0NRT,291.45,1.86,N
22.29032,56.52617,309.38,0.33,0.55,2026-08-26,2233,N20,nominal,2.0NRT,295.29,2.71,N
21.93609,57.07094,326.34,0.37,0.58,2026-08-26,2233,N20,nominal,2.0NRT,295.43,1.55,N
21.93533,57.07441,308.08,0.37,0.58,2026-08-26,2233,N20,nominal,2.0NRT,295.63,1.55,N
21.89196,56.84724,319.32,0.36,0.57,2026-08-26,2233,N20,nominal,2.0NRT,297.07,1.57,N
21.83532,56.67935,317.43,0.35,0.57,2026-08-26,2233,N20,nominal,2.0NRT,296.59,0.98,N
21.33557,57.72317,304.44,0.41,0.61,2026-08-26,2233,N20,nominal,2.0NRT,292.68,0.74,N
21.3068,57.79886,305.76,0.42,0.61,2026-08-26,2233,N20,nominal,2.0NRT,292.29,0.63,N
21.31913,57.71909,303.09,0.41,0.61,2026-08-26,2233,N20,nominal,2.0NRT,292.12,0.96,N
21.31383,57.74239,313.54,0.42,0.61,2026-08-26,2233,N20,nominal,2.0NRT,292.33,1.75,N
21.31294,57.74631,314.79,0.42,0.61,2026-08-26,2233,N20,nominal,2.0NRT,292.28,1.4,N
21.31441,57.74257,314.43,0.42,0.61,2026-08-26,2233,N20,nominal,2.0NRT,292.31,1.88,N
21.31354,57.7465,317.1,0.42,0.61,2026-08-26,2233,N20,nominal,2.0NRT,292.28,1.77,N
21.30224,57.7978,310.39,0.42,0.61,2026-08-26,2233,N20,nominal,2.0NRT,292.6,0.87,N
21.33445,56.69679,367,0.36,0.57,2026-08-26,2233,N20,high,2.0NRT,297.63,4.69,N
21.33372,56.70014,319.52,0.36,0.57,2026-08-26,2233,N20,nominal,2.0NRT,296.98,4.69,N
21.41103,55.74382,311.02,0.62,0.54,2026-08-26,2233,N20,nominal,2.0NRT,297.73,10.01,N
21.40901,55.74218,310.66,0.62,0.54,2026-08-26,2233,N20,nominal,2.0NRT,297.8,8.57,N
21.0035,56.52979,321.82,0.35,0.57,2026-08-26,2233,N20,nominal,2.0NRT,296.59,2.13,N
21.00279,56.53312,327.74,0.35,0.57,2026-08-26,2233,N20,nominal,2.0NRT,297.43,2.13,N
20.37501,55.93539,328.02,0.33,0.56,2026-08-26,2233,N20,nominal,2.0NRT,296.81,1.39,N
20.37566,55.93227,313.08,0.33,0.56,2026-08-26,2233,N20,nominal,2.0NRT,296.49,1.39,N
20.39043,55.66283,330.51,0.32,0.55,2026-08-26,2233,N20,nominal,2.0NRT,297.22,2.4,N
20.38372,55.64561,320.6,0.32,0.55,2026-08-26,2235,N20,nominal,2.0NRT,296.27,1.77,N
20.21373,55.71213,317.89,0.32,0.55,2026-08-26,2235,N20,nominal,2.0NRT,296.08,0.97,N
20.21353,55.71204,322.1,0.32,0.55,2026-08-26,2235,N20,nominal,2.0NRT,296.2,1.19,N
20.02584,56.15018,307.46,0.35,0.57,2026-08-26,2235,N20,nominal,2.0NRT,295.04,0.45,N
18.56251,55.86691,310.33,0.36,0.57,2026-08-26,2235,N20,nominal,2.0NRT,294.08,1.09,N
18.32211,55.10593,345.31,0.32,0.55,2026-08-26,2235,N20,nominal,2.0NRT,298.29,2.03,N
18.32273,55.10293,307.52,0.32,0.55,2026-08-26,2235,N20,nominal,2.0NRT,296.09,2.03,N
18.0198,54.57121,351.65,0.6,0.53,2026-08-26,2235,N20,nominal,2.0NRT,297.54,10.4,N
18.01386,54.57572,338.26,0.61,0.53,2026-08-26,2235,N20,nominal,2.0NRT,299.99,13.13,N
18.01499,54.57011,315.46,0.6,0.53,2026-08-26,2235,N20,nominal,2.0NRT,296.88,10.4,N
19.35905,97.98763,328.39,0.41,0.45,2026-08-27,0622,N20,nominal,2.0NRT,291.04,3.68,D
24.00065,90.30868,333.25,0.5,0.66,2026-08-27,0625,N20,nominal,2.0NRT,286.68,4.91,D
26.38243,101.97488,330.42,0.38,0.36,2026-08-27,0625,N20,low,2.0NRT,305.05,3.51,D
26.56158,101.67825,334.4,0.38,0.36,2026-08-27,0625,N20,low,2.0NRT,309.16,7.55,D
26.56428,101.67381,336.01,0.38,0.36,2026-08-27,0625,N20,low,2.0NRT,309.7,4.18,D
26.56756,101.67319,337.18,0.38,0.36,2026-08-27,0625,N20,nominal,2.0NRT,306.46,4.18,D
26.62058,101.59635,334.2,0.38,0.36,2026-08-27,0625,N20,nominal,2.0NRT,303.58,5.19,D
28.49947,97.02498,328.87,0.49,0.4,2026-08-27,0625,N20,nominal,2.0NRT,293.15,4.28,D
28.51055,97.02303,332.8,0.49,0.4,2026-08-27,0625,N20,nominal,2.0NRT,293.99,5.7,D
6.63081,100.51948,339.76,0.45,0.47,2026-08-27,0620,N20,nominal,2.0NRT,296.22,11.89,D
8.07246,100.08889,367,0.46,0.47,2026-08-27,0620,N20,high,2.0NRT,297.62,13.26,D
8.07747,100.09227,340.34,0.46,0.47,2026-08-27,0620,N20,nominal,2.0NRT,297.15,8.57,D
8.07676,100.08817,332.97,0.46,0.47,2026-08-27,0620,N20,nominal,2.0NRT,296.78,7.97,D
9.48576,99.02519,341.56,0.51,0.5,2026-08-27,0622,N20,nominal,2.0NRT,289.55,8.75,D
14.27466,100.54334,331.69,0.52,0.41,2026-08-27,0622,N20,nominal,2.0NRT,290.27,4.72,D
14.28489,100.51203,332.39,0.52,0.42,2026-08-27,0622,N20,nominal,2.0NRT,287.74,4.61,D
14.32462,100.15456,330.54,0.55,0.42,2026-08-27,0622,N20,nominal,2.0NRT,295.38,18.46,D
14.43693,100.28934,333.42,0.53,0.42,2026-08-27,0622,N20,nominal,2.0NRT,291.17,7.01,D
14.43822,100.22837,342.11,0.54,0.42,2026-08-27,0622,N20,nominal,2.0NRT,294.97,6.42,D
14.46453,100.28935,336.8,0.53,0.42,2026-08-27,0622,N20,nominal,2.0NRT,293.37,5.67,D
14.49593,100.28867,333.13,0.53,0.42,2026-08-27,0622,N20,nominal,2.0NRT,291.21,4.58,D
14.49811,100.28592,335.7,0.53,0.42,2026-08-27,0622,N20,nominal,2.0NRT,290.94,7.84,D
14.51425,100.28803,331.8,0.53,0.42,2026-08-27,0622,N20,nominal,2.0NRT,289.65,5.42,D
14.50605,100.05983,333.03,0.55,0.43,2026-08-27,0622,N20,nominal,2.0NRT,295.17,4.41,D
14.66177,100.19279,336.02,0.54,0.42,2026-08-27,0622,N20,nominal,2.0NRT,293.71,3.37,D
14.86263,100.5252,337.72,0.51,0.41,2026-08-27,0622,N20,nominal,2.0NRT,291.23,13.97,D
15.0196,100.08597,336.33,0.54,0.42,2026-08-27,0622,N20,nominal,2.0NRT,286.19,3.63,D
15.05597,100.22546,335.93,0.53,0.42,2026-08-27,0622,N20,nominal,2.0NRT,292.03,4.44,D
15.11581,100.09368,335.16,0.54,0.42,2026-08-27,0622,N20,nominal,2.0NRT,281.29,4.97,D
15.11777,100.09103,338.58,0.54,0.42,2026-08-27,0622,N20,nominal,2.0NRT,281.79,5.3,D
15.19759,100.18716,333.04,0.53,0.42,2026-08-27,0622,N20,nominal,2.0NRT,288.82,3.65,D
15.25132,100.15725,332.79,0.53,0.42,2026-08-27,0622,N20,nominal,2.0NRT,288.71,1.87,D
15.23579,100.14229,330.28,0.53,0.42,2026-08-27,0622,N20,nominal,2.0NRT,290.09,2.89,D
15.25359,100.15408,338.73,0.53,0.42,2026-08-27,0622,N20,nominal,2.0NRT,288.77,5.54,D
15.26409,100.10188,335.09,0.53,0.42,2026-08-27,0622,N20,nominal,2.0NRT,289.07,9.25,D
16.04121,100.36806,345.47,0.5,0.41,2026-08-27,0622,N20,nominal,2.0NRT,291.98,13,D
16.03954,100.37054,332.8,0.5,0.41,2026-08-27,0622,N20,low,2.0NRT,290.15,8.18,D
16.04244,100.36522,332.24,0.5,0.41,2026-08-27,0622,N20,low,2.0NRT,290.68,7.21,D
16.19253,100.02286,332.6,0.52,0.42,2026-08-27,0622,N20,nominal,2.0NRT,290.92,3.69,D
16.20638,99.90292,332.7,0.53,0.42,2026-08-27,0622,N20,nominal,2.0NRT,287.54,2.94,D
16.40704,100.07149,340.45,0.51,0.41,2026-08-27,0622,N20,nominal,2.0NRT,292.16,5,D
16.55736,100.19275,329.7,0.5,0.41,2026-08-27,0622,N20,nominal,2.0NRT,286.73,4.18,D
17.11569,100.06911,335.19,0.5,0.41,2026-08-27,0625,N20,low,2.0NRT,292.26,10.94,D
17.20669,100.01046,331.33,0.51,0.41,2026-08-27,0625,N20,low,2.0NRT,291.78,10.92,D
7.69086,81.6126,330.97,0.39,0.36,2026-08-27,0803,N20,nominal,2.0NRT,294.26,2.22,D
7.58183,80.84846,335.67,0.38,0.36,2026-08-27,0803,N20,nominal,2.0NRT,297.44,4.66,D
7.79438,81.55692,340.14,0.39,0.36,2026-08-27,0803,N20,nominal,2.0NRT,302.9,7.89,D
7.77998,81.41646,336.76,0.39,0.36,2026-08-27,0803,N20,nominal,2.0NRT,301.29,2.58,D
7.77945,81.41298,336.78,0.39,0.36,2026-08-27,0803,N20,nominal,2.0NRT,303.68,2.58,D
7.78276,81.41248,346.07,0.39,0.36,2026-08-27,0803,N20,nominal,2.0NRT,302.62,10.06,D
7.7792,80.71798,331.68,0.38,0.36,2026-08-27,0803,N20,nominal,2.0NRT,295.7,4.18,D
7.89037,81.42777,338.27,0.39,0.36,2026-08-27,0803,N20,nominal,2.0NRT,304.56,3.48,D
7.90572,81.4397,347.99,0.39,0.36,2026-08-27,0803,N20,nominal,2.0NRT,305.63,9.96,D
7.92814,81.38641,339.35,0.39,0.36,2026-08-27,0803,N20,nominal,2.0NRT,303.75,3.44,D
7.93423,81.38191,335.39,0.39,0.36,2026-08-27,0803,N20,nominal,2.0NRT,304.3,3.47,D
7.99497,81.44678,336.87,0.39,0.36,2026-08-27,0803,N20,nominal,2.0NRT,303.65,2.31,D
8.07855,81.34753,347.57,0.39,0.36,2026-08-27,0803,N20,nominal,2.0NRT,304.24,5.76,D
8.1266,81.32954,332.51,0.39,0.36,2026-08-27,0803,N20,low,2.0NRT,303.55,2.35,D
7.99843,80.3773,333.38,0.39,0.36,2026-08-27,0803,N20,nominal,2.0NRT,290.04,2.58,D
8.00174,80.37679,330.92,0.39,0.36,2026-08-27,0803,N20,nominal,2.0NRT,287.19,2.58,D
8.15307,81.32552,336.44,0.39,0.36,2026-08-27,0803,N20,nominal,2.0NRT,301.16,5.7,D
8.16075,81.33147,332.99,0.39,0.36,2026-08-27,0803,N20,nominal,2.0NRT,301.94,2.18,D
8.15969,81.32451,338.73,0.39,0.36,2026-08-27,0803,N20,nominal,2.0NRT,301.58,5.72,D
8.18756,81.21635,338.58,0.39,0.36,2026-08-27,0803,N20,nominal,2.0NRT,302.12,3.74,D
8.37496,80.5052,334.35,0.38,0.36,2026-08-27,0803,N20,nominal,2.0NRT,299.22,3.16,D
8.89727,80.48201,340.98,0.38,0.36,2026-08-27,0803,N20,nominal,2.0NRT,301.5,9.27,D
8.95087,77.90591,336.68,0.44,0.38,2026-08-27,0803,N20,low,2.0NRT,302.71,2.82,D
9.45227,80.48818,340.55,0.38,0.36,2026-08-27,0803,N20,nominal,2.0NRT,301.48,3.08,D
9.46229,80.46529,332.31,0.38,0.36,2026-08-27,0803,N20,low,2.0NRT,302.43,0.91,D
9.12931,77.84509,337.52,0.44,0.39,2026-08-27,0803,N20,low,2.0NRT,305.71,5.56,D
9.23964,77.81049,339.38,0.44,0.39,2026-08-27,0803,N20,low,2.0NRT,303.83,8.89,D
9.27336,77.94791,337.78,0.44,0.38,2026-08-27,0803,N20,low,2.0NRT,304.71,10.83,D
9.9415,78.59012,334.4,0.41,0.37,2026-08-27,0803,N20,nominal,2.0NRT,301.16,2.2,D
9.82798,77.77052,338.56,0.44,0.38,2026-08-27,0803,N20,low,2.0NRT,302.91,6.26,D
11.03126,77.58949,337.59,0.43,0.38,2026-08-27,0803,N20,nominal,2.0NRT,302.98,4.28,D
11.03474,77.58891,337.28,0.43,0.38,2026-08-27,0803,N20,nominal,2.0NRT,302.23,4.86,D
11.70355,78.596,334.69,0.4,0.37,2026-08-27,0805,N20,low,2.0NRT,301.31,6.34,D
12.05728,79.84831,333.91,0.38,0.36,2026-08-27,0805,N20,nominal,2.0NRT,298.98,2.33,D
12.1972,79.71706,332.4,0.38,0.36,2026-08-27,0805,N20,nominal,2.0NRT,296.25,2.8,D
12.09427,77.76483,335.49,0.42,0.38,2026-08-27,0805,N20,low,2.0NRT,302.06,9.48,D
12.29649,78.82146,334.91,0.39,0.36,2026-08-27,0805,N20,nominal,2.0NRT,300.14,3.56,D
15.81279,79.73833,335.02,0.39,0.36,2026-08-27,0805,N20,nominal,2.0NRT,289.59,3.1,D
17.36462,75.19918,335.39,0.47,0.4,2026-08-27,0805,N20,low,2.0NRT,305.04,8.72,D
20.79426,85.25369,341.39,0.53,0.5,2026-08-27,0807,N20,nominal,2.0NRT,289.95,9.18,D
20.79344,85.25465,352.45,0.53,0.5,2026-08-27,0807,N20,nominal,2.0NRT,289.7,11.97,D
20.96367,85.19029,330.49,0.53,0.5,2026-08-27,0807,N20,nominal,2.0NRT,291.14,6.6,D
20.96309,85.18516,332.56,0.53,0.5,2026-08-27,0807,N20,nominal,2.0NRT,291.41,9.71,D
22.7993,86.09131,332.6,0.32,0.54,2026-08-27,0805,N20,nominal,2.0NRT,290.28,2.85,D
26.6315,70.38902,341.86,0.41,0.45,2026-08-27,0807,N20,nominal,2.0NRT,300.88,6.8,D
27.72701,68.73575,339.62,0.49,0.48,2026-08-27,0807,N20,nominal,2.0NRT,304.63,5,D
27.73136,68.7346,343.99,0.49,0.48,2026-08-27,0807,N20,nominal,2.0NRT,302.44,5,D
28.05137,69.36835,332.37,0.44,0.46,2026-08-27,0807,N20,low,2.0NRT,305.93,4.2,D
31.07058,74.00562,334.77,0.39,0.36,2026-08-27,0807,N20,nominal,2.0NRT,303.73,7.28,D
31.58428,75.88541,336.5,0.39,0.36,2026-08-27,0807,N20,nominal,2.0NRT,299.75,7.07,D
35.52793,68.23533,335.11,0.55,0.43,2026-08-27,0809,N20,low,2.0NRT,308.17,1.68,D
34.40522,62.15175,343.28,0.41,0.61,2026-08-27,0809,N20,nominal,2.0NRT,315.05,3.91,D
39.18051,83.71693,342.26,0.34,0.56,2026-08-27,0809,N20,low,2.0NRT,313.18,0.76,D
39.42707,76.07413,333.86,0.44,0.39,2026-08-27,0809,N20,low,2.0NRT,308.23,2.43,D
37.03021,62.41973,354.12,0.34,0.56,2026-08-27,0809,N20,nominal,2.0NRT,318.57,13.08,D
37.05717,60.93596,344.67,0.41,0.6,2026-08-27,0809,N20,nominal,2.0NRT,312.51,5.69,D
37.09534,60.66145,348.51,0.42,0.61,2026-08-27,0809,N20,nominal,2.0NRT,315.37,13.64,D
37.10209,60.59823,341.95,0.42,0.61,2026-08-27,0809,N20,nominal,2.0NRT,313.58,2.11,D
37.44687,59.87453,367,0.45,0.63,2026-08-27,0809,N20,high,2.0NRT,312.69,12.2,D
37.43365,59.71598,367,0.46,0.64,2026-08-27,0809,N20,high,2.0NRT,322.32,23.17,D
37.43228,59.71105,352.36,0.46,0.64,2026-08-27,0809,N20,nominal,2.0NRT,313.48,23.17,D
38.26178,61.34846,367,0.36,0.57,2026-08-27,0811,N20,high,2.0NRT,320.69,22,D
38.26076,61.34453,367,0.36,0.57,2026-08-27,0811,N20,low,2.0NRT,330.06,22,D
38.26172,61.34686,367,0.36,0.57,2026-08-27,0811,N20,high,2.0NRT,326.69,58.91,D
38.26572,61.34082,354.07,0.36,0.57,2026-08-27,0811,N20,nominal,2.0NRT,322.84,17.03,D
39.79936,64.96303,351.79,0.43,0.46,2026-08-27,0811,N20,nominal,2.0NRT,320.14,14.64,D
38.69073,57.00125,336.14,0.59,0.7,2026-08-27,0811,N20,nominal,2.0NRT,304.03,3.99,D
38.96357,56.40823,351.84,0.62,0.71,2026-08-27,0811,N20,nominal,2.0NRT,303.32,7.42,D
38.96344,56.40551,352.81,0.62,0.71,2026-08-27,0811,N20,nominal,2.0NRT,302.71,4.4,D
24.50421,56.61052,342.74,0.56,0.43,2026-08-27,0947,N20,low,2.0NRT,314.09,21.44,D
24.50341,56.60886,349.07,0.56,0.43,2026-08-27,0947,N20,nominal,2.0NRT,314.88,28.05,D
24.51068,54.01973,335.52,0.43,0.38,2026-08-27,0947,N20,nominal,2.0NRT,305.9,2.77,D
27.16013,56.09834,339.59,0.57,0.43,2026-08-27,0947,N20,low,2.0NRT,313.14,20.1,D
27.16744,56.05674,347.09,0.56,0.43,2026-08-27,0947,N20,nominal,2.0NRT,314.73,23.04,D
27.23891,56.18624,346.38,0.57,0.43,2026-08-27,0947,N20,nominal,2.0NRT,315.48,18.34,D
29.98659,55.85558,355.64,0.4,0.44,2026-08-27,0949,N20,nominal,2.0NRT,318.63,11.62,D
37.18941,59.84451,347.25,0.4,0.6,2026-08-27,0952,N20,nominal,2.0NRT,316.16,3.99,D
36.97791,54.45495,339.34,0.4,0.44,2026-08-27,0952,N20,nominal,2.0NRT,299.36,3.35,D
37.4628,60.40835,367,0.43,0.62,2026-08-27,0952,N20,high,2.0NRT,313.63,12.69,D
37.43152,59.71484,355.81,0.39,0.6,2026-08-27,0952,N20,nominal,2.0NRT,323.47,30.26,D
37.20479,55.08329,345.8,0.44,0.46,2026-08-27,0952,N20,nominal,2.0NRT,301.49,2.98,D
37.911,59.08887,344.93,0.37,0.58,2026-08-27,0952,N20,low,2.0NRT,317.17,4.93,D
38.26227,61.34643,367,0.49,0.65,2026-08-27,0952,N20,high,2.0NRT,320.34,13.04,D
38.26273,61.35784,348.15,0.49,0.65,2026-08-27,0952,N20,nominal,2.0NRT,317.33,8.62,D
38.2625,61.35214,346.91,0.49,0.65,2026-08-27,0952,N20,nominal,2.0NRT,318.02,8.62,D
38.26204,61.34073,356.12,0.49,0.65,2026-08-27,0952,N20,nominal,2.0NRT,322.58,13.04,D
38.2577,61.34546,346.2,0.49,0.65,2026-08-27,0952,N20,nominal,2.0NRT,320.43,14.03,D
38.26376,61.34513,367,0.49,0.65,2026-08-27,0952,N20,high,2.0NRT,319.43,14.03,D
38.26416,61.35657,356.19,0.49,0.65,2026-08-27,0952,N20,nominal,2.0NRT,318.02,12.89,D
38.26356,61.33944,355.6,0.49,0.65,2026-08-27,0952,N20,nominal,2.0NRT,320.42,15.96,D
38.64827,54.28271,349.68,0.41,0.45,2026-08-27,0952,N20,nominal,2.0NRT,313.38,3.71,D
38.68076,54.31637,348.57,0.41,0.45,2026-08-27,0952,N20,nominal,2.0NRT,314.58,3.71,D
38.96431,56.39914,367,0.54,0.5,2026-08-27,0952,N20,high,2.0NRT,312.8,9.52,D
18.02029,54.5745,340.84,0.4,0.37,2026-08-27,0945,N20,low,2.0NRT,315.49,11.66,D
18.32024,55.10525,347.07,0.41,0.37,2026-08-27,0945,N20,low,2.0NRT,321.67,3.66,D
19.26679,56.17623,344.68,0.47,0.39,2026-08-27,0945,N20,low,2.0NRT,318.3,0.55,D
20.22339,55.74119,345.7,0.45,0.39,2026-08-27,0945,N20,low,2.0NRT,318.6,0.99,D
20.37574,55.93465,349.22,0.47,0.39,2026-08-27,0945,N20,nominal,2.0NRT,318.15,2.73,D
20.38452,55.64766,346.43,0.45,0.39,2026-08-27,0945,N20,low,2.0NRT,319.68,1.4,D
21.00145,56.531,347.46,0.51,0.41,2026-08-27,0945,N20,low,2.0NRT,320.72,6.71,D
21.30133,57.80089,344.48,0.4,0.44,2026-08-27,0945,N20,low,2.0NRT,317.29,0.72,D
21.31091,57.745,349.42,0.4,0.44,2026-08-27,0945,N20,low,2.0NRT,320.66,3.89,D
21.31156,57.74754,347.43,0.4,0.44,2026-08-27,0945,N20,low,2.0NRT,319.95,1.95,D
21.31111,57.7437,345.72,0.4,0.44,2026-08-27,0945,N20,low,2.0NRT,320.29,1.95,D
21.31696,57.72354,343.82,0.4,0.44,2026-08-27,0945,N20,low,2.0NRT,318.61,1.97,D
21.33361,57.72511,346.94,0.4,0.44,2026-08-27,0945,N20,low,2.0NRT,320.87,1.73,D
21.40903,55.74334,348.01,0.47,0.4,2026-08-27,0945,N20,low,2.0NRT,319.27,3.34,D
21.93678,57.07541,345.08,0.55,0.43,2026-08-27,0947,N20,low,2.0NRT,319.97,3.88,D
22.32583,56.49162,346.26,0.52,0.42,2026-08-27,0947,N20,low,2.0NRT,321.18,3.04,D
22.40481,56.98887,344.11,0.56,0.43,2026-08-27,0947,N20,low,2.0NRT,319.1,2.1,D
22.3453,56.43528,347.64,0.52,0.41,2026-08-27,0947,N20,low,2.0NRT,321.9,8.22,D
22.44092,56.70209,348.04,0.54,0.42,2026-08-27,0947,N20,low,2.0NRT,321.37,20.98,D
22.87795,55.92826,352.31,0.49,0.41,2026-08-27,0947,N20,nominal,2.0NRT,320.18,8.26,D
23.18941,55.45736,350.46,0.47,0.4,2026-08-27,0947,N20,low,2.0NRT,323.93,4.7,D
12.70711,101.14141,300.49,0.39,0.36,2026-08-27,1856,N20,nominal,2.0NRT,274.28,0.52,N
39.80992,98.29697,303.54,0.57,0.52,2026-08-27,1847,N20,nominal,2.0NRT,283.69,1.55,N
39.80958,98.29634,301.63,0.57,0.52,2026-08-27,1847,N20,nominal,2.0NRT,283.77,1.41,N
7.86289,100.08949,308.71,0.39,0.36,2026-08-27,1858,N20,nominal,2.0NRT,291.15,0.66,N
26.60693,101.60481,308.77,0.42,0.38,2026-08-27,1851,N20,nominal,2.0NRT,291.72,1.47,N
26.57759,101.66364,340.66,0.42,0.38,2026-08-27,1851,N20,nominal,2.0NRT,291.99,7.49,N
26.57639,101.67229,307.51,0.42,0.38,2026-08-27,1851,N20,nominal,2.0NRT,290.59,2.65,N
26.56956,101.67086,316.51,0.42,0.38,2026-08-27,1851,N20,nominal,2.0NRT,291.56,2.72,N
26.56555,101.67442,313.83,0.42,0.38,2026-08-27,1851,N20,nominal,2.0NRT,293.08,1.6,N
26.56496,101.67866,310.94,0.42,0.38,2026-08-27,1851,N20,nominal,2.0NRT,292.03,1.6,N
26.56155,101.67796,303.93,0.42,0.38,2026-08-27,1851,N20,nominal,2.0NRT,288.84,1.6,N
25.53228,100.57476,299.76,0.45,0.39,2026-08-27,1851,N20,nominal,2.0NRT,288.4,0.76,N
25.06669,101.56809,305.73,0.41,0.37,2026-08-27,1851,N20,nominal,2.0NRT,287.08,1.16,N
17.37144,77.44598,308.66,0.39,0.36,2026-08-27,2036,N20,nominal,2.0NRT,292.75,0.9,N
17.14186,77.1844,313.21,0.39,0.36,2026-08-27,2036,N20,nominal,2.0NRT,292.77,1.4,N
38.39864,69.11177,304.11,0.44,0.62,2026-08-27,2029,N20,nominal,2.0NRT,292.5,0.75,N
17.13972,77.17654,308.27,0.39,0.36,2026-08-27,2036,N20,nominal,2.0NRT,292.26,1.22,N
37.30505,77.71818,299.09,0.46,0.39,2026-08-27,2029,N20,nominal,2.0NRT,282.87,0.92,N
17.06305,76.97786,312.97,0.39,0.36,2026-08-27,2036,N20,nominal,2.0NRT,291.9,1.5,N
15.84508,79.77524,311.52,0.49,0.41,2026-08-27,2036,N20,nominal,2.0NRT,291.09,1.2,N
38.10766,65.47974,300.49,0.69,0.75,2026-08-27,2029,N20,nominal,2.0NRT,288.84,1.06,N
15.84314,79.77197,313.9,0.49,0.41,2026-08-27,2036,N20,nominal,2.0NRT,290.13,1.41,N
38.05554,67.26022,350.53,0.56,0.68,2026-08-27,2029,N20,nominal,2.0NRT,291.25,6.95,N
16.65075,74.31296,303.68,0.41,0.37,2026-08-27,2036,N20,nominal,2.0NRT,289.91,1.22,N
38.04921,67.25947,342.5,0.56,0.68,2026-08-27,2029,N20,nominal,2.0NRT,290.91,6.25,N
15.99172,78.39793,311.61,0.43,0.38,2026-08-27,2036,N20,nominal,2.0NRT,291.91,2.61,N
35.9672,68.68427,307.11,0.45,0.63,2026-08-27,2032,N20,nominal,2.0NRT,293.41,1.08,N
15.93414,78.26305,311.11,0.42,0.38,2026-08-27,2036,N20,nominal,2.0NRT,292.98,2.6,N
35.78201,71.34005,304,0.63,0.54,2026-08-27,2032,N20,nominal,2.0NRT,283.61,1.65,N
15.33814,76.27811,331.25,0.39,0.36,2026-08-27,2036,N20,nominal,2.0NRT,291.87,3.12,N
33.29906,71.18397,306.52,0.6,0.53,2026-08-27,2032,N20,nominal,2.0NRT,295.3,0.86,N
15.3337,76.28465,314.4,0.39,0.36,2026-08-27,2036,N20,nominal,2.0NRT,291.46,0.98,N
32.89027,71.61696,310.28,0.56,0.52,2026-08-27,2032,N20,nominal,2.0NRT,298.13,4.33,N
15.18383,76.66673,310.39,0.39,0.36,2026-08-27,2036,N20,nominal,2.0NRT,272.53,2.11,N
15.17896,76.65481,304.88,0.39,0.36,2026-08-27,2036,N20,nominal,2.0NRT,280.47,1.3,N
15.17837,76.6584,305.75,0.39,0.36,2026-08-27,2036,N20,nominal,2.0NRT,281.15,1.42,N
32.57524,72.56094,309.93,0.49,0.49,2026-08-27,2032,N20,nominal,2.0NRT,296.78,3.78,N
15.17311,76.69072,304.56,0.39,0.36,2026-08-27,2036,N20,nominal,2.0NRT,262.63,1.07,N
32.57745,72.56151,309.4,0.49,0.49,2026-08-27,2032,N20,nominal,2.0NRT,296.91,3.46,N
15.17565,76.65424,313.9,0.39,0.36,2026-08-27,2036,N20,nominal,2.0NRT,276.75,1.3,N
32.10194,74.17519,310.2,0.4,0.44,2026-08-27,2032,N20,nominal,2.0NRT,296.27,1.04,N
15.17506,76.65783,308.19,0.39,0.36,2026-08-27,2036,N20,nominal,2.0NRT,279.7,1.42,N
29.91374,74.95001,317.18,0.51,0.41,2026-08-27,2032,N20,nominal,2.0NRT,296.17,15.45,N
15.16954,76.67191,312.8,0.39,0.36,2026-08-27,2036,N20,nominal,2.0NRT,288.34,2.47,N
29.90996,74.94939,349.11,0.51,0.41,2026-08-27,2032,N20,nominal,2.0NRT,300.01,15.45,N
15.16878,76.38122,305.46,0.39,0.36,2026-08-27,2036,N20,nominal,2.0NRT,285.14,1.21,N
29.91061,74.94411,315.32,0.51,0.41,2026-08-27,2032,N20,nominal,2.0NRT,294.79,15.45,N
13.82722,79.25863,311.67,0.49,0.41,2026-08-27,2036,N20,nominal,2.0NRT,291.84,1.24,N
29.90931,74.95467,310.35,0.51,0.41,2026-08-27,2032,N20,nominal,2.0NRT,296.01,2.55,N
13.39423,80.09978,310.06,0.56,0.43,2026-08-27,2036,N20,nominal,2.0NRT,294.26,1.02,N
29.90619,74.94877,309.91,0.51,0.41,2026-08-27,2032,N20,nominal,2.0NRT,294.78,1.73,N
13.39338,80.10246,309.41,0.56,0.43,2026-08-27,2036,N20,nominal,2.0NRT,294.36,1.67,N
29.45695,76.86645,325,0.42,0.38,2026-08-27,2032,N20,nominal,2.0NRT,294.44,2.18,N
12.91795,77.42487,300.73,0.42,0.38,2026-08-27,2038,N20,nominal,2.0NRT,290.06,0.66,N
25.01756,92.04456,296.28,0.63,0.72,2026-08-27,2032,N20,nominal,2.0NRT,283.92,4.29,N
12.64644,77.78779,297.84,0.44,0.38,2026-08-27,2038,N20,nominal,2.0NRT,285.68,0.22,N
28.42546,69.69883,313.97,0.33,0.55,2026-08-27,2034,N20,nominal,2.0NRT,295.97,0.83,N
12.24076,78.06161,315.57,0.45,0.39,2026-08-27,2038,N20,nominal,2.0NRT,293.7,1.02,N
23.55796,87.23771,309.96,0.34,0.56,2026-08-27,2034,N20,nominal,2.0NRT,268.63,1.5,N
11.81844,77.91795,306.9,0.45,0.39,2026-08-27,2038,N20,nominal,2.0NRT,280.05,0.67,N
23.56014,87.23705,302.58,0.34,0.56,2026-08-27,2034,N20,nominal,2.0NRT,268.41,0.64,N
11.81491,77.91734,307.82,0.45,0.39,2026-08-27,2038,N20,nominal,2.0NRT,281.99,1.2,N
23.55943,87.2403,303.16,0.34,0.56,2026-08-27,2034,N20,nominal,2.0NRT,268.87,0.64,N
11.81067,77.92082,315.05,0.45,0.39,2026-08-27,2038,N20,nominal,2.0NRT,281.52,0.98,N
23.56168,87.08423,296.94,0.33,0.56,2026-08-27,2034,N20,nominal,2.0NRT,264.64,0.31,N
11.80997,77.92491,298.4,0.45,0.39,2026-08-27,2038,N20,nominal,2.0NRT,278.41,0.98,N
25.94402,72.18896,306.37,0.43,0.46,2026-08-27,2034,N20,nominal,2.0NRT,291.48,1.26,N
26.095,68.87718,306.59,0.35,0.56,2026-08-27,2034,N20,nominal,2.0NRT,294.98,0.57,N
11.26873,80.00504,316.33,0.39,0.44,2026-08-27,2038,N20,nominal,2.0NRT,290.58,1.49,N
22.37985,87.27941,320.47,0.36,0.58,2026-08-27,2034,N20,nominal,2.0NRT,279.73,1.3,N
11.1818,79.10095,308.51,0.52,0.42,2026-08-27,2038,N20,nominal,2.0NRT,292.24,2.46,N
22.38062,87.27596,304,0.36,0.58,2026-08-27,2034,N20,nominal,2.0NRT,279.93,1.3,N
11.1106,77.76625,305.12,0.45,0.39,2026-08-27,2038,N20,nominal,2.0NRT,293.15,0.44,N
22.37007,87.29873,302.4,0.36,0.58,2026-08-27,2034,N20,nominal,2.0NRT,277.69,1.6,N
10.61681,77.42193,304.47,0.44,0.38,2026-08-27,2038,N20,nominal,2.0NRT,293.73,0.58,N
22.36412,87.30086,309.14,0.36,0.58,2026-08-27,2034,N20,nominal,2.0NRT,277.95,1.91,N
10.59377,77.43021,304.6,0.44,0.38,2026-08-27,2038,N20,nominal,2.0NRT,293.55,0.34,N
23.11632,70.08329,303.57,0.54,0.5,2026-08-27,2034,N20,nominal,2.0NRT,288.7,1.73,N
21.11086,72.63392,297.67,0.53,0.42,2026-08-27,2034,N20,nominal,2.0NRT,269.91,0.95,N
9.00222,80.67443,299.44,0.47,0.48,2026-08-27,2038,N20,nominal,2.0NRT,283.45,0.24,N
17.95691,80.79494,321.04,0.52,0.42,2026-08-27,2036,N20,nominal,2.0NRT,291.35,3.85,N
9.49392,77.62406,314.42,0.46,0.39,2026-08-27,2038,N20,nominal,2.0NRT,287.72,1.32,N
17.9587,80.7852,305.22,0.52,0.42,2026-08-27,2036,N20,nominal,2.0NRT,290.86,1.44,N
17.95781,80.79008,305.78,0.52,0.42,2026-08-27,2036,N20,nominal,2.0NRT,290.77,1.44,N
8.40881,80.75497,310.77,0.49,0.49,2026-08-27,2038,N20,nominal,2.0NRT,289.8,1.51,N
17.95779,80.79296,325.37,0.52,0.42,2026-08-27,2036,N20,nominal,2.0NRT,291.51,2.27,N
8.30496,77.64027,311.47,0.48,0.4,2026-08-27,2038,N20,nominal,2.0NRT,293.23,2.34,N
17.95866,80.7881,307.84,0.52,0.42,2026-08-27,2036,N20,nominal,2.0NRT,291.04,2.27,N
17.46451,80.65163,306.31,0.52,0.42,2026-08-27,2036,N20,nominal,2.0NRT,291.11,1.53,N
39.86256,98.25156,300.75,0.56,0.69,2026-08-27,2027,N20,nominal,2.0NRT,283.52,0.9,N
39.8433,98.26965,297.37,0.56,0.69,2026-08-27,2027,N20,nominal,2.0NRT,283.73,1.38,N
39.84138,98.27588,297.76,0.56,0.69,2026-08-27,2027,N20,nominal,2.0NRT,284.24,1.61,N
39.80829,98.33836,295.13,0.57,0.69,2026-08-27,2027,N20,nominal,2.0NRT,283.47,0.53,N
39.8161,98.2911,299.43,0.57,0.69,2026-08-27,2027,N20,nominal,2.0NRT,287.47,2.52,N
39.8107,98.29364,297.77,0.57,0.69,2026-08-27,2027,N20,nominal,2.0NRT,286.46,0.95,N
39.80878,98.29996,296.99,0.57,0.69,2026-08-27,2027,N20,nominal,2.0NRT,285.88,0.95,N
39.85269,66.20135,300.96,0.52,0.5,2026-08-27,2210,N20,nominal,2.0NRT,290.92,1.45,N
39.8455,63.16962,313.98,0.55,0.43,2026-08-27,2210,N20,nominal,2.0NRT,292.32,1.58,N
38.39644,69.11235,306.69,0.4,0.6,2026-08-27,2210,N20,nominal,2.0NRT,292.12,0.88,N
38.32428,68.98611,304.84,0.39,0.59,2026-08-27,2210,N20,nominal,2.0NRT,293.87,0.94,N
39.18337,65.31124,305.96,0.48,0.48,2026-08-27,2210,N20,nominal,2.0NRT,291.95,1.41,N
39.07681,65.37015,306.32,0.49,0.48,2026-08-27,2210,N20,nominal,2.0NRT,291.67,0.8,N
39.43431,62.99455,306.8,0.55,0.43,2026-08-27,2210,N20,nominal,2.0NRT,292.09,0.67,N
38.68162,65.95362,310.09,0.53,0.5,2026-08-27,2210,N20,nominal,2.0NRT,291.88,2.89,N
39.17627,63.57606,299.95,0.4,0.44,2026-08-27,2210,N20,nominal,2.0NRT,289.19,0.32,N
39.25116,63.21467,303.32,0.57,0.43,2026-08-27,2210,N20,nominal,2.0NRT,292.41,1.05,N
39.283,63.04847,309.92,0.56,0.43,2026-08-27,2210,N20,nominal,2.0NRT,290.56,1.08,N
39.28317,63.04744,310.8,0.56,0.43,2026-08-27,2210,N20,nominal,2.0NRT,291.52,1.48,N
39.24837,63.21268,303.3,0.57,0.43,2026-08-27,2210,N20,nominal,2.0NRT,291.22,0.83,N
39.17085,63.28331,303.58,0.38,0.43,2026-08-27,2210,N20,nominal,2.0NRT,291.23,1.28,N
39.16867,63.25472,322.57,0.38,0.43,2026-08-27,2210,N20,nominal,2.0NRT,293.01,1.15,N
39.16774,63.25903,302.01,0.38,0.43,2026-08-27,2210,N20,nominal,2.0NRT,291.81,1.15,N
39.15469,63.31943,314.97,0.39,0.44,2026-08-27,2210,N20,nominal,2.0NRT,291.81,1.31,N
39.16294,63.26196,303.35,0.38,0.43,2026-08-27,2210,N20,nominal,2.0NRT,291.79,0.37,N
39.12842,63.30547,301.01,0.39,0.44,2026-08-27,2210,N20,nominal,2.0NRT,290.4,0.97,N
39.10755,63.40106,300.88,0.39,0.44,2026-08-27,2210,N20,nominal,2.0NRT,290.13,0.47,N
39.08732,63.49327,300.2,0.39,0.44,2026-08-27,2210,N20,nominal,2.0NRT,289.76,0.49,N
39.11697,63.33871,301.61,0.39,0.44,2026-08-27,2210,N20,nominal,2.0NRT,290.61,0.63,N
39.095,63.43907,300.55,0.39,0.44,2026-08-27,2210,N20,nominal,2.0NRT,289.83,0.49,N
39.08631,63.47865,302.25,0.39,0.44,2026-08-27,2210,N20,nominal,2.0NRT,288.87,0.61,N
39.97479,58.93525,304.68,0.4,0.37,2026-08-27,2210,N20,nominal,2.0NRT,293.83,0.42,N
39.01485,63.70605,302.3,0.41,0.45,2026-08-27,2210,N20,nominal,2.0NRT,290.38,0.53,N
39.06748,63.3842,303.54,0.39,0.44,2026-08-27,2210,N20,nominal,2.0NRT,290.36,0.37,N
39.05424,63.44565,308.85,0.39,0.44,2026-08-27,2210,N20,nominal,2.0NRT,290.11,1.12,N
38.95719,63.75394,303.09,0.41,0.45,2026-08-27,2210,N20,nominal,2.0NRT,290.32,0.6,N
38.97518,63.65271,300.6,0.4,0.44,2026-08-27,2210,N20,nominal,2.0NRT,289.98,0.72,N
38.98502,63.58842,307.7,0.4,0.44,2026-08-27,2210,N20,nominal,2.0NRT,290.66,0.54,N
38.96226,63.69198,307.59,0.41,0.45,2026-08-27,2210,N20,nominal,2.0NRT,289.71,0.72,N
38.45506,65.80439,304.93,0.53,0.5,2026-08-27,2210,N20,nominal,2.0NRT,291.89,1.52,N
38.91014,63.79128,303.95,0.41,0.45,2026-08-27,2210,N20,nominal,2.0NRT,288.97,0.35,N
38.97305,63.469,311.74,0.4,0.44,2026-08-27,2210,N20,nominal,2.0NRT,292.86,1.17,N
38.05236,67.26331,301.76,0.32,0.55,2026-08-27,2210,N20,nominal,2.0NRT,289.95,1.33,N
38.05143,67.26701,308.12,0.32,0.55,2026-08-27,2210,N20,nominal,2.0NRT,292.1,1.68,N
38.83612,63.81744,306.94,0.41,0.45,2026-08-27,2210,N20,nominal,2.0NRT,289.7,1.11,N
38.78426,63.91401,302.99,0.42,0.45,2026-08-27,2210,N20,nominal,2.0NRT,290.36,0.63,N
38.77269,63.81721,304.12,0.42,0.45,2026-08-27,2210,N20,nominal,2.0NRT,291.84,0.78,N
39.78361,58.49635,305.65,0.39,0.36,2026-08-27,2210,N20,nominal,2.0NRT,293.79,0.42,N
38.65359,63.98117,303.62,0.42,0.46,2026-08-27,2210,N20,nominal,2.0NRT,289.37,0.86,N
38.10904,65.48534,301.32,0.52,0.5,2026-08-27,2210,N20,nominal,2.0NRT,289,1.03,N
38.1321,64.67352,302.64,0.47,0.48,2026-08-27,2210,N20,nominal,2.0NRT,290.28,1.29,N
38.1183,64.71375,300.96,0.48,0.48,2026-08-27,2210,N20,nominal,2.0NRT,290.84,0.5,N
38.05176,64.90191,311.3,0.49,0.48,2026-08-27,2210,N20,nominal,2.0NRT,292.34,1.59,N
39.2351,56.30257,312.87,0.39,0.36,2026-08-27,2212,N20,nominal,2.0NRT,290.53,0.47,N
39.23182,56.30174,328.1,0.39,0.36,2026-08-27,2212,N20,nominal,2.0NRT,291.68,1.9,N
39.51054,54.32617,309.92,0.42,0.38,2026-08-27,2212,N20,nominal,2.0NRT,297.4,2.48,N
37.79901,62.54826,314.24,0.57,0.43,2026-08-27,2212,N20,nominal,2.0NRT,290.36,2.59,N
37.78876,62.53812,315.9,0.57,0.43,2026-08-27,2212,N20,nominal,2.0NRT,290.78,2.6,N
37.77714,62.02609,298.88,0.54,0.42,2026-08-27,2212,N20,nominal,2.0NRT,288.66,0.86,N
37.74349,62.12961,310.07,0.54,0.42,2026-08-27,2212,N20,nominal,2.0NRT,290.7,1.49,N
37.74338,62.0721,299.49,0.54,0.42,2026-08-27,2212,N20,nominal,2.0NRT,288.57,0.45,N
37.72704,62.09223,316.68,0.54,0.42,2026-08-27,2212,N20,nominal,2.0NRT,290,1.33,N
37.6725,62.23509,302.55,0.55,0.43,2026-08-27,2212,N20,nominal,2.0NRT,288.72,0.9,N
37.67071,62.2396,306.09,0.55,0.43,2026-08-27,2212,N20,nominal,2.0NRT,289.62,0.97,N
37.65801,62.24188,299.58,0.55,0.43,2026-08-27,2212,N20,nominal,2.0NRT,288.48,1.21,N
37.79482,61.49476,302.2,0.51,0.41,2026-08-27,2212,N20,nominal,2.0NRT,289.99,1.02,N
37.63765,62.20269,306.17,0.55,0.43,2026-08-27,2212,N20,nominal,2.0NRT,288.57,1.41,N
37.62751,62.21227,307.58,0.55,0.43,2026-08-27,2212,N20,nominal,2.0NRT,291.58,1.83,N
37.62876,62.16739,299.68,0.55,0.43,2026-08-27,2212,N20,nominal,2.0NRT,287.06,0.91,N
37.62494,62.12749,306.36,0.55,0.42,2026-08-27,2212,N20,nominal,2.0NRT,290.56,1.07,N
37.61861,62.13827,307.1,0.55,0.42,2026-08-27,2212,N20,nominal,2.0NRT,292.05,1.3,N
37.6545,61.90877,311.9,0.53,0.42,2026-08-27,2212,N20,nominal,2.0NRT,292.33,1.9,N
37.62839,61.95683,301.76,0.54,0.42,2026-08-27,2212,N20,nominal,2.0NRT,290.11,1.13,N
37.63026,61.95754,303.24,0.54,0.42,2026-08-27,2212,N20,nominal,2.0NRT,290.57,1.01,N
38.2559,58.38939,312.83,0.4,0.37,2026-08-27,2212,N20,nominal,2.0NRT,297.14,1.4,N
35.96931,68.68378,303.52,0.44,0.62,2026-08-27,2212,N20,nominal,2.0NRT,291.33,0.77,N
37.55868,61.93414,300.82,0.54,0.42,2026-08-27,2212,N20,nominal,2.0NRT,290.08,0.84,N
37.61086,61.60437,329.53,0.52,0.41,2026-08-27,2212,N20,nominal,2.0NRT,296.01,3.69,N
37.6132,61.59296,305.64,0.52,0.41,2026-08-27,2212,N20,nominal,2.0NRT,291.75,1.63,N
38.37907,57.43823,311.54,0.39,0.36,2026-08-27,2212,N20,nominal,2.0NRT,295.52,1.16,N
37.613,61.57471,308.59,0.52,0.41,2026-08-27,2212,N20,nominal,2.0NRT,292.74,2.04,N
37.60929,61.57352,313.38,0.52,0.41,2026-08-27,2212,N20,nominal,2.0NRT,291.6,2.03,N
37.59681,61.55742,310.03,0.51,0.41,2026-08-27,2212,N20,nominal,2.0NRT,291.61,1.46,N
37.59688,61.55581,306.13,0.52,0.41,2026-08-27,2212,N20,nominal,2.0NRT,290.82,0.75,N
37.59888,61.52622,300.37,0.51,0.41,2026-08-27,2212,N20,nominal,2.0NRT,289.96,0.66,N
37.59518,61.52503,305.76,0.51,0.41,2026-08-27,2212,N20,nominal,2.0NRT,290.71,1.97,N
37.59404,61.53071,314.9,0.51,0.41,2026-08-27,2212,N20,nominal,2.0NRT,292.48,1.97,N
37.50087,61.98981,303.25,0.54,0.42,2026-08-27,2212,N20,nominal,2.0NRT,290.45,0.88,N
37.58348,61.56362,300.86,0.52,0.41,2026-08-27,2212,N20,nominal,2.0NRT,290.52,2.11,N
37.58092,61.55673,307.28,0.52,0.41,2026-08-27,2212,N20,nominal,2.0NRT,290.35,1.18,N
37.57978,61.56244,303.51,0.52,0.41,2026-08-27,2212,N20,nominal,2.0NRT,290.86,1.18,N
37.80642,60.33001,302.95,0.46,0.39,2026-08-27,2212,N20,nominal,2.0NRT,291.68,0.83,N
37.49861,61.84406,310.92,0.53,0.42,2026-08-27,2212,N20,nominal,2.0NRT,293.83,2.19,N
37.4974,61.84995,308.63,0.53,0.42,2026-08-27,2212,N20,nominal,2.0NRT,294.17,2.15,N
38.21838,57.98893,306.96,0.39,0.36,2026-08-27,2212,N20,nominal,2.0NRT,294.6,1.72,N
38.14871,58.39431,307.73,0.4,0.37,2026-08-27,2212,N20,nominal,2.0NRT,294.69,1.25,N
38.19542,58.10324,318.03,0.39,0.37,2026-08-27,2212,N20,nominal,2.0NRT,294.24,1.65,N
38.26344,57.66034,315.4,0.39,0.36,2026-08-27,2212,N20,nominal,2.0NRT,300.18,2.77,N
38.19386,58.05172,307.83,0.39,0.36,2026-08-27,2212,N20,nominal,2.0NRT,295.56,1.24,N
38.25212,57.66642,312,0.39,0.36,2026-08-27,2212,N20,nominal,2.0NRT,299.33,1.74,N
38.67966,54.31628,322.54,0.41,0.37,2026-08-27,2212,N20,nominal,2.0NRT,296.48,1.74,N
38.05792,58.1652,310.43,0.4,0.37,2026-08-27,2212,N20,nominal,2.0NRT,296.52,1.77,N
38.64949,54.28034,329.42,0.41,0.37,2026-08-27,2212,N20,nominal,2.0NRT,296.26,2.96,N
37.5131,61.01478,307.45,0.49,0.4,2026-08-27,2212,N20,nominal,2.0NRT,291.81,0.77,N
37.6228,60.43972,307.38,0.46,0.39,2026-08-27,2212,N20,nominal,2.0NRT,292.04,0.99,N
37.50368,61.02334,304.56,0.49,0.4,2026-08-27,2212,N20,nominal,2.0NRT,291.92,0.8,N
37.63461,60.34046,317.62,0.46,0.39,2026-08-27,2212,N20,nominal,2.0NRT,292.96,2.04,N
37.94942,58.58664,304.8,0.4,0.37,2026-08-27,2212,N20,nominal,2.0NRT,293.04,0.57,N
37.94181,58.56272,317.36,0.4,0.37,2026-08-27,2212,N20,nominal,2.0NRT,295.26,1.82,N
37.34744,61.36501,309.68,0.51,0.41,2026-08-27,2212,N20,nominal,2.0NRT,291,1.5,N
37.11922,62.36412,321.26,0.57,0.43,2026-08-27,2212,N20,nominal,2.0NRT,291.53,4.05,N
37.11535,62.36283,314.67,0.57,0.43,2026-08-27,2212,N20,nominal,2.0NRT,292.15,4.05,N
37.48837,60.46012,306.73,0.47,0.39,2026-08-27,2212,N20,nominal,2.0NRT,290.79,1.17,N
37.82807,58.38609,312.64,0.4,0.37,2026-08-27,2212,N20,nominal,2.0NRT,294.69,0.9,N
37.30586,61.12022,306.5,0.5,0.41,2026-08-27,2212,N20,nominal,2.0NRT,290.18,0.99,N
37.03415,62.41943,342.52,0.39,0.44,2026-08-27,2212,N20,nominal,2.0NRT,294.56,3.12,N
37.03505,62.41523,310.59,0.38,0.44,2026-08-27,2212,N20,nominal,2.0NRT,291.86,3.12,N
37.26439,60.6945,299.43,0.48,0.4,2026-08-27,2212,N20,nominal,2.0NRT,288.08,0.38,N
37.21843,60.02364,318.97,0.45,0.39,2026-08-27,2212,N20,nominal,2.0NRT,293.1,2.01,N
37.45411,57.68964,303.79,0.39,0.36,2026-08-27,2212,N20,nominal,2.0NRT,292.05,0.45,N
37.34177,58.0478,308.61,0.4,0.37,2026-08-27,2212,N20,nominal,2.0NRT,291.69,1.61,N
36.47555,61.62568,305.53,0.54,0.42,2026-08-27,2212,N20,nominal,2.0NRT,290.96,2.06,N
36.4781,61.62504,304.05,0.54,0.42,2026-08-27,2212,N20,nominal,2.0NRT,291.11,2.86,N
36.47253,61.45525,302.26,0.53,0.42,2026-08-27,2212,N20,nominal,2.0NRT,289.23,0.56,N
36.43816,61.21775,306.26,0.52,0.42,2026-08-27,2212,N20,nominal,2.0NRT,291.98,1.39,N
36.47807,59.7461,302.6,0.45,0.39,2026-08-27,2212,N20,nominal,2.0NRT,290.22,0.93,N
36.99245,56.23178,309.88,0.38,0.36,2026-08-27,2212,N20,nominal,2.0NRT,291.43,0.89,N
36.27211,59.65151,304.12,0.45,0.39,2026-08-27,2212,N20,nominal,2.0NRT,291.91,0.54,N
36.2386,59.73052,305.34,0.46,0.39,2026-08-27,2212,N20,nominal,2.0NRT,289.19,1.49,N
36.34547,58.67889,314.63,0.42,0.38,2026-08-27,2212,N20,nominal,2.0NRT,291.76,2.06,N
33.29565,71.18529,303.8,0.7,0.75,2026-08-27,2212,N20,nominal,2.0NRT,291.61,1.31,N
36.24378,57.38179,305.27,0.39,0.36,2026-08-27,2212,N20,nominal,2.0NRT,294.77,0.75,N
36.48056,54.9034,302.53,0.39,0.36,2026-08-27,2212,N20,nominal,2.0NRT,292.41,0.76,N
36.32561,54.61671,305.27,0.39,0.36,2026-08-27,2212,N20,nominal,2.0NRT,292.88,0.46,N
36.29697,54.78887,313.74,0.39,0.36,2026-08-27,2212,N20,nominal,2.0NRT,293.9,0.9,N
36.35423,54.11868,300.88,0.4,0.37,2026-08-27,2212,N20,nominal,2.0NRT,289.94,0.63,N
35.517,59.20073,300.42,0.45,0.39,2026-08-27,2212,N20,nominal,2.0NRT,284.69,0.6,N
35.36902,59.30594,308.19,0.45,0.39,2026-08-27,2212,N20,nominal,2.0NRT,287.58,1.13,N
35.31628,59.48755,300.17,0.46,0.39,2026-08-27,2212,N20,nominal,2.0NRT,290.02,1.04,N
33.75355,59.14722,319.9,0.47,0.4,2026-08-27,2212,N20,nominal,2.0NRT,288.93,2.28,N
32.92455,60.2331,301.8,0.54,0.42,2026-08-27,2212,N20,nominal,2.0NRT,291.74,1.17,N
33.04351,56.8499,321.56,0.4,0.37,2026-08-27,2214,N20,nominal,2.0NRT,296.39,2.21,N
32.33606,54.08496,303.42,0.39,0.36,2026-08-27,2214,N20,nominal,2.0NRT,290.71,0.7,N
32.33544,54.08904,302,0.39,0.36,2026-08-27,2214,N20,nominal,2.0NRT,291.39,0.7,N
31.94114,54.04407,331.26,0.39,0.36,2026-08-27,2214,N20,nominal,2.0NRT,296.85,4.16,N
31.88217,54.42703,304.13,0.38,0.36,2026-08-27,2214,N20,nominal,2.0NRT,293.39,1.74,N
31.7049,55.44853,309.23,0.39,0.36,2026-08-27,2214,N20,nominal,2.0NRT,298.27,1.28,N
31.89441,54.23846,303.08,0.39,0.36,2026-08-27,2214,N20,nominal,2.0NRT,292.14,0.34,N
31.43276,56.49,302.72,0.41,0.37,2026-08-27,2214,N20,nominal,2.0NRT,289.34,0.42,N
31.62476,54.74248,311.34,0.38,0.36,2026-08-27,2214,N20,nominal,2.0NRT,295.68,1.36,N
31.62403,54.72577,311.51,0.38,0.36,2026-08-27,2214,N20,nominal,2.0NRT,294.09,1.16,N
30.15751,60.73352,306.39,0.43,0.46,2026-08-27,2214,N20,nominal,2.0NRT,295.71,0.71,N
30.75719,56.65695,309.81,0.41,0.37,2026-08-27,2214,N20,nominal,2.0NRT,293.01,2.07,N
30.665,56.61927,314.04,0.41,0.37,2026-08-27,2214,N20,nominal,2.0NRT,288.24,1.04,N
30.49901,56.81773,310.06,0.42,0.38,2026-08-27,2214,N20,nominal,2.0NRT,292.09,1.15,N
30.73545,55.38763,301.54,0.39,0.36,2026-08-27,2214,N20,nominal,2.0NRT,290.92,0.57,N
29.47576,60.80762,307.86,0.45,0.47,2026-08-27,2214,N20,nominal,2.0NRT,290.67,1.08,N
30.23513,56.90828,324.61,0.43,0.38,2026-08-27,2214,N20,nominal,2.0NRT,294.55,2.66,N
30.23595,56.91034,321.87,0.43,0.38,2026-08-27,2214,N20,nominal,2.0NRT,293.23,3.32,N
30.36842,56.12918,307.2,0.4,0.37,2026-08-27,2214,N20,nominal,2.0NRT,290.47,1.16,N
29.47667,60.80532,303.58,0.45,0.47,2026-08-27,2214,N20,nominal,2.0NRT,290.05,1.38,N
30.3793,55.8624,310.82,0.4,0.37,2026-08-27,2214,N20,nominal,2.0NRT,290.83,1.08,N
30.39261,55.76366,302.01,0.4,0.37,2026-08-27,2214,N20,nominal,2.0NRT,289.89,0.72,N
30.39054,55.7759,302.62,0.4,0.37,2026-08-27,2214,N20,nominal,2.0NRT,291.78,0.49,N
30.32237,55.97279,313.88,0.4,0.37,2026-08-27,2214,N20,nominal,2.0NRT,290.59,1.16,N
29.928,56.73361,315.8,0.42,0.38,2026-08-27,2214,N20,nominal,2.0NRT,292.39,1.96,N
30.0815,55.39946,328.58,0.39,0.36,2026-08-27,2214,N20,nominal,2.0NRT,292.93,3.85,N
30.07954,55.39071,304.4,0.39,0.36,2026-08-27,2214,N20,nominal,2.0NRT,291.43,0.98,N
29.98998,55.85676,324.2,0.4,0.37,2026-08-27,2214,N20,nominal,2.0NRT,289.35,3.63,N
29.9907,55.85261,317.77,0.4,0.37,2026-08-27,2214,N20,nominal,2.0NRT,286.8,3.63,N
29.98476,55.84695,295.65,0.4,0.37,2026-08-27,2214,N20,nominal,2.0NRT,285.24,0.45,N
29.98404,55.8511,296.6,0.4,0.37,2026-08-27,2214,N20,nominal,2.0NRT,286.41,1.42,N
29.98185,55.85197,300.52,0.4,0.37,2026-08-27,2214,N20,nominal,2.0NRT,288.06,1.28,N
29.9956,55.19928,305.52,0.39,0.36,2026-08-27,2214,N20,nominal,2.0NRT,291.14,0.92,N
29.81006,55.75177,301.01,0.4,0.37,2026-08-27,2214,N20,nominal,2.0NRT,288.81,0.42,N
29.15242,55.36423,304.13,0.4,0.37,2026-08-27,2214,N20,nominal,2.0NRT,291.85,0.85,N
29.15175,55.36825,305,0.4,0.37,2026-08-27,2214,N20,nominal,2.0NRT,292.25,0.81,N
29.13651,55.35657,306.79,0.4,0.37,2026-08-27,2214,N20,nominal,2.0NRT,296.56,1.92,N
29.13244,55.38067,303.08,0.4,0.37,2026-08-27,2214,N20,nominal,2.0NRT,292.68,0.84,N
27.22946,60.48885,311.99,0.47,0.48,2026-08-27,2214,N20,nominal,2.0NRT,298.94,3.23,N
27.42353,56.50153,319.47,0.44,0.38,2026-08-27,2214,N20,nominal,2.0NRT,301.06,1.6,N
27.21642,57.36535,316.12,0.48,0.4,2026-08-27,2214,N20,nominal,2.0NRT,298.86,1.72,N
27.21279,57.36454,309.74,0.48,0.4,2026-08-27,2214,N20,nominal,2.0NRT,298.07,1.72,N
27.30248,56.30383,323.03,0.44,0.38,2026-08-27,2214,N20,nominal,2.0NRT,301.48,2.15,N
27.11176,57.03294,317.94,0.47,0.4,2026-08-27,2214,N20,nominal,2.0NRT,298.76,1.48,N
27.17059,56.09872,315.16,0.43,0.38,2026-08-27,2214,N20,nominal,2.0NRT,301.93,0.97,N
27.16714,56.09796,312.99,0.43,0.38,2026-08-27,2214,N20,nominal,2.0NRT,302.22,0.97,N
27.17125,56.05447,331.88,0.43,0.38,2026-08-27,2214,N20,nominal,2.0NRT,302.37,2.74,N
27.16293,56.10148,323.25,0.43,0.38,2026-08-27,2214,N20,nominal,2.0NRT,302.56,5.07,N
27.1678,56.05371,327.46,0.43,0.38,2026-08-27,2214,N20,nominal,2.0NRT,302.53,2.74,N
27.15948,56.10072,348.4,0.43,0.38,2026-08-27,2214,N20,nominal,2.0NRT,303.94,5.07,N
27.16326,56.07936,317.69,0.43,0.38,2026-08-27,2214,N20,nominal,2.0NRT,301.99,1.67,N
27.14339,56.11054,316.33,0.43,0.38,2026-08-27,2214,N20,nominal,2.0NRT,301.7,2,N
25.97284,56.06877,324.1,0.44,0.38,2026-08-27,2214,N20,nominal,2.0NRT,304.13,1.71,N
25.96586,56.06725,316.66,0.44,0.38,2026-08-27,2214,N20,nominal,2.0NRT,304.36,1.43,N
25.57151,55.98843,314.99,0.44,0.39,2026-08-27,2214,N20,nominal,2.0NRT,303.03,1.37,N
25.55753,55.98533,316.42,0.44,0.39,2026-08-27,2214,N20,nominal,2.0NRT,302.9,1.67,N
25.15589,55.24069,314.96,0.42,0.38,2026-08-27,2216,N20,nominal,2.0NRT,304.22,1.5,N
25.06393,55.12069,316.97,0.42,0.38,2026-08-27,2216,N20,nominal,2.0NRT,304.29,0.96,N
24.50568,56.60851,332.83,0.48,0.4,2026-08-27,2216,N20,nominal,2.0NRT,303.66,6.24,N
24.47141,56.6326,313.1,0.49,0.4,2026-08-27,2216,N20,nominal,2.0NRT,301.34,1.61,N
24.46603,56.64127,316.14,0.49,0.4,2026-08-27,2216,N20,nominal,2.0NRT,301.7,1.11,N
24.45608,56.55059,315.61,0.48,0.4,2026-08-27,2216,N20,nominal,2.0NRT,302.13,1.97,N
24.60651,54.15152,328.35,0.4,0.37,2026-08-27,2216,N20,nominal,2.0NRT,305.18,0.99,N
24.50975,54.01712,330.52,0.4,0.37,2026-08-27,2216,N20,nominal,2.0NRT,305.29,1.17,N
24.33047,54.47039,314.9,0.41,0.37,2026-08-27,2216,N20,nominal,2.0NRT,304.54,1.67,N
24.3211,54.45725,319.17,0.41,0.37,2026-08-27,2216,N20,nominal,2.0NRT,305.86,1.96,N
24.0031,55.44182,315.59,0.44,0.38,2026-08-27,2216,N20,nominal,2.0NRT,303.93,2.22,N
23.36552,56.28372,312.42,0.49,0.4,2026-08-27,2216,N20,nominal,2.0NRT,299.82,5.92,N
23.66341,54.35064,311.84,0.41,0.37,2026-08-27,2216,N20,nominal,2.0NRT,298.81,0.99,N
23.19168,55.45733,326.28,0.45,0.39,2026-08-27,2216,N20,nominal,2.0NRT,304.09,3.55,N
23.313,54.17776,319.11,0.41,0.37,2026-08-27,2216,N20,nominal,2.0NRT,301.08,1.42,N
23.30963,54.17709,331.86,0.41,0.37,2026-08-27,2216,N20,nominal,2.0NRT,301.44,3.72,N
23.27804,54.26012,312.58,0.41,0.37,2026-08-27,2216,N20,nominal,2.0NRT,299.36,0.6,N
22.87723,55.92402,311.48,0.47,0.4,2026-08-27,2216,N20,nominal,2.0NRT,301.14,1.05,N
22.87593,55.61422,322.19,0.46,0.39,2026-08-27,2216,N20,nominal,2.0NRT,300.71,2.56,N
22.87238,55.61348,331.17,0.46,0.39,2026-08-27,2216,N20,nominal,2.0NRT,300.42,2.56,N
22.40501,56.9909,324.37,0.54,0.42,2026-08-27,2216,N20,nominal,2.0NRT,298.68,7.87,N
22.44328,56.70177,315.38,0.52,0.42,2026-08-27,2216,N20,nominal,2.0NRT,298.05,1.14,N
22.32688,56.48913,335.24,0.51,0.41,2026-08-27,2216,N20,nominal,2.0NRT,299.07,5.65,N
22.32592,56.47352,315.99,0.51,0.41,2026-08-27,2216,N20,nominal,2.0NRT,299.15,1.58,N
22.32592,56.49151,330.68,0.51,0.41,2026-08-27,2216,N20,nominal,2.0NRT,299,3.52,N
22.32578,56.47094,316.86,0.51,0.41,2026-08-27,2216,N20,nominal,2.0NRT,298.63,1.96,N
22.29251,56.52512,312.57,0.52,0.41,2026-08-27,2216,N20,nominal,2.0NRT,298.29,0.88,N
22.67661,54.13021,331.72,0.41,0.37,2026-08-27,2216,N20,nominal,2.0NRT,301.51,13.82,N
22.67324,54.12951,348.54,0.41,0.37,2026-08-27,2216,N20,nominal,2.0NRT,311.65,13.82,N
22.67391,54.12556,314.99,0.41,0.37,2026-08-27,2216,N20,nominal,2.0NRT,301.23,1.74,N
22.67257,54.13341,315.95,0.41,0.37,2026-08-27,2216,N20,nominal,2.0NRT,300.64,13.82,N
22.61467,54.05811,336.13,0.41,0.37,2026-08-27,2216,N20,nominal,2.0NRT,305.19,6.48,N
22.614,54.06206,339.7,0.41,0.37,2026-08-27,2216,N20,nominal,2.0NRT,306.66,9.21,N
22.61334,54.06596,313.39,0.41,0.37,2026-08-27,2216,N20,nominal,2.0NRT,301.99,9.21,N
22.61129,54.05747,347.28,0.41,0.37,2026-08-27,2216,N20,nominal,2.0NRT,310.56,6.48,N
22.61063,54.06142,345.45,0.41,0.37,2026-08-27,2216,N20,nominal,2.0NRT,320.17,9.21,N
22.61196,54.05355,313.86,0.41,0.37,2026-08-27,2216,N20,nominal,2.0NRT,300.01,6.48,N
22.60996,54.06533,313.87,0.41,0.37,2026-08-27,2216,N20,nominal,2.0NRT,303.07,9.21,N
22.60792,54.05681,322.45,0.41,0.37,2026-08-27,2216,N20,nominal,2.0NRT,302.98,3.36,N
22.60726,54.06075,318.87,0.41,0.37,2026-08-27,2216,N20,nominal,2.0NRT,303.39,3.88,N
22.60592,54.06862,317.27,0.41,0.37,2026-08-27,2216,N20,nominal,2.0NRT,305.41,3.81,N
21.93581,57.07302,330.13,0.56,0.43,2026-08-27,2216,N20,nominal,2.0NRT,296.21,10.37,N
21.83459,56.68008,312.48,0.53,0.42,2026-08-27,2216,N20,nominal,2.0NRT,296.57,5.37,N
21.31449,57.74223,313.87,0.42,0.45,2026-08-27,2216,N20,nominal,2.0NRT,292.01,3.84,N
21.30351,57.7978,306.81,0.42,0.45,2026-08-27,2216,N20,nominal,2.0NRT,290.6,1.99,N
21.46101,56.9696,305.51,0.56,0.43,2026-08-27,2216,N20,nominal,2.0NRT,292.08,1.21,N
21.46158,56.96805,305.77,0.56,0.43,2026-08-27,2216,N20,nominal,2.0NRT,290.13,1.88,N
21.31587,57.74357,309.45,0.42,0.45,2026-08-27,2216,N20,nominal,2.0NRT,291.66,3.13,N
21.30527,57.79926,302.86,0.42,0.45,2026-08-27,2216,N20,nominal,2.0NRT,289.28,1.4,N
21.31102,57.74663,308.59,0.42,0.45,2026-08-27,2216,N20,nominal,2.0NRT,286.11,1.26,N
21.39668,56.71376,307.82,0.55,0.42,2026-08-27,2216,N20,nominal,2.0NRT,292.8,2.94,N
21.39552,56.71209,308.43,0.55,0.42,2026-08-27,2216,N20,nominal,2.0NRT,294.02,3.97,N
21.33397,56.69899,341.28,0.55,0.42,2026-08-27,2216,N20,nominal,2.0NRT,303.09,20.87,N
21.40902,55.74503,316.77,0.49,0.4,2026-08-27,2216,N20,nominal,2.0NRT,301.3,2.13,N
21.00153,56.53152,332.15,0.54,0.42,2026-08-27,2216,N20,nominal,2.0NRT,299.83,7.85,N
21.00394,56.52964,329.73,0.54,0.42,2026-08-27,2216,N20,nominal,2.0NRT,298.55,4.44,N
21.00301,56.53477,314.11,0.54,0.42,2026-08-27,2216,N20,nominal,2.0NRT,298.1,4.44,N
20.37546,55.93201,315.12,0.51,0.41,2026-08-27,2216,N20,nominal,2.0NRT,298.11,1.43,N
20.37456,55.93685,313.33,0.51,0.41,2026-08-27,2216,N20,nominal,2.0NRT,297.66,1.43,N
20.39033,55.66335,316.04,0.5,0.41,2026-08-27,2216,N20,nominal,2.0NRT,298.34,1.16,N
20.38883,55.66074,329.4,0.5,0.41,2026-08-27,2216,N20,nominal,2.0NRT,299.19,4.22,N
20.38765,55.64596,323.84,0.5,0.41,2026-08-27,2216,N20,nominal,2.0NRT,298.69,1.64,N
20.21302,55.71021,324.82,0.5,0.41,2026-08-27,2216,N20,nominal,2.0NRT,298.13,1.38,N
18.32218,55.10432,336.05,0.5,0.41,2026-08-27,2216,N20,nominal,2.0NRT,298.57,6.68,N
18.02217,54.57252,331.03,0.47,0.4,2026-08-27,2216,N20,nominal,2.0NRT,298.88,8.41,N
18.01495,54.57112,330.71,0.47,0.4,2026-08-27,2216,N20,nominal,2.0NRT,298.68,7.38,N
18.01417,54.57552,326.29,0.47,0.4,2026-08-27,2216,N20,nominal,2.0NRT,299.73,7.38,N
17.97432,54.52693,341.33,0.47,0.4,2026-08-27,2216,N20,nominal,2.0NRT,296.69,4.68,N
17.97372,54.52486,329.95,0.47,0.4,2026-08-27,2216,N20,nominal,2.0NRT,296.78,4.01,N
16.25306,100.2501,328.34,0.33,0.56,2026-08-28,0603,N20,nominal,2.0NRT,283.51,1.57,D
16.30231,100.28738,331.4,0.33,0.55,2026-08-28,0603,N20,nominal,2.0NRT,280.89,2.85,D
16.30171,100.28435,327.99,0.33,0.55,2026-08-28,0603,N20,nominal,2.0NRT,281.07,3.21,D
16.30012,100.24972,330.43,0.33,0.56,2026-08-28,0603,N20,nominal,2.0NRT,283.74,2.39,D
16.2447,99.80615,325.97,0.36,0.57,2026-08-28,0603,N20,nominal,2.0NRT,287.11,5.06,D
16.24405,99.80287,342,0.36,0.57,2026-08-28,0603,N20,nominal,2.0NRT,288.14,6.49,D
16.24517,99.80502,334.54,0.36,0.57,2026-08-28,0603,N20,nominal,2.0NRT,287.26,4.94,D
16.2445,99.80174,328.77,0.36,0.57,2026-08-28,0603,N20,nominal,2.0NRT,287.08,5.41,D
16.36525,99.89452,335.97,0.35,0.57,2026-08-28,0603,N20,nominal,2.0NRT,286.48,3.23,D
16.36701,99.89378,335.93,0.35,0.57,2026-08-28,0603,N20,nominal,2.0NRT,285.87,2.83,D
17.1324,99.92358,343.47,0.34,0.56,2026-08-28,0603,N20,nominal,2.0NRT,288.08,3.83,D
24.15632,100.57552,326.52,0.45,0.47,2026-08-28,0605,N20,nominal,2.0NRT,293.68,5.35,D
26.57517,101.66483,332.06,0.53,0.42,2026-08-28,0608,N20,nominal,2.0NRT,292.09,6.06,D
29.96383,101.34439,335.53,0.49,0.4,2026-08-28,0608,N20,nominal,2.0NRT,299.04,5.6,D
39.81069,98.29758,343.06,0.47,0.4,2026-08-28,0610,N20,nominal,2.0NRT,310.67,4.94,D
5.57339,95.71246,346.81,0.4,0.6,2026-08-28,0741,N20,nominal,2.0NRT,293.09,4.14,D
5.57291,95.70892,331.55,0.4,0.6,2026-08-28,0741,N20,nominal,2.0NRT,293.34,4.14,D
6.26881,81.05707,338.48,0.39,0.44,2026-08-28,0741,N20,nominal,2.0NRT,293.54,4.56,D
6.72007,81.53424,334.44,0.54,0.42,2026-08-28,0741,N20,nominal,2.0NRT,298.7,3.29,D
6.73925,81.50663,329.68,0.54,0.42,2026-08-28,0741,N20,nominal,2.0NRT,299.58,1.81,D
6.83283,81.43922,332.62,0.54,0.42,2026-08-28,0741,N20,nominal,2.0NRT,296.15,3.79,D
6.86529,81.49329,336.07,0.54,0.42,2026-08-28,0741,N20,nominal,2.0NRT,300.34,5,D
6.87605,81.46192,331.09,0.54,0.42,2026-08-28,0741,N20,nominal,2.0NRT,295.43,3.51,D
7.04752,81.47235,333.89,0.53,0.42,2026-08-28,0741,N20,nominal,2.0NRT,283.67,5.41,D
7.11799,81.8344,337.63,0.51,0.41,2026-08-28,0741,N20,nominal,2.0NRT,297.06,6.87,D
7.12175,81.83376,338.9,0.51,0.41,2026-08-28,0741,N20,nominal,2.0NRT,297.2,6.01,D
7.20403,81.81302,338.67,0.51,0.41,2026-08-28,0744,N20,nominal,2.0NRT,300.74,9.28,D
7.29577,81.8278,337.03,0.51,0.41,2026-08-28,0744,N20,low,2.0NRT,298.15,3.31,D
7.35641,81.8226,334.2,0.51,0.41,2026-08-28,0744,N20,low,2.0NRT,298.21,5.45,D
7.59177,81.69086,335.23,0.51,0.41,2026-08-28,0744,N20,nominal,2.0NRT,290.04,2.51,D
7.93357,80.61695,339.43,0.39,0.44,2026-08-28,0744,N20,nominal,2.0NRT,278.1,3.95,D
8.40984,80.82601,331.05,0.56,0.43,2026-08-28,0744,N20,nominal,2.0NRT,293.03,3.22,D
8.41011,80.82766,330.65,0.56,0.43,2026-08-28,0744,N20,nominal,2.0NRT,293.04,5.41,D
8.42591,80.33542,331.13,0.4,0.44,2026-08-28,0744,N20,nominal,2.0NRT,292.24,3.26,D
8.52512,80.81857,335.07,0.56,0.43,2026-08-28,0744,N20,nominal,2.0NRT,295.22,3.59,D
8.52595,80.82137,338.38,0.56,0.43,2026-08-28,0744,N20,nominal,2.0NRT,297.52,5.61,D
8.55052,80.77623,330.48,0.56,0.43,2026-08-28,0744,N20,nominal,2.0NRT,295.1,2.27,D
8.6437,80.92892,348.1,0.55,0.42,2026-08-28,0744,N20,nominal,2.0NRT,296.02,21.2,D
8.64431,80.92615,339.34,0.55,0.42,2026-08-28,0744,N20,nominal,2.0NRT,293.65,28.26,D
8.68003,80.75702,332.99,0.56,0.43,2026-08-28,0744,N20,nominal,2.0NRT,295.38,10.73,D
8.72698,80.74916,330.03,0.56,0.43,2026-08-28,0744,N20,nominal,2.0NRT,293.16,6.65,D
8.67631,80.2558,344.31,0.4,0.44,2026-08-28,0744,N20,nominal,2.0NRT,297.98,5.4,D
8.90886,80.58608,332.23,0.57,0.43,2026-08-28,0744,N20,nominal,2.0NRT,296.88,7.44,D
8.90787,80.43686,330.25,0.39,0.44,2026-08-28,0744,N20,nominal,2.0NRT,299.36,2.31,D
8.90563,80.35099,350.09,0.39,0.44,2026-08-28,0744,N20,nominal,2.0NRT,298.76,5.92,D
9.00048,80.67468,336.14,0.56,0.43,2026-08-28,0744,N20,nominal,2.0NRT,299.13,5.74,D
8.56677,78.0841,336.43,0.56,0.51,2026-08-28,0744,N20,nominal,2.0NRT,298.27,5.17,D
9.05492,80.49566,337.59,0.57,0.43,2026-08-28,0744,N20,nominal,2.0NRT,297.61,6.56,D
9.15226,80.71832,336.19,0.55,0.43,2026-08-28,0744,N20,nominal,2.0NRT,304.27,33.78,D
9.15616,80.71767,336.09,0.55,0.43,2026-08-28,0744,N20,nominal,2.0NRT,296.79,33.78,D
9.15345,80.72108,336.5,0.55,0.43,2026-08-28,0744,N20,nominal,2.0NRT,299.4,71.88,D
8.72984,78.1073,341.09,0.55,0.51,2026-08-28,0744,N20,nominal,2.0NRT,303.37,5.48,D
8.71155,77.97672,334.12,0.56,0.52,2026-08-28,0744,N20,nominal,2.0NRT,303.01,3.26,D
8.71066,77.97169,336.06,0.56,0.52,2026-08-28,0744,N20,nominal,2.0NRT,303.05,3.26,D
8.71625,77.97591,332.03,0.56,0.52,2026-08-28,0744,N20,nominal,2.0NRT,301.28,4.69,D
9.1417,80.26675,332.33,0.39,0.44,2026-08-28,0744,N20,nominal,2.0NRT,296.13,2.82,D
9.23738,80.79314,332.94,0.55,0.42,2026-08-28,0744,N20,nominal,2.0NRT,296.12,4.51,D
8.78832,78.11234,330.5,0.55,0.51,2026-08-28,0744,N20,low,2.0NRT,300.76,2.63,D
8.84528,78.0387,334.87,0.56,0.51,2026-08-28,0744,N20,nominal,2.0NRT,303.61,3.18,D
8.98831,77.81923,339.23,0.57,0.52,2026-08-28,0744,N20,nominal,2.0NRT,301.93,1.85,D
9.42936,80.42011,334.71,0.57,0.43,2026-08-28,0744,N20,nominal,2.0NRT,301.08,5.18,D
8.98947,77.82053,338.15,0.57,0.52,2026-08-28,0744,N20,nominal,2.0NRT,302.18,3.48,D
9.57007,80.37499,339.05,0.57,0.43,2026-08-28,0744,N20,nominal,2.0NRT,299.51,5.04,D
9.28083,78.39944,338.08,0.52,0.5,2026-08-28,0744,N20,nominal,2.0NRT,298.15,2.22,D
9.28004,78.3948,344.7,0.52,0.5,2026-08-28,0744,N20,nominal,2.0NRT,298.62,7.43,D
9.28536,78.39864,332.63,0.52,0.5,2026-08-28,0744,N20,nominal,2.0NRT,298.54,2.22,D
9.18515,77.78957,336.57,0.57,0.52,2026-08-28,0744,N20,nominal,2.0NRT,299.73,8.65,D
9.18577,77.78692,337.19,0.57,0.52,2026-08-28,0744,N20,nominal,2.0NRT,298.88,9.06,D
9.30402,78.39236,330.72,0.52,0.5,2026-08-28,0744,N20,nominal,2.0NRT,299.51,3.83,D
9.60042,79.98769,335.71,0.4,0.44,2026-08-28,0744,N20,nominal,2.0NRT,298.2,2.72,D
9.37273,78.62408,336.3,0.5,0.49,2026-08-28,0744,N20,nominal,2.0NRT,301.6,3.75,D
9.76033,80.26269,330.11,0.38,0.44,2026-08-28,0744,N20,nominal,2.0NRT,299.81,1.63,D
9.7363,78.57832,337.02,0.49,0.49,2026-08-28,0744,N20,nominal,2.0NRT,300.99,2.12,D
9.73857,78.34991,341.77,0.51,0.49,2026-08-28,0744,N20,nominal,2.0NRT,303.77,5.67,D
9.73959,78.34672,340.85,0.51,0.49,2026-08-28,0744,N20,nominal,2.0NRT,303.08,5.32,D
9.88019,78.4741,337.89,0.5,0.49,2026-08-28,0744,N20,nominal,2.0NRT,302.38,1.87,D
9.96297,78.39445,330.37,0.5,0.49,2026-08-28,0744,N20,low,2.0NRT,300.83,1.75,D
9.96105,78.39642,330.65,0.5,0.49,2026-08-28,0744,N20,nominal,2.0NRT,299.87,0.94,D
9.94673,78.18559,332.32,0.52,0.5,2026-08-28,0744,N20,nominal,2.0NRT,300.34,2.94,D
9.93117,78.07159,339.46,0.53,0.5,2026-08-28,0744,N20,nominal,2.0NRT,300.45,5.4,D
10.06681,78.36839,330.13,0.5,0.49,2026-08-28,0744,N20,low,2.0NRT,301.82,1.8,D
10.59022,78.85231,333.44,0.46,0.47,2026-08-28,0744,N20,nominal,2.0NRT,292.16,2.93,D
10.81325,78.80896,331.45,0.46,0.47,2026-08-28,0744,N20,nominal,2.0NRT,293.85,2.33,D
11.24627,77.77045,337.19,0.53,0.5,2026-08-28,0744,N20,nominal,2.0NRT,297.88,3.3,D
11.24631,77.76821,335.77,0.53,0.5,2026-08-28,0744,N20,nominal,2.0NRT,297.73,3.18,D
11.62135,79.67422,342.53,0.39,0.44,2026-08-28,0744,N20,nominal,2.0NRT,297.44,3.31,D
11.97214,79.74477,343.23,0.38,0.43,2026-08-28,0744,N20,nominal,2.0NRT,294.73,2.69,D
11.9761,79.74409,340.97,0.38,0.43,2026-08-28,0744,N20,nominal,2.0NRT,294.31,3.39,D
12.63144,79.54516,330.25,0.39,0.44,2026-08-28,0744,N20,nominal,2.0NRT,298.38,1.88,D
14.49,79.71088,344.64,0.53,0.42,2026-08-28,0744,N20,nominal,2.0NRT,305.11,6.55,D
14.66463,79.55208,332.52,0.54,0.42,2026-08-28,0746,N20,low,2.0NRT,303.65,3.81,D
14.59493,77.66154,334.05,0.47,0.48,2026-08-28,0746,N20,nominal,2.0NRT,301.79,3.27,D
15.08822,79.77559,344.05,0.52,0.41,2026-08-28,0746,N20,nominal,2.0NRT,304.02,14.93,D
15.089,79.77787,336.56,0.52,0.41,2026-08-28,0746,N20,nominal,2.0NRT,303.76,21.57,D
14.66086,75.65631,367,0.32,0.54,2026-08-28,0746,N20,high,2.0NRT,295.26,12.84,D
14.66031,75.6534,336.45,0.32,0.54,2026-08-28,0746,N20,nominal,2.0NRT,293.69,12.84,D
14.65638,75.65396,339.8,0.64,0.54,2026-08-28,0746,N20,nominal,2.0NRT,295.19,12.07,D
14.66129,75.6529,330.09,0.64,0.54,2026-08-28,0746,N20,nominal,2.0NRT,293.6,8.89,D
15.32899,78.96827,332.13,0.57,0.43,2026-08-28,0746,N20,nominal,2.0NRT,300.66,4.34,D
15.63525,79.5853,340.53,0.52,0.41,2026-08-28,0746,N20,nominal,2.0NRT,304.83,7.27,D
15.73366,79.84308,335.64,0.5,0.41,2026-08-28,0746,N20,nominal,2.0NRT,300.32,4.96,D
15.99496,78.3997,331.18,0.4,0.44,2026-08-28,0746,N20,nominal,2.0NRT,296.42,1.68,D
16.13124,77.82779,354.31,0.43,0.46,2026-08-28,0746,N20,nominal,2.0NRT,298.26,10.46,D
16.13541,77.827,340.62,0.43,0.46,2026-08-28,0746,N20,nominal,2.0NRT,296.55,6.35,D
20.9654,86.01233,334.34,0.47,0.4,2026-08-28,0746,N20,nominal,2.0NRT,283.91,3.23,D
20.96903,86.01181,331.01,0.47,0.4,2026-08-28,0746,N20,nominal,2.0NRT,284.62,3.23,D
21.74418,83.84429,334.37,0.4,0.37,2026-08-28,0746,N20,nominal,2.0NRT,290.9,5.74,D
21.74363,83.84044,332.72,0.4,0.37,2026-08-28,0746,N20,nominal,2.0NRT,291.66,5.74,D
21.74754,83.84375,344.84,0.4,0.37,2026-08-28,0746,N20,nominal,2.0NRT,293.22,5.74,D
21.75426,83.84266,336.85,0.4,0.37,2026-08-28,0746,N20,nominal,2.0NRT,291.59,4.53,D
21.76207,83.84924,333.38,0.4,0.37,2026-08-28,0746,N20,nominal,2.0NRT,291.87,4.28,D
22.37538,87.27899,330.44,0.57,0.43,2026-08-28,0746,N20,nominal,2.0NRT,292.8,10.47,D
23.80325,86.33153,341.8,0.52,0.42,2026-08-28,0748,N20,nominal,2.0NRT,289.84,5.56,D
25.03555,87.38821,331.96,0.41,0.45,2026-08-28,0748,N20,nominal,2.0NRT,295.33,3.03,D
27.43482,70.8578,340,0.35,0.57,2026-08-28,0750,N20,nominal,2.0NRT,304.94,2.03,D
33.23374,71.51796,332.14,0.48,0.48,2026-08-28,0750,N20,nominal,2.0NRT,300.93,2.26,D
39.17957,75.77088,347.76,0.4,0.37,2026-08-28,0752,N20,nominal,2.0NRT,310.36,6.85,D
39.56636,76.03957,335.98,0.39,0.36,2026-08-28,0752,N20,low,2.0NRT,309.3,1.91,D
38.05069,67.26624,353.49,0.64,0.54,2026-08-28,0752,N20,nominal,2.0NRT,321.43,28.17,D
39.18956,66.09948,335.11,0.34,0.56,2026-08-28,0752,N20,low,2.0NRT,309.81,1.95,D
27.14318,56.11295,340.4,0.39,0.36,2026-08-28,0930,N20,low,2.0NRT,314.37,8.67,D
27.15872,56.10218,350.81,0.39,0.36,2026-08-28,0930,N20,nominal,2.0NRT,318.09,9.89,D
27.16201,56.10156,345.72,0.39,0.36,2026-08-28,0930,N20,nominal,2.0NRT,315.5,9.89,D
27.16888,56.05664,345.9,0.39,0.36,2026-08-28,0930,N20,low,2.0NRT,317.69,13.64,D
27.1683,56.05278,343.77,0.39,0.36,2026-08-28,0930,N20,low,2.0NRT,317.42,14.33,D
27.30051,56.30324,342.98,0.39,0.36,2026-08-28,0930,N20,low,2.0NRT,316.52,2.46,D
37.11571,62.36573,344.56,0.6,0.53,2026-08-28,0932,N20,low,2.0NRT,318.94,17.5,D
37.11027,60.48623,346.21,0.47,0.48,2026-08-28,0932,N20,nominal,2.0NRT,315.51,8.07,D
37.21873,60.61057,339.12,0.48,0.48,2026-08-28,0932,N20,low,2.0NRT,313.82,3.96,D
37.34921,60.83738,337.82,0.49,0.49,2026-08-28,0932,N20,low,2.0NRT,311.75,3.23,D
37.3537,60.8368,338.28,0.49,0.49,2026-08-28,0932,N20,low,2.0NRT,310.79,3.23,D
37.54261,55.6221,346.55,0.43,0.38,2026-08-28,0932,N20,nominal,2.0NRT,308.23,7.23,D
37.54611,55.62158,347.5,0.43,0.38,2026-08-28,0932,N20,nominal,2.0NRT,309.51,7.23,D
37.99537,58.87498,346.77,0.4,0.44,2026-08-28,0932,N20,low,2.0NRT,320.46,26.92,D
38.70694,65.89751,342.28,0.48,0.65,2026-08-28,0932,N20,low,2.0NRT,313.75,11.64,D
39.19293,66.09905,335.87,0.5,0.66,2026-08-28,0932,N20,low,2.0NRT,308.65,2.17,D
39.19344,66.09637,335.13,0.5,0.66,2026-08-28,0932,N20,low,2.0NRT,309.38,2.28,D
39.40901,62.84982,337.7,0.33,0.56,2026-08-28,0934,N20,low,2.0NRT,311.73,4.76,D
38.64585,54.28302,342.85,0.4,0.37,2026-08-28,0934,N20,nominal,2.0NRT,308.93,4.17,D
38.64922,54.28228,342.11,0.4,0.37,2026-08-28,0934,N20,nominal,2.0NRT,307.62,4.17,D
38.67844,54.31874,339.79,0.41,0.37,2026-08-28,0934,N20,nominal,2.0NRT,306.01,4.55,D
39.74922,63.54971,355.65,0.37,0.58,2026-08-28,0934,N20,nominal,2.0NRT,310.95,13.05,D
39.75457,63.54926,367,0.37,0.58,2026-08-28,0934,N20,high,2.0NRT,310.66,13.05,D
39.84468,63.17234,367,0.35,0.57,2026-08-28,0934,N20,high,2.0NRT,313.81,4.09,D
39.26749,55.9962,338.91,0.46,0.39,2026-08-28,0934,N20,low,2.0NRT,309.18,5.62,D
21.31175,57.74557,351.13,0.39,0.36,2026-08-28,0928,N20,nominal,2.0NRT,319.57,3.55,D
21.31891,57.72448,342.1,0.39,0.36,2026-08-28,0928,N20,low,2.0NRT,316.51,0.76,D
22.57044,54.15681,367,0.43,0.38,2026-08-28,0928,N20,low,2.0NRT,329.88,3.32,D
22.56975,54.15272,367,0.43,0.38,2026-08-28,0928,N20,low,2.0NRT,326,3.32,D
22.57321,54.15208,367,0.43,0.38,2026-08-28,0928,N20,high,2.0NRT,325.57,1.98,D
22.5746,54.16033,367,0.43,0.38,2026-08-28,0928,N20,low,2.0NRT,333.92,0.65,D
22.5739,54.15622,367,0.43,0.38,2026-08-28,0928,N20,low,2.0NRT,329.44,1.98,D
22.5725,54.14788,367,0.43,0.38,2026-08-28,0928,N20,low,2.0NRT,325.9,1.13,D
22.5718,54.1437,367,0.43,0.38,2026-08-28,0928,N20,low,2.0NRT,328.97,1.13,D
22.57738,54.15564,367,0.43,0.38,2026-08-28,0928,N20,high,2.0NRT,327.5,1.98,D
22.57668,54.15147,367,0.43,0.38,2026-08-28,0928,N20,high,2.0NRT,325.65,1.98,D
22.57597,54.14728,367,0.43,0.38,2026-08-28,0928,N20,high,2.0NRT,326.24,1.13,D
22.57807,54.15976,367,0.43,0.38,2026-08-28,0928,N20,low,2.0NRT,332.16,0.65,D
22.57527,54.14307,367,0.43,0.38,2026-08-28,0928,N20,low,2.0NRT,330.8,1.13,D
22.58152,54.15907,367,0.43,0.38,2026-08-28,0928,N20,low,2.0NRT,333.04,1.38,D
22.58083,54.15496,367,0.43,0.38,2026-08-28,0928,N20,low,2.0NRT,330.92,1.94,D
22.58014,54.15081,367,0.43,0.38,2026-08-28,0928,N20,low,2.0NRT,329.85,1.94,D
22.57943,54.14664,367,0.43,0.38,2026-08-28,0928,N20,low,2.0NRT,331.5,1.26,D
22.57873,54.14243,367,0.43,0.38,2026-08-28,0928,N20,low,2.0NRT,333.07,1.26,D
24.50353,56.61017,343.03,0.38,0.36,2026-08-28,0928,N20,low,2.0NRT,317.36,26.23,D
25.30684,56.37171,339.64,0.38,0.36,2026-08-28,0930,N20,low,2.0NRT,310.25,8.25,D
39.79178,97.88982,297.87,0.54,0.68,2026-08-28,1830,N20,nominal,2.0NRT,285.79,1.31,N
38.8508,100.81097,295.84,0.37,0.58,2026-08-28,1830,N20,nominal,2.0NRT,285.44,0.79,N
26.62173,101.45249,297.27,0.5,0.49,2026-08-28,1834,N20,nominal,2.0NRT,282.11,1.88,N
38.84191,100.16837,298.71,0.4,0.6,2026-08-28,1830,N20,nominal,2.0NRT,285.72,0.67,N
26.58158,101.69808,306.23,0.48,0.48,2026-08-28,1834,N20,nominal,2.0NRT,289.8,2.27,N
26.57646,101.66259,301.43,0.48,0.48,2026-08-28,1834,N20,nominal,2.0NRT,288.41,1.86,N
26.38245,101.97482,304.74,0.46,0.47,2026-08-28,1834,N20,nominal,2.0NRT,287.63,1.74,N
26.34902,100.63512,300.59,0.55,0.51,2026-08-28,1834,N20,nominal,2.0NRT,287.88,0.69,N
23.8999,99.68822,301.52,0.59,0.53,2026-08-28,1834,N20,nominal,2.0NRT,286.94,2.38,N
6.83457,100.93967,297.34,0.46,0.39,2026-08-28,1838,N20,nominal,2.0NRT,274.68,0.39,N
6.76324,100.97511,300.21,0.46,0.39,2026-08-28,1838,N20,nominal,2.0NRT,274.74,0.43,N
6.76439,100.97622,302.57,0.46,0.39,2026-08-28,1838,N20,nominal,2.0NRT,274.56,0.59,N
39.86364,98.25513,316.21,0.32,0.55,2026-08-28,2010,N20,nominal,2.0NRT,290.64,1.36,N
39.84277,98.27386,346.2,0.32,0.55,2026-08-28,2010,N20,nominal,2.0NRT,288.19,3.44,N
39.82457,98.24122,296.5,0.32,0.55,2026-08-28,2010,N20,nominal,2.0NRT,286.07,0.39,N
39.81124,98.29213,301.06,0.33,0.55,2026-08-28,2010,N20,nominal,2.0NRT,289.41,1.98,N
39.80932,98.29947,304.09,0.33,0.55,2026-08-28,2010,N20,nominal,2.0NRT,289.89,1.91,N
36.44184,101.6023,298.42,0.6,0.71,2026-08-28,2010,N20,nominal,2.0NRT,276.92,1.15,N
37.34897,97.40992,299.83,0.34,0.56,2026-08-28,2010,N20,nominal,2.0NRT,281.3,0.67,N
38.92363,88.3236,301.66,0.39,0.36,2026-08-28,2010,N20,nominal,2.0NRT,291.25,0.89,N
37.303,77.71932,301.95,0.53,0.5,2026-08-28,2012,N20,nominal,2.0NRT,283.73,0.84,N
13.71465,79.62251,310.35,0.39,0.36,2026-08-28,2017,N20,nominal,2.0NRT,288.38,1.61,N
13.71189,79.61842,305.98,0.39,0.36,2026-08-28,2017,N20,nominal,2.0NRT,288.23,1.23,N
13.89451,77.03326,305.16,0.46,0.39,2026-08-28,2017,N20,nominal,2.0NRT,285.58,0.97,N
13.89907,76.56499,301.18,0.49,0.4,2026-08-28,2017,N20,nominal,2.0NRT,286.98,0.8,N
12.25146,79.63464,300.56,0.38,0.36,2026-08-28,2017,N20,nominal,2.0NRT,276.78,0.53,N
11.81577,77.91728,304.87,0.41,0.37,2026-08-28,2017,N20,nominal,2.0NRT,276.13,1.06,N
11.8118,77.92049,315.54,0.41,0.37,2026-08-28,2017,N20,nominal,2.0NRT,276.22,1.99,N
11.26826,80.00521,304.97,0.39,0.36,2026-08-28,2017,N20,nominal,2.0NRT,273.59,0.45,N
11.53513,77.22146,301.93,0.43,0.38,2026-08-28,2017,N20,nominal,2.0NRT,275.99,0.36,N
11.18338,79.09915,298.56,0.39,0.36,2026-08-28,2017,N20,nominal,2.0NRT,270.63,0.49,N
11.14093,77.35009,300.35,0.42,0.38,2026-08-28,2017,N20,nominal,2.0NRT,280.83,0.38,N
11.04049,77.71588,304.81,0.41,0.37,2026-08-28,2017,N20,nominal,2.0NRT,280.31,0.56,N
10.61592,77.42117,301.41,0.42,0.37,2026-08-28,2019,N20,nominal,2.0NRT,284.19,0.45,N
8.85032,78.13471,308.67,0.39,0.36,2026-08-28,2019,N20,nominal,2.0NRT,294.67,0.43,N
8.6718,77.99409,309.52,0.39,0.36,2026-08-28,2019,N20,nominal,2.0NRT,294.29,0.44,N
8.66846,77.99356,309.13,0.39,0.36,2026-08-28,2019,N20,nominal,2.0NRT,294.69,0.44,N
8.12189,80.80357,315.03,0.41,0.37,2026-08-28,2019,N20,nominal,2.0NRT,285.44,1.72,N
7.97165,81.09951,305.99,0.42,0.38,2026-08-28,2019,N20,nominal,2.0NRT,293.44,1.8,N
6.84606,81.45916,307.24,0.45,0.39,2026-08-28,2019,N20,nominal,2.0NRT,291.52,1.72,N
33.29786,71.18157,304.59,0.57,0.69,2026-08-28,2012,N20,nominal,2.0NRT,290.8,1.2,N
33.23682,71.51154,307.55,0.55,0.68,2026-08-28,2012,N20,nominal,2.0NRT,291.69,0.97,N
32.88945,71.6142,306.16,0.54,0.68,2026-08-28,2014,N20,nominal,2.0NRT,291.63,2.61,N
32.57872,72.56083,308.46,0.47,0.64,2026-08-28,2014,N20,nominal,2.0NRT,294.46,2.8,N
27.37636,95.08469,301.57,0.44,0.62,2026-08-28,2014,N20,nominal,2.0NRT,286.52,2.8,N
24.54276,97.73833,298.8,0.74,0.76,2026-08-28,2014,N20,nominal,2.0NRT,283.36,2.97,N
25.03661,87.38615,304.83,0.51,0.41,2026-08-28,2014,N20,nominal,2.0NRT,280.05,0.69,N
26.26645,74.18758,305.63,0.32,0.55,2026-08-28,2014,N20,nominal,2.0NRT,294.62,0.62,N
26.26726,74.18773,305.62,0.32,0.55,2026-08-28,2014,N20,nominal,2.0NRT,294.02,1.44,N
25.94442,72.18835,312.48,0.43,0.62,2026-08-28,2014,N20,nominal,2.0NRT,294.26,1.62,N
22.26705,75.13366,303.97,0.5,0.49,2026-08-28,2017,N20,nominal,2.0NRT,288.88,0.85,N
21.1097,72.63574,301.04,0.35,0.57,2026-08-28,2017,N20,nominal,2.0NRT,287.97,2.49,N
21.10903,72.64254,308.26,0.35,0.57,2026-08-28,2017,N20,nominal,2.0NRT,289.08,1.78,N
21.10869,72.64594,317.01,0.35,0.57,2026-08-28,2017,N20,nominal,2.0NRT,291.29,1.78,N
21.10907,72.63943,302.13,0.35,0.57,2026-08-28,2017,N20,nominal,2.0NRT,290.48,1.98,N
21.10871,72.64282,299.25,0.35,0.57,2026-08-28,2017,N20,nominal,2.0NRT,288.27,1.08,N
21.10835,72.64621,304.31,0.35,0.57,2026-08-28,2017,N20,nominal,2.0NRT,289.19,1.08,N
19.96314,79.33248,308.63,0.42,0.38,2026-08-28,2017,N20,nominal,2.0NRT,273.61,1.21,N
19.82014,79.23772,295.83,0.43,0.38,2026-08-28,2017,N20,nominal,2.0NRT,277.78,0.73,N
19.93703,73.71011,308.78,0.58,0.52,2026-08-28,2017,N20,nominal,2.0NRT,289.52,1.25,N
17.95662,80.79441,331.26,0.39,0.36,2026-08-28,2017,N20,nominal,2.0NRT,289.65,3.13,N
17.95774,80.78719,307.39,0.39,0.36,2026-08-28,2017,N20,nominal,2.0NRT,289.28,0.9,N
17.14254,77.18425,305.29,0.49,0.4,2026-08-28,2019,N20,nominal,2.0NRT,290.03,0.8,N
17.14009,77.17446,305.66,0.49,0.41,2026-08-28,2019,N20,nominal,2.0NRT,290.32,1.09,N
17.0624,76.98022,307.14,0.5,0.41,2026-08-28,2019,N20,nominal,2.0NRT,288.72,1.3,N
16.09608,79.16954,307.79,0.4,0.37,2026-08-28,2019,N20,nominal,2.0NRT,279.43,0.87,N
15.98432,79.14418,304.46,0.4,0.37,2026-08-28,2019,N20,nominal,2.0NRT,272.88,1.04,N
15.89742,79.43373,298.3,0.4,0.37,2026-08-28,2019,N20,nominal,2.0NRT,261.11,0.61,N
15.13364,79.95895,311.16,0.39,0.36,2026-08-28,2019,N20,nominal,2.0NRT,282.7,1.59,N
15.33618,76.28429,304.01,0.52,0.42,2026-08-28,2019,N20,nominal,2.0NRT,289.95,1.01,N
15.17731,77.1031,305.59,0.47,0.4,2026-08-28,2019,N20,nominal,2.0NRT,291.33,1.81,N
15.17739,77.10064,305.28,0.47,0.4,2026-08-28,2019,N20,nominal,2.0NRT,291.59,1.3,N
15.17368,76.78575,304.27,0.49,0.4,2026-08-28,2019,N20,nominal,2.0NRT,291.11,1.18,N
15.183,76.66542,321.1,0.5,0.41,2026-08-28,2019,N20,nominal,2.0NRT,292.07,2.73,N
15.1825,76.64178,330.42,0.5,0.41,2026-08-28,2019,N20,nominal,2.0NRT,292.13,4.32,N
15.18056,76.65565,306.01,0.5,0.41,2026-08-28,2019,N20,nominal,2.0NRT,291.74,2.43,N
15.17798,76.6741,305.04,0.5,0.41,2026-08-28,2019,N20,nominal,2.0NRT,291.74,1.45,N
15.1754,76.69256,315.2,0.5,0.41,2026-08-28,2019,N20,nominal,2.0NRT,291.4,1.87,N
15.17683,76.65511,332.64,0.5,0.41,2026-08-28,2019,N20,nominal,2.0NRT,293.92,2.43,N
15.11159,76.8063,303.23,0.49,0.4,2026-08-28,2019,N20,nominal,2.0NRT,290.45,0.89,N
14.60621,78.52273,308.2,0.41,0.37,2026-08-28,2019,N20,nominal,2.0NRT,289.18,1.33,N
33.62932,59.16946,306.23,0.39,0.36,2026-08-28,2153,N20,nominal,2.0NRT,290.2,1.1,N
32.92463,60.23212,307.03,0.39,0.36,2026-08-28,2153,N20,nominal,2.0NRT,292.67,1.36,N
33.2689,57.54264,302.86,0.41,0.37,2026-08-28,2153,N20,nominal,2.0NRT,288.86,0.43,N
32.63571,59.75659,301.88,0.38,0.36,2026-08-28,2153,N20,nominal,2.0NRT,287.94,0.57,N
33.04287,56.8474,323.2,0.43,0.38,2026-08-28,2153,N20,nominal,2.0NRT,296.92,1.98,N
33.04224,56.85199,317.56,0.43,0.38,2026-08-28,2153,N20,nominal,2.0NRT,296.16,1.98,N
31.43664,61.26069,327.4,0.41,0.37,2026-08-28,2153,N20,nominal,2.0NRT,301.44,2.47,N
31.4384,61.2305,323.79,0.4,0.37,2026-08-28,2153,N20,nominal,2.0NRT,300.36,2.46,N
31.43329,61.25991,322.9,0.41,0.37,2026-08-28,2153,N20,nominal,2.0NRT,300.55,2.47,N
32.33696,54.08894,301.29,0.56,0.43,2026-08-28,2153,N20,nominal,2.0NRT,289.7,1.51,N
32.33386,54.08717,304.54,0.56,0.43,2026-08-28,2153,N20,nominal,2.0NRT,289.68,1.13,N
31.94052,54.04225,313.38,0.56,0.43,2026-08-28,2153,N20,nominal,2.0NRT,292.87,2.91,N
31.43502,56.49179,299.94,0.43,0.38,2026-08-28,2153,N20,nominal,2.0NRT,289.47,0.4,N
31.62294,54.72252,305.35,0.51,0.41,2026-08-28,2153,N20,nominal,2.0NRT,291.99,1.9,N
30.75582,56.65511,306.31,0.42,0.38,2026-08-28,2153,N20,nominal,2.0NRT,294.26,1.82,N
30.75521,56.6595,313.58,0.42,0.38,2026-08-28,2153,N20,nominal,2.0NRT,292.76,1.62,N
30.66604,56.62206,314.66,0.42,0.38,2026-08-28,2153,N20,nominal,2.0NRT,289.68,1.51,N
30.73422,55.38697,305.68,0.47,0.4,2026-08-28,2153,N20,nominal,2.0NRT,290.86,0.92,N
30.36614,57.11303,298.67,0.41,0.37,2026-08-28,2153,N20,nominal,2.0NRT,287.56,0.48,N
30.36945,56.12959,301.53,0.43,0.38,2026-08-28,2153,N20,nominal,2.0NRT,289.94,1.29,N
30.37983,55.86131,299.47,0.44,0.39,2026-08-28,2153,N20,nominal,2.0NRT,289.28,0.76,N
30.23384,56.9093,325.36,0.41,0.37,2026-08-28,2153,N20,nominal,2.0NRT,293.41,3.57,N
30.37956,55.86332,304.77,0.44,0.39,2026-08-28,2153,N20,nominal,2.0NRT,290.16,0.91,N
30.3266,56.2246,300.16,0.43,0.38,2026-08-28,2153,N20,nominal,2.0NRT,289.39,0.59,N
30.32599,56.22906,299.78,0.43,0.38,2026-08-28,2153,N20,nominal,2.0NRT,289.75,0.62,N
30.32482,55.97551,302.94,0.44,0.38,2026-08-28,2153,N20,nominal,2.0NRT,290.48,0.65,N
30.32131,55.9749,303.41,0.44,0.38,2026-08-28,2153,N20,nominal,2.0NRT,289.88,0.65,N
29.47867,60.8077,304.97,0.41,0.37,2026-08-28,2155,N20,nominal,2.0NRT,290.64,0.97,N
30.21923,55.9833,304.14,0.44,0.38,2026-08-28,2155,N20,nominal,2.0NRT,289.43,0.69,N
30.21573,55.98272,309.9,0.44,0.38,2026-08-28,2155,N20,nominal,2.0NRT,289.67,1.58,N
29.9268,56.73226,316.3,0.41,0.37,2026-08-28,2155,N20,nominal,2.0NRT,289.73,2.84,N
30.0841,55.40117,300.98,0.46,0.39,2026-08-28,2155,N20,nominal,2.0NRT,289.79,1.42,N
30.08114,55.39579,312.32,0.46,0.39,2026-08-28,2155,N20,nominal,2.0NRT,293.22,1.42,N
29.99163,55.85326,305.68,0.44,0.38,2026-08-28,2155,N20,nominal,2.0NRT,287.68,0.41,N
29.98812,55.85262,327.4,0.44,0.38,2026-08-28,2155,N20,nominal,2.0NRT,287.88,3.36,N
29.9952,55.19724,305.26,0.47,0.4,2026-08-28,2155,N20,nominal,2.0NRT,290.15,0.76,N
29.8102,55.75345,300.47,0.44,0.39,2026-08-28,2155,N20,nominal,2.0NRT,289.96,0.4,N
29.70171,55.53756,312.04,0.45,0.39,2026-08-28,2155,N20,nominal,2.0NRT,289.5,0.87,N
29.51164,55.79889,301.78,0.44,0.38,2026-08-28,2155,N20,nominal,2.0NRT,289.18,0.56,N
29.44467,55.57285,299.53,0.45,0.39,2026-08-28,2155,N20,nominal,2.0NRT,285.34,0.44,N
25.9441,72.19492,304.05,0.66,0.73,2026-08-28,2155,N20,nominal,2.0NRT,291.75,1.16,N
25.9405,72.1935,303.76,0.66,0.73,2026-08-28,2155,N20,nominal,2.0NRT,291.23,0.95,N
29.15143,55.36403,310.15,0.45,0.39,2026-08-28,2155,N20,nominal,2.0NRT,291.2,0.81,N
29.1519,55.367,309.77,0.45,0.39,2026-08-28,2155,N20,nominal,2.0NRT,292.46,1.59,N
29.13582,55.37841,304.6,0.45,0.39,2026-08-28,2155,N20,nominal,2.0NRT,293.83,1.83,N
28.71829,54.52515,308.35,0.49,0.4,2026-08-28,2155,N20,nominal,2.0NRT,292.21,0.74,N
28.71971,54.52356,309.06,0.49,0.4,2026-08-28,2155,N20,nominal,2.0NRT,291.41,0.67,N
27.22695,60.49061,317.38,0.42,0.38,2026-08-28,2155,N20,nominal,2.0NRT,300.26,2.82,N
27.37571,58.00748,330.8,0.38,0.36,2026-08-28,2155,N20,nominal,2.0NRT,300.34,3.96,N
27.37511,58.01132,317.19,0.38,0.36,2026-08-28,2155,N20,nominal,2.0NRT,300.45,3.96,N
27.4229,56.50089,322.18,0.4,0.37,2026-08-28,2155,N20,nominal,2.0NRT,301.65,1.8,N
27.30119,56.3048,317.56,0.41,0.37,2026-08-28,2155,N20,nominal,2.0NRT,301.53,1.48,N
27.16954,56.09822,313.17,0.41,0.37,2026-08-28,2155,N20,nominal,2.0NRT,301.95,1.13,N
27.17205,56.05635,324.36,0.41,0.37,2026-08-28,2155,N20,nominal,2.0NRT,301.85,1.31,N
27.16923,56.05161,324.61,0.41,0.37,2026-08-28,2155,N20,nominal,2.0NRT,302.01,2.29,N
27.16215,56.10112,344.02,0.41,0.37,2026-08-28,2155,N20,nominal,2.0NRT,304.62,6.85,N
27.16865,56.05574,313.16,0.41,0.37,2026-08-28,2155,N20,nominal,2.0NRT,301.84,1.31,N
27.15875,56.1005,331.63,0.41,0.37,2026-08-28,2155,N20,nominal,2.0NRT,301.84,2.96,N
27.16229,56.07575,318.46,0.41,0.37,2026-08-28,2155,N20,nominal,2.0NRT,301.36,1.1,N
27.14678,56.11101,317.76,0.41,0.37,2026-08-28,2155,N20,nominal,2.0NRT,301.11,1.22,N
25.97334,56.06873,322.86,0.4,0.37,2026-08-28,2155,N20,nominal,2.0NRT,304.45,1.99,N
25.96659,56.06751,317.83,0.4,0.37,2026-08-28,2155,N20,nominal,2.0NRT,304.42,0.95,N
25.57154,55.98963,313.82,0.4,0.37,2026-08-28,2155,N20,nominal,2.0NRT,303.23,0.95,N
25.55862,55.98326,318.41,0.4,0.37,2026-08-28,2155,N20,nominal,2.0NRT,303.05,1.18,N
25.30772,56.37367,331.05,0.39,0.37,2026-08-28,2155,N20,nominal,2.0NRT,303.98,2.05,N
24.50688,56.594,321.4,0.39,0.36,2026-08-28,2155,N20,nominal,2.0NRT,306.36,1.76,N
24.50514,56.60543,334.27,0.39,0.36,2026-08-28,2155,N20,nominal,2.0NRT,306.63,2.3,N
24.50456,56.60924,327.73,0.39,0.36,2026-08-28,2155,N20,nominal,2.0NRT,304.72,2.3,N
24.50183,56.60482,317.55,0.39,0.36,2026-08-28,2155,N20,nominal,2.0NRT,304.17,2.3,N
24.47342,56.63486,316.55,0.39,0.36,2026-08-28,2155,N20,nominal,2.0NRT,302.93,1.18,N
24.45519,56.55333,325.41,0.39,0.36,2026-08-28,2155,N20,nominal,2.0NRT,304.63,2.06,N
24.60717,54.14978,333.72,0.46,0.39,2026-08-28,2155,N20,nominal,2.0NRT,305.13,4.31,N
24.5096,54.01616,332.32,0.46,0.39,2026-08-28,2155,N20,nominal,2.0NRT,304.76,4.25,N
24.44414,54.25824,334.55,0.45,0.39,2026-08-28,2155,N20,nominal,2.0NRT,305.19,3.58,N
24.32901,54.47008,325.58,0.44,0.38,2026-08-28,2155,N20,nominal,2.0NRT,304.4,2.36,N
24.00315,55.44115,313.93,0.41,0.37,2026-08-28,2155,N20,nominal,2.0NRT,303.53,1.92,N
23.55495,58.20003,320.04,0.39,0.36,2026-08-28,2155,N20,nominal,2.0NRT,305.76,1.02,N
23.48388,58.28035,324.84,0.39,0.36,2026-08-28,2155,N20,nominal,2.0NRT,307.03,1.56,N
23.36527,56.28244,322.43,0.39,0.36,2026-08-28,2155,N20,nominal,2.0NRT,303.79,1.94,N
22.66006,59.4083,315.67,0.42,0.38,2026-08-28,2155,N20,nominal,2.0NRT,302.59,1.34,N
23.19254,55.45799,323.26,0.4,0.37,2026-08-28,2155,N20,nominal,2.0NRT,303.05,1.16,N
23.19197,55.46191,312.57,0.4,0.37,2026-08-28,2155,N20,nominal,2.0NRT,302.11,1.16,N
23.18917,55.45741,319.27,0.4,0.37,2026-08-28,2155,N20,nominal,2.0NRT,302.72,2.34,N
23.15463,55.4484,317.84,0.4,0.37,2026-08-28,2155,N20,nominal,2.0NRT,302.39,1.27,N
23.31259,54.17531,315.19,0.44,0.39,2026-08-28,2155,N20,nominal,2.0NRT,301.3,1.65,N
23.31199,54.17964,314.79,0.44,0.39,2026-08-28,2155,N20,nominal,2.0NRT,300.61,1.13,N
22.70587,57.57869,312.05,0.39,0.36,2026-08-28,2155,N20,nominal,2.0NRT,298.79,5.27,N
22.87992,55.92346,315.2,0.39,0.36,2026-08-28,2155,N20,nominal,2.0NRT,301.2,0.59,N
22.87465,55.6163,329.56,0.4,0.37,2026-08-28,2155,N20,nominal,2.0NRT,300.85,3.86,N
22.78443,55.81328,313.56,0.39,0.36,2026-08-28,2155,N20,nominal,2.0NRT,300.68,0.95,N
22.67351,56.25117,312.78,0.39,0.36,2026-08-28,2155,N20,nominal,2.0NRT,300.54,0.66,N
22.40561,56.99051,330.54,0.38,0.36,2026-08-28,2155,N20,nominal,2.0NRT,300.1,2.71,N
22.32743,56.48987,333.71,0.39,0.36,2026-08-28,2157,N20,nominal,2.0NRT,301.84,5.26,N
22.32701,56.47075,330.21,0.39,0.36,2026-08-28,2157,N20,nominal,2.0NRT,301.51,1.87,N
22.52526,54.04971,325.48,0.44,0.39,2026-08-28,2157,N20,nominal,2.0NRT,301.25,1.86,N
21.9392,57.07432,317.56,0.38,0.36,2026-08-28,2157,N20,nominal,2.0NRT,297.43,1.17,N
21.93591,57.07372,336.19,0.38,0.36,2026-08-28,2157,N20,nominal,2.0NRT,297.37,3.61,N
21.89093,56.84546,331.51,0.38,0.36,2026-08-28,2157,N20,nominal,2.0NRT,299.12,2.35,N
21.83529,56.68047,329.28,0.38,0.36,2026-08-28,2157,N20,nominal,2.0NRT,299.03,2.33,N
21.6632,56.41145,317.26,0.38,0.36,2026-08-28,2157,N20,nominal,2.0NRT,299.36,1.29,N
21.46246,57.24614,321.49,0.39,0.36,2026-08-28,2157,N20,nominal,2.0NRT,297.55,0.93,N
21.64941,55.99464,331.41,0.39,0.36,2026-08-28,2157,N20,nominal,2.0NRT,304.57,3.05,N
21.33361,57.72329,316.72,0.39,0.36,2026-08-28,2157,N20,nominal,2.0NRT,295.88,1.88,N
21.32034,57.72081,331.3,0.39,0.36,2026-08-28,2157,N20,nominal,2.0NRT,295.75,2.67,N
21.31332,57.74263,326.57,0.39,0.36,2026-08-28,2157,N20,nominal,2.0NRT,295.19,2.11,N
21.3127,57.74637,326.49,0.39,0.36,2026-08-28,2157,N20,nominal,2.0NRT,296.03,2.11,N
21.30401,57.79882,305.53,0.39,0.36,2026-08-28,2157,N20,nominal,2.0NRT,292.27,1.07,N
21.30561,57.70652,321.62,0.39,0.36,2026-08-28,2157,N20,nominal,2.0NRT,295.45,1.35,N
21.29692,57.67915,314.24,0.39,0.36,2026-08-28,2157,N20,nominal,2.0NRT,294.56,0.99,N
21.33561,56.69812,312.04,0.38,0.36,2026-08-28,2157,N20,nominal,2.0NRT,298.57,4.05,N
21.33232,56.69753,342.39,0.38,0.36,2026-08-28,2157,N20,nominal,2.0NRT,300.87,4.05,N
21.33174,56.7012,308.95,0.38,0.36,2026-08-28,2157,N20,nominal,2.0NRT,297.55,4.05,N
20.98714,56.77262,307.45,0.38,0.36,2026-08-28,2157,N20,nominal,2.0NRT,295.98,0.45,N
21.00184,56.53038,332.78,0.38,0.36,2026-08-28,2157,N20,nominal,2.0NRT,300.29,3.68,N
20.56045,56.41876,308.05,0.38,0.36,2026-08-28,2157,N20,nominal,2.0NRT,295.91,0.75,N
20.37775,55.93304,327.26,0.39,0.36,2026-08-28,2157,N20,nominal,2.0NRT,297.37,2.05,N
20.37718,55.93671,324.95,0.39,0.36,2026-08-28,2157,N20,nominal,2.0NRT,297.75,1.94,N
20.38895,55.66318,334.55,0.39,0.36,2026-08-28,2157,N20,nominal,2.0NRT,298.29,4.22,N
20.3846,55.64726,329.94,0.39,0.36,2026-08-28,2157,N20,nominal,2.0NRT,298.85,2.25,N
20.21163,55.71237,325.67,0.39,0.36,2026-08-28,2157,N20,nominal,2.0NRT,297.22,1.51,N
20.02427,56.15031,307.67,0.38,0.36,2026-08-28,2157,N20,nominal,2.0NRT,295.91,0.64,N
19.26912,56.17626,314.21,0.38,0.36,2026-08-28,2157,N20,nominal,2.0NRT,295.02,0.76,N
18.69012,55.50813,305.59,0.39,0.36,2026-08-28,2157,N20,nominal,2.0NRT,294.62,0.63,N
18.68738,55.50394,331.28,0.39,0.36,2026-08-28,2157,N20,nominal,2.0NRT,295.46,6.66,N
18.68682,55.50757,316.17,0.39,0.36,2026-08-28,2157,N20,nominal,2.0NRT,297.49,7.49,N
18.3246,55.10391,329.62,0.39,0.36,2026-08-28,2157,N20,nominal,2.0NRT,297.94,2.22,N
18.32404,55.10756,320.08,0.39,0.36,2026-08-28,2157,N20,nominal,2.0NRT,298.39,2.22,N
18.03513,54.6426,342.64,0.39,0.37,2026-08-28,2157,N20,nominal,2.0NRT,302.22,9.39,N
18.03291,54.63464,314.32,0.39,0.37,2026-08-28,2157,N20,nominal,2.0NRT,297.68,1.38,N
18.02184,54.57198,311.34,0.4,0.37,2026-08-28,2157,N20,nominal,2.0NRT,294.35,3.02,N
18.01515,54.57088,334.39,0.4,0.37,2026-08-28,2157,N20,nominal,2.0NRT,302.05,11.1,N
18.01459,54.57459,367,0.4,0.37,2026-08-28,2157,N20,high,2.0NRT,311.04,11.1,N
18.0118,54.57032,318.07,0.4,0.37,2026-08-28,2157,N20,nominal,2.0NRT,298.26,11.1,N
18.01124,54.57404,318.88,0.4,0.37,2026-08-28,2157,N20,nominal,2.0NRT,299.23,11.1,N
39.82933,66.93678,303.83,0.5,0.41,2026-08-28,2153,N20,nominal,2.0NRT,292.74,0.55,N
39.17729,68.61267,300.28,0.41,0.45,2026-08-28,2153,N20,nominal,2.0NRT,284.48,1.09,N
39.92495,63.10221,327.98,0.39,0.36,2026-08-28,2153,N20,nominal,2.0NRT,298.46,6.54,N
39.84803,63.16996,330.81,0.39,0.36,2026-08-28,2153,N20,nominal,2.0NRT,296.05,4.56,N
39.4993,64.69528,310.21,0.42,0.38,2026-08-28,2153,N20,nominal,2.0NRT,294.82,1,N
39.18495,65.31284,308.76,0.45,0.39,2026-08-28,2153,N20,nominal,2.0NRT,295.65,0.83,N
39.28324,63.04798,315.66,0.39,0.36,2026-08-28,2153,N20,nominal,2.0NRT,295.35,1.53,N
39.25089,63.21766,305.48,0.39,0.37,2026-08-28,2153,N20,nominal,2.0NRT,292.76,0.82,N
39.24836,63.21223,313.15,0.39,0.37,2026-08-28,2153,N20,nominal,2.0NRT,292.97,0.93,N
39.17832,63.57729,303.1,0.4,0.37,2026-08-28,2153,N20,nominal,2.0NRT,292.19,0.53,N
39.20684,63.2524,304.11,0.4,0.37,2026-08-28,2153,N20,nominal,2.0NRT,293.43,0.61,N
39.20218,63.27945,304.07,0.4,0.37,2026-08-28,2153,N20,nominal,2.0NRT,291.93,0.67,N
39.17899,63.35339,306.77,0.4,0.37,2026-08-28,2153,N20,nominal,2.0NRT,293.19,0.52,N
39.15929,63.46666,306.76,0.4,0.37,2026-08-28,2153,N20,nominal,2.0NRT,291.83,0.58,N
39.1734,63.28547,311.41,0.4,0.37,2026-08-28,2153,N20,nominal,2.0NRT,292.54,1.47,N
39.16816,63.25561,324.3,0.4,0.37,2026-08-28,2153,N20,nominal,2.0NRT,296.27,1.39,N
39.16739,63.26011,306.43,0.4,0.37,2026-08-28,2153,N20,nominal,2.0NRT,293.65,1.39,N
39.15722,63.31875,319.87,0.4,0.37,2026-08-28,2153,N20,nominal,2.0NRT,293.35,1.71,N
39.15488,63.32048,324.58,0.4,0.37,2026-08-28,2153,N20,nominal,2.0NRT,295.19,1.5,N
39.16493,63.26181,308.19,0.4,0.37,2026-08-28,2153,N20,nominal,2.0NRT,294.4,0.85,N
39.12659,63.4645,303.43,0.4,0.37,2026-08-28,2153,N20,nominal,2.0NRT,292.61,0.41,N
39.13111,63.41817,302.63,0.4,0.37,2026-08-28,2153,N20,nominal,2.0NRT,292.51,0.65,N
38.998,64.11529,307.88,0.41,0.37,2026-08-28,2153,N20,nominal,2.0NRT,294.96,0.77,N
39.12919,63.30844,313.11,0.4,0.37,2026-08-28,2153,N20,nominal,2.0NRT,293.78,1.31,N
39.11712,63.33818,315.16,0.4,0.37,2026-08-28,2153,N20,nominal,2.0NRT,293.25,1.02,N
39.10617,63.40153,302.87,0.4,0.37,2026-08-28,2153,N20,nominal,2.0NRT,291.67,0.43,N
39.0871,63.49136,307.3,0.4,0.37,2026-08-28,2153,N20,nominal,2.0NRT,293.05,0.79,N
39.08537,63.48131,305,0.4,0.37,2026-08-28,2153,N20,nominal,2.0NRT,292.12,0.53,N
39.07903,63.51769,305.79,0.4,0.37,2026-08-28,2153,N20,nominal,2.0NRT,292.69,0.56,N
39.01791,63.70651,308.3,0.4,0.37,2026-08-28,2153,N20,nominal,2.0NRT,294.66,0.95,N
39.05694,63.44457,316.2,0.4,0.37,2026-08-28,2153,N20,nominal,2.0NRT,292.29,1.45,N
38.98807,63.58936,305.88,0.4,0.37,2026-08-28,2153,N20,nominal,2.0NRT,293.84,0.46,N
38.97355,63.65242,306.82,0.4,0.37,2026-08-28,2153,N20,nominal,2.0NRT,293.16,0.82,N
38.95581,63.75341,308.44,0.41,0.37,2026-08-28,2153,N20,nominal,2.0NRT,294.08,0.9,N
38.97469,63.46594,312.1,0.4,0.37,2026-08-28,2153,N20,nominal,2.0NRT,295.26,1.23,N
38.9739,63.47048,307.6,0.4,0.37,2026-08-28,2153,N20,nominal,2.0NRT,295.16,0.82,N
38.9101,63.79341,309.31,0.41,0.37,2026-08-28,2153,N20,nominal,2.0NRT,293.64,1.17,N
38.8742,63.79752,307.32,0.41,0.37,2026-08-28,2153,N20,nominal,2.0NRT,292.32,0.61,N
38.45382,65.80656,307.53,0.48,0.4,2026-08-28,2153,N20,nominal,2.0NRT,293.84,1.59,N
38.77534,63.81504,305.86,0.41,0.37,2026-08-28,2153,N20,nominal,2.0NRT,293.67,0.51,N
38.05178,67.26805,323.69,0.56,0.43,2026-08-28,2153,N20,nominal,2.0NRT,294,2.8,N
38.65311,63.98172,310.47,0.41,0.37,2026-08-28,2153,N20,nominal,2.0NRT,292.51,0.88,N
38.40162,64.41123,310.8,0.43,0.38,2026-08-28,2153,N20,nominal,2.0NRT,296.1,0.93,N
38.14075,65.59684,305.09,0.47,0.4,2026-08-28,2153,N20,nominal,2.0NRT,293.2,0.99,N
38.16755,64.57346,310.56,0.43,0.38,2026-08-28,2153,N20,nominal,2.0NRT,296.98,1.06,N
38.12966,64.67284,309.42,0.44,0.38,2026-08-28,2153,N20,nominal,2.0NRT,297.27,1.18,N
37.9306,65.63962,309.75,0.48,0.4,2026-08-28,2153,N20,nominal,2.0NRT,295.26,1.29,N
38.05309,64.90535,307.53,0.45,0.39,2026-08-28,2153,N20,nominal,2.0NRT,295.79,0.87,N
37.96736,65.00631,303.8,0.45,0.39,2026-08-28,2153,N20,nominal,2.0NRT,293.33,0.4,N
37.96501,65.00371,304.09,0.45,0.39,2026-08-28,2153,N20,nominal,2.0NRT,293.99,0.63,N
37.90438,65.10812,304.35,0.46,0.39,2026-08-28,2153,N20,nominal,2.0NRT,294.17,0.8,N
37.83138,65.17742,310.51,0.46,0.39,2026-08-28,2153,N20,nominal,2.0NRT,293.7,0.69,N
37.82533,65.17015,311.68,0.46,0.39,2026-08-28,2153,N20,nominal,2.0NRT,295.22,1.26,N
37.8296,65.17556,311.15,0.46,0.39,2026-08-28,2153,N20,nominal,2.0NRT,294.27,2.13,N
37.80454,65.18954,306.47,0.46,0.39,2026-08-28,2153,N20,nominal,2.0NRT,294.11,0.55,N
37.9603,62.66649,310.78,0.39,0.36,2026-08-28,2153,N20,nominal,2.0NRT,295.17,0.89,N
37.98476,61.88627,308.71,0.39,0.36,2026-08-28,2153,N20,nominal,2.0NRT,295.73,1.31,N
37.79916,62.54858,317.65,0.39,0.36,2026-08-28,2153,N20,nominal,2.0NRT,293.49,1.76,N
37.79841,62.55297,316.84,0.39,0.36,2026-08-28,2153,N20,nominal,2.0NRT,295.41,1.96,N
37.79075,62.53713,306.35,0.39,0.36,2026-08-28,2153,N20,nominal,2.0NRT,293.61,0.64,N
37.78746,62.53625,328.13,0.39,0.36,2026-08-28,2153,N20,nominal,2.0NRT,294.66,2.13,N
37.78566,62.52658,303.39,0.39,0.36,2026-08-28,2153,N20,nominal,2.0NRT,292.23,0.23,N
37.82766,61.98969,303.58,0.39,0.36,2026-08-28,2153,N20,nominal,2.0NRT,292.61,0.51,N
37.77811,62.10344,310.97,0.39,0.36,2026-08-28,2153,N20,nominal,2.0NRT,294.98,1.01,N
37.8463,61.60247,313.8,0.38,0.36,2026-08-28,2153,N20,nominal,2.0NRT,293.14,0.74,N
37.77647,62.03057,309.53,0.39,0.36,2026-08-28,2153,N20,nominal,2.0NRT,293.24,0.59,N
37.74281,62.13042,321.54,0.39,0.36,2026-08-28,2153,N20,nominal,2.0NRT,294.46,1.81,N
37.74162,62.07574,315.62,0.39,0.36,2026-08-28,2153,N20,nominal,2.0NRT,293.3,0.84,N
37.72817,62.09486,328.75,0.39,0.36,2026-08-28,2153,N20,nominal,2.0NRT,295.26,2.17,N
37.75071,61.85377,311.51,0.39,0.36,2026-08-28,2153,N20,nominal,2.0NRT,292.98,1.11,N
37.74886,61.84427,309.91,0.39,0.36,2026-08-28,2153,N20,nominal,2.0NRT,293.55,0.43,N
38.25738,58.39034,315.82,0.43,0.38,2026-08-28,2153,N20,nominal,2.0NRT,299.66,2.17,N
37.74558,61.84342,316.3,0.39,0.36,2026-08-28,2153,N20,nominal,2.0NRT,294.7,0.93,N
37.79487,61.49647,314.73,0.38,0.36,2026-08-28,2153,N20,nominal,2.0NRT,296.08,1.36,N
37.67064,62.23545,315.57,0.39,0.36,2026-08-28,2153,N20,nominal,2.0NRT,293.52,1.26,N
37.66991,62.2398,303.61,0.39,0.36,2026-08-28,2153,N20,nominal,2.0NRT,293.11,0.9,N
37.65532,62.24504,306.65,0.39,0.36,2026-08-28,2153,N20,nominal,2.0NRT,292.74,0.59,N
37.64874,62.24329,304.02,0.39,0.36,2026-08-28,2153,N20,nominal,2.0NRT,291.23,0.36,N
38.68054,54.31693,325.86,0.43,0.46,2026-08-28,2153,N20,nominal,2.0NRT,289.86,2.44,N
37.63812,62.20417,320.43,0.39,0.36,2026-08-28,2153,N20,nominal,2.0NRT,293.35,1.7,N
37.7049,61.77886,303.74,0.39,0.36,2026-08-28,2153,N20,nominal,2.0NRT,293.66,0.32,N
37.68466,61.88169,302.74,0.39,0.36,2026-08-28,2153,N20,nominal,2.0NRT,292.32,0.66,N
37.62937,62.21546,312.77,0.39,0.36,2026-08-28,2153,N20,nominal,2.0NRT,294.52,1.3,N
37.62681,62.21026,306.28,0.39,0.36,2026-08-28,2153,N20,nominal,2.0NRT,294.48,1.3,N
37.62677,62.16941,327.53,0.39,0.36,2026-08-28,2153,N20,nominal,2.0NRT,295.04,1.8,N
37.62416,62.12341,310.4,0.39,0.36,2026-08-28,2153,N20,nominal,2.0NRT,293.57,1,N
37.62127,62.14077,314.48,0.39,0.36,2026-08-28,2153,N20,nominal,2.0NRT,295.72,1.05,N
37.65675,61.90601,318.93,0.39,0.36,2026-08-28,2153,N20,nominal,2.0NRT,294.32,0.92,N
37.61871,62.13557,310.03,0.39,0.36,2026-08-28,2153,N20,nominal,2.0NRT,294.86,1.05,N
37.61798,62.1399,307.4,0.39,0.36,2026-08-28,2153,N20,nominal,2.0NRT,295.23,1.05,N
37.65347,61.90515,308.06,0.39,0.36,2026-08-28,2153,N20,nominal,2.0NRT,293.67,0.73,N
38.26142,57.65724,313.35,0.45,0.39,2026-08-28,2153,N20,nominal,2.0NRT,298.98,3.17,N
38.22019,57.98719,307.49,0.44,0.38,2026-08-28,2153,N20,nominal,2.0NRT,296.6,1.7,N
37.62761,61.95906,306.03,0.39,0.36,2026-08-28,2153,N20,nominal,2.0NRT,293.64,1.23,N
38.19435,58.10293,314.76,0.44,0.38,2026-08-28,2153,N20,nominal,2.0NRT,296.55,1.06,N
38.14848,58.39534,307,0.43,0.38,2026-08-28,2153,N20,nominal,2.0NRT,296.3,0.84,N
37.63157,61.72598,307.56,0.39,0.36,2026-08-28,2153,N20,nominal,2.0NRT,293.31,0.33,N
37.60748,61.70631,303.07,0.39,0.36,2026-08-28,2153,N20,nominal,2.0NRT,291.9,0.27,N
37.61253,61.59105,320.22,0.38,0.36,2026-08-28,2153,N20,nominal,2.0NRT,295.85,1.61,N
37.61043,61.60397,329.3,0.38,0.36,2026-08-28,2153,N20,nominal,2.0NRT,296.62,3.59,N
37.60974,61.60827,329.13,0.38,0.36,2026-08-28,2153,N20,nominal,2.0NRT,298.34,3.59,N
37.80901,60.32952,306.57,0.39,0.36,2026-08-28,2153,N20,nominal,2.0NRT,293.23,0.38,N
37.61531,61.57383,316.93,0.38,0.36,2026-08-28,2153,N20,nominal,2.0NRT,294.54,1.28,N
37.61461,61.57813,317.06,0.38,0.36,2026-08-28,2153,N20,nominal,2.0NRT,296.5,1.73,N
37.55689,61.93166,310.62,0.39,0.36,2026-08-28,2153,N20,nominal,2.0NRT,293.87,1.13,N
37.61134,61.5773,315.02,0.38,0.36,2026-08-28,2153,N20,nominal,2.0NRT,295.41,2.14,N
37.60876,61.57215,314.75,0.38,0.36,2026-08-28,2153,N20,nominal,2.0NRT,294.01,1.12,N
37.57163,61.80043,312.35,0.39,0.36,2026-08-28,2153,N20,nominal,2.0NRT,294.81,1.28,N
37.60499,61.55326,305.61,0.38,0.36,2026-08-28,2153,N20,nominal,2.0NRT,295.43,0.88,N
37.59706,61.56021,323.05,0.38,0.36,2026-08-28,2153,N20,nominal,2.0NRT,296.17,1.26,N
37.59775,61.5559,304.7,0.38,0.36,2026-08-28,2153,N20,nominal,2.0NRT,292.82,1.26,N
37.55524,61.7962,309.68,0.39,0.36,2026-08-28,2153,N20,nominal,2.0NRT,294.23,0.63,N
37.59537,61.52841,318.43,0.38,0.36,2026-08-28,2153,N20,nominal,2.0NRT,294.57,0.91,N
37.59158,61.52896,330.63,0.38,0.36,2026-08-28,2153,N20,nominal,2.0NRT,295.26,2.28,N
37.58603,61.56341,328.68,0.38,0.36,2026-08-28,2153,N20,nominal,2.0NRT,296.71,1.64,N
37.58345,61.55827,319.21,0.38,0.36,2026-08-28,2153,N20,nominal,2.0NRT,294.29,2.75,N
37.58276,61.56258,312.39,0.38,0.36,2026-08-28,2153,N20,nominal,2.0NRT,295.26,1.64,N
37.50329,61.9869,303.13,0.39,0.36,2026-08-28,2153,N20,nominal,2.0NRT,291.95,0.7,N
37.50258,61.99122,306.12,0.39,0.36,2026-08-28,2153,N20,nominal,2.0NRT,293.05,0.72,N
37.47931,62.00772,305.78,0.39,0.36,2026-08-28,2153,N20,nominal,2.0NRT,293.16,0.58,N
37.42535,62.31065,320.1,0.39,0.36,2026-08-28,2153,N20,nominal,2.0NRT,292.41,1.57,N
37.49909,61.84618,328.1,0.39,0.36,2026-08-28,2153,N20,nominal,2.0NRT,297.35,2.26,N
37.49838,61.8505,317.84,0.39,0.36,2026-08-28,2153,N20,nominal,2.0NRT,295.82,2.26,N
37.72469,60.36973,304.32,0.39,0.36,2026-08-28,2153,N20,nominal,2.0NRT,293.74,0.51,N
37.44741,62.07615,303.14,0.39,0.36,2026-08-28,2153,N20,nominal,2.0NRT,292.15,0.64,N
37.40486,62.30978,307.35,0.39,0.36,2026-08-28,2153,N20,nominal,2.0NRT,292.89,0.79,N
37.94715,58.58694,308.04,0.42,0.38,2026-08-28,2153,N20,nominal,2.0NRT,295.26,0.7,N
37.94346,58.56168,313.94,0.42,0.38,2026-08-28,2153,N20,nominal,2.0NRT,296.11,1.89,N
37.622,60.44173,317.63,0.39,0.36,2026-08-28,2153,N20,nominal,2.0NRT,294.29,1.8,N
37.52804,61.04993,309.63,0.38,0.36,2026-08-28,2153,N20,nominal,2.0NRT,296.15,0.98,N
37.63383,60.34103,321.69,0.39,0.36,2026-08-28,2153,N20,nominal,2.0NRT,296.04,1.81,N
37.63448,60.33669,304.9,0.39,0.36,2026-08-28,2153,N20,nominal,2.0NRT,292.77,1.09,N
37.61937,60.39161,309.71,0.39,0.36,2026-08-28,2153,N20,nominal,2.0NRT,295.04,0.95,N
37.51311,61.01498,318.68,0.38,0.36,2026-08-28,2153,N20,nominal,2.0NRT,295.36,0.98,N
37.50984,61.01418,307.97,0.38,0.36,2026-08-28,2153,N20,nominal,2.0NRT,293.55,0.64,N
37.50454,61.02625,319.57,0.38,0.36,2026-08-28,2153,N20,nominal,2.0NRT,295.52,1.64,N
37.82867,58.38235,316.04,0.42,0.38,2026-08-28,2153,N20,nominal,2.0NRT,296.52,1.82,N
37.21931,62.39711,305.69,0.39,0.36,2026-08-28,2153,N20,nominal,2.0NRT,292.43,0.6,N
37.34843,61.36429,321.07,0.38,0.36,2026-08-28,2153,N20,nominal,2.0NRT,295.22,1.85,N
37.48684,60.45656,300.86,0.39,0.36,2026-08-28,2153,N20,nominal,2.0NRT,290.76,0.53,N
37.48618,60.46088,303.31,0.39,0.36,2026-08-28,2153,N20,nominal,2.0NRT,292.7,0.64,N
37.36736,61.05255,308.29,0.38,0.36,2026-08-28,2153,N20,nominal,2.0NRT,293.64,0.69,N
37.11903,62.3634,331.27,0.39,0.36,2026-08-28,2153,N20,nominal,2.0NRT,297.65,3.45,N
37.32739,61.08902,305.13,0.38,0.36,2026-08-28,2153,N20,nominal,2.0NRT,294.16,0.68,N
37.32604,61.09759,304,0.38,0.36,2026-08-28,2153,N20,nominal,2.0NRT,293.22,0.69,N
37.11573,62.36251,315.48,0.39,0.36,2026-08-28,2153,N20,nominal,2.0NRT,295.13,3.45,N
37.11499,62.36688,310.04,0.39,0.36,2026-08-28,2153,N20,nominal,2.0NRT,295.18,1.15,N
37.3056,61.11924,324.59,0.38,0.36,2026-08-28,2153,N20,nominal,2.0NRT,294.81,1.75,N
37.35587,60.4674,309.31,0.39,0.36,2026-08-28,2153,N20,nominal,2.0NRT,295.32,0.54,N
37.03381,62.4183,328.61,0.39,0.36,2026-08-28,2153,N20,nominal,2.0NRT,299,5.36,N
37.18153,60.8677,305.83,0.38,0.36,2026-08-28,2153,N20,nominal,2.0NRT,294.05,0.85,N
37.21885,60.02163,326.43,0.39,0.36,2026-08-28,2153,N20,nominal,2.0NRT,295.68,2.15,N
37.4551,57.68601,311.47,0.44,0.39,2026-08-28,2153,N20,nominal,2.0NRT,293.7,1.36,N
37.34048,58.04595,300.9,0.43,0.38,2026-08-28,2153,N20,nominal,2.0NRT,289.96,1,N
36.47607,61.62503,307.17,0.39,0.36,2026-08-28,2153,N20,nominal,2.0NRT,296.11,2.32,N
36.43977,61.21942,326.75,0.38,0.36,2026-08-28,2153,N20,nominal,2.0NRT,296.57,2.37,N
36.41479,61.22648,303.91,0.38,0.36,2026-08-28,2153,N20,nominal,2.0NRT,293.66,0.4,N
36.67373,59.02234,312.94,0.4,0.37,2026-08-28,2153,N20,nominal,2.0NRT,288.21,0.51,N
36.67037,59.0216,305.31,0.4,0.37,2026-08-28,2153,N20,nominal,2.0NRT,288.19,0.65,N
36.4777,59.7445,305.61,0.39,0.36,2026-08-28,2153,N20,nominal,2.0NRT,292.76,0.72,N
36.49784,59.33402,308.7,0.4,0.37,2026-08-28,2153,N20,nominal,2.0NRT,291.41,1.09,N
35.90834,62.96616,312.01,0.41,0.37,2026-08-28,2153,N20,nominal,2.0NRT,296.66,1.53,N
36.34718,59.68673,303.01,0.39,0.36,2026-08-28,2153,N20,nominal,2.0NRT,290.99,0.4,N
36.27045,59.65155,309.76,0.39,0.36,2026-08-28,2153,N20,nominal,2.0NRT,294.15,1.07,N
36.23789,59.73298,306.18,0.39,0.36,2026-08-28,2153,N20,nominal,2.0NRT,293.35,1.39,N
36.34332,58.67851,309.27,0.41,0.37,2026-08-28,2153,N20,nominal,2.0NRT,292.72,1.11,N
36.29726,54.78684,310.2,0.38,0.43,2026-08-28,2155,N20,nominal,2.0NRT,293.63,1.22,N
33.23701,71.51503,309.68,0.4,0.6,2026-08-28,2155,N20,nominal,2.0NRT,291.76,2.92,N
33.2984,71.18697,307,0.38,0.59,2026-08-28,2155,N20,nominal,2.0NRT,292.07,1.71,N
33.24471,71.2981,311.46,0.39,0.59,2026-08-28,2155,N20,nominal,2.0NRT,292.36,2.3,N
32.88903,71.61543,314.37,0.42,0.61,2026-08-28,2155,N20,nominal,2.0NRT,292.75,3.03,N
35.36705,59.30294,301.24,0.39,0.36,2026-08-28,2155,N20,nominal,2.0NRT,290.28,0.95,N
35.31553,59.48897,303.76,0.39,0.36,2026-08-28,2155,N20,nominal,2.0NRT,292.61,0.76,N
32.29645,70.73111,306.97,0.38,0.59,2026-08-28,2155,N20,nominal,2.0NRT,294.59,2.25,N
32.28932,70.73684,307.7,0.38,0.59,2026-08-28,2155,N20,nominal,2.0NRT,294.44,2.64,N
31.77044,70.10559,309.07,0.36,0.58,2026-08-28,2155,N20,nominal,2.0NRT,294.63,0.45,N
33.7549,59.14793,314.46,0.39,0.36,2026-08-28,2155,N20,nominal,2.0NRT,288.9,1.41,N
33.75161,59.14722,303.21,0.39,0.36,2026-08-28,2155,N20,nominal,2.0NRT,287.42,0.62,N
36.498,101.81916,341.73,0.41,0.45,2026-08-29,0550,N20,nominal,2.0NRT,299.98,4.63,D
36.55694,101.97963,326.34,0.4,0.44,2026-08-29,0550,N20,nominal,2.0NRT,295.75,1.14,D
38.54354,100.44211,341.13,0.43,0.46,2026-08-29,0553,N20,nominal,2.0NRT,307.66,5.64,D
39.62535,98.5585,336.05,0.51,0.49,2026-08-29,0553,N20,low,2.0NRT,310.84,4.83,D
39.63099,98.56228,344.43,0.51,0.49,2026-08-29,0553,N20,nominal,2.0NRT,313.58,14.27,D
39.62968,98.55673,336.84,0.51,0.49,2026-08-29,0553,N20,low,2.0NRT,311.53,14.27,D
31.65889,78.40624,336.85,0.4,0.44,2026-08-29,0731,N20,low,2.0NRT,309.66,5.95,D
31.50436,72.20116,332.76,0.45,0.63,2026-08-29,0731,N20,nominal,2.0NRT,294.78,4.41,D
38.0515,67.26761,367,0.56,0.69,2026-08-29,0733,N20,high,2.0NRT,313.85,22.52,D
38.04895,67.26538,355.92,0.56,0.69,2026-08-29,0733,N20,nominal,2.0NRT,316.98,25.02,D
38.07468,65.54884,336.39,0.68,0.74,2026-08-29,0733,N20,low,2.0NRT,308.01,3.12,D
38.07193,65.55423,348.93,0.68,0.74,2026-08-29,0733,N20,nominal,2.0NRT,305.85,5.06,D
6.56933,80.85204,330.7,0.41,0.61,2026-08-29,0724,N20,nominal,2.0NRT,287.37,2.2,D
38.07829,65.55106,330.72,0.68,0.74,2026-08-29,0733,N20,low,2.0NRT,305.58,5.06,D
6.70525,81.34303,329.64,0.38,0.59,2026-08-29,0724,N20,nominal,2.0NRT,277.89,2.2,D
6.70309,81.34322,339.33,0.38,0.59,2026-08-29,0724,N20,nominal,2.0NRT,277.88,3.28,D
6.75893,81.37865,328.14,0.38,0.59,2026-08-29,0724,N20,nominal,2.0NRT,279.68,3.5,D
6.81772,80.87768,331.41,0.41,0.61,2026-08-29,0724,N20,nominal,2.0NRT,280.69,2.08,D
7.49351,81.01079,340,0.39,0.59,2026-08-29,0724,N20,nominal,2.0NRT,275.05,5.21,D
8.87915,80.72496,351.42,0.39,0.59,2026-08-29,0724,N20,nominal,2.0NRT,289.38,5.66,D
39.2305,65.95596,335.39,0.6,0.71,2026-08-29,0733,N20,nominal,2.0NRT,302.48,4.55,D
8.88215,80.72724,334.54,0.38,0.59,2026-08-29,0724,N20,nominal,2.0NRT,288.98,4.23,D
39.23219,65.9561,342.18,0.6,0.71,2026-08-29,0733,N20,nominal,2.0NRT,303.17,6.3,D
8.88152,80.72383,354.5,0.38,0.59,2026-08-29,0724,N20,nominal,2.0NRT,289.66,4.23,D
9.01955,80.17964,328.45,0.42,0.61,2026-08-29,0724,N20,nominal,2.0NRT,291.76,2.22,D
9.07926,80.12955,331.22,0.42,0.61,2026-08-29,0724,N20,nominal,2.0NRT,292.98,1.67,D
9.3622,78.73381,332.95,0.52,0.67,2026-08-29,0724,N20,nominal,2.0NRT,284.66,4.63,D
10.40738,79.5165,354.22,0.44,0.62,2026-08-29,0726,N20,nominal,2.0NRT,289.07,6.75,D
10.98918,78.7616,330.06,0.48,0.65,2026-08-29,0726,N20,nominal,2.0NRT,288.64,3.86,D
12.20977,79.82823,332.09,0.39,0.59,2026-08-29,0726,N20,nominal,2.0NRT,295.71,2.73,D
15.38138,100.48505,331.3,0.54,0.68,2026-08-29,0726,N20,nominal,2.0NRT,283.68,4.35,D
15.38085,100.47995,334.26,0.54,0.68,2026-08-29,0726,N20,nominal,2.0NRT,284.28,4.35,D
15.42584,100.48614,330.22,0.54,0.68,2026-08-29,0726,N20,nominal,2.0NRT,281.74,2.68,D
15.42346,100.48518,329.8,0.54,0.68,2026-08-29,0726,N20,nominal,2.0NRT,281.2,3.4,D
13.56609,79.58166,331.28,0.38,0.59,2026-08-29,0726,N20,nominal,2.0NRT,294.21,2.31,D
14.54888,79.80931,348.89,0.35,0.57,2026-08-29,0726,N20,nominal,2.0NRT,295.27,3.21,D
14.55055,79.80936,349.62,0.35,0.57,2026-08-29,0726,N20,nominal,2.0NRT,294.78,4.3,D
14.6517,77.66785,340.19,0.49,0.65,2026-08-29,0726,N20,nominal,2.0NRT,289.79,4.18,D
14.65011,77.66823,336.82,0.49,0.65,2026-08-29,0726,N20,nominal,2.0NRT,290.02,5.27,D
22.06989,95.91976,331.7,0.33,0.55,2026-08-29,0729,N20,nominal,2.0NRT,285.35,1.44,D
23.68707,87.12255,331.22,0.39,0.36,2026-08-29,0729,N20,nominal,2.0NRT,295.74,3.21,D
25.03602,87.38899,335.28,0.39,0.36,2026-08-29,0729,N20,nominal,2.0NRT,295.29,3.58,D
26.66728,86.18171,335.89,0.38,0.36,2026-08-29,0731,N20,nominal,2.0NRT,295.85,2.53,D
28.26528,94.83472,346.8,0.33,0.55,2026-08-29,0731,N20,nominal,2.0NRT,291.97,4.26,D
18.01111,54.57597,345.51,0.59,0.53,2026-08-29,0907,N20,nominal,2.0NRT,314.02,9.21,D
18.01002,54.57053,338.33,0.59,0.53,2026-08-29,0907,N20,low,2.0NRT,312.19,9.21,D
18.03459,54.64443,339.62,0.58,0.52,2026-08-29,0907,N20,low,2.0NRT,313.46,5.24,D
18.31995,55.10733,349.25,0.54,0.51,2026-08-29,0907,N20,low,2.0NRT,319.26,3.49,D
18.68617,55.5094,346.2,0.5,0.49,2026-08-29,0907,N20,nominal,2.0NRT,315.38,4.89,D
18.68529,55.50475,343.4,0.5,0.49,2026-08-29,0907,N20,low,2.0NRT,315.26,4.89,D
19.26502,56.17495,338.37,0.44,0.46,2026-08-29,0907,N20,low,2.0NRT,311.95,2.21,D
19.26544,56.17613,337.99,0.44,0.46,2026-08-29,0907,N20,low,2.0NRT,311.83,3.05,D
20.3733,55.93692,347.47,0.44,0.46,2026-08-29,0909,N20,nominal,2.0NRT,314.8,2.75,D
20.38615,55.66355,347.03,0.45,0.47,2026-08-29,0909,N20,nominal,2.0NRT,314.33,2.67,D
8.64795,77.84141,330.38,0.68,0.74,2026-08-29,0905,N20,nominal,2.0NRT,283.86,3.16,D
21.64544,55.99795,344.11,0.41,0.45,2026-08-29,0909,N20,nominal,2.0NRT,313.89,4.19,D
22.87268,55.61451,348.84,0.41,0.45,2026-08-29,0909,N20,low,2.0NRT,320.18,2.19,D
22.87217,55.61549,348.32,0.41,0.45,2026-08-29,0909,N20,low,2.0NRT,319.68,1.71,D
23.19106,55.45769,349.23,0.42,0.45,2026-08-29,0909,N20,low,2.0NRT,322.67,4.36,D
23.66412,54.34854,346.48,0.48,0.48,2026-08-29,0909,N20,low,2.0NRT,321.03,2.53,D
24.50448,56.60738,348.43,0.51,0.41,2026-08-29,0909,N20,nominal,2.0NRT,315.29,23.52,D
24.4794,56.4724,344.22,0.52,0.42,2026-08-29,0909,N20,low,2.0NRT,315.46,3.13,D
24.51086,54.01994,341.28,0.48,0.48,2026-08-29,0909,N20,nominal,2.0NRT,305.37,3.68,D
27.62436,69.46843,367,0.32,0.55,2026-08-29,0909,N20,high,2.0NRT,310.3,7.14,D
27.62856,69.46902,339.83,0.32,0.55,2026-08-29,0909,N20,nominal,2.0NRT,309.12,5.98,D
27.75547,68.69614,352.59,0.58,0.52,2026-08-29,0909,N20,nominal,2.0NRT,304.16,9.46,D
28.05085,69.3709,334.76,0.32,0.55,2026-08-29,0909,N20,nominal,2.0NRT,304.3,3.19,D
28.08631,67.62444,336.47,0.51,0.49,2026-08-29,0909,N20,low,2.0NRT,309.77,4.84,D
27.16028,56.1046,341.54,0.5,0.41,2026-08-29,0909,N20,low,2.0NRT,314.15,15.29,D
27.15936,56.09966,340.68,0.5,0.41,2026-08-29,0909,N20,low,2.0NRT,313.11,15.97,D
37.0316,62.4189,346.52,0.51,0.41,2026-08-29,0913,N20,nominal,2.0NRT,316.57,12.49,D
37.22602,60.77716,342.2,0.44,0.38,2026-08-29,0913,N20,low,2.0NRT,314.34,5.32,D
38.07856,65.54729,338.4,0.5,0.49,2026-08-29,0913,N20,low,2.0NRT,313.36,8.1,D
37.84155,59.34859,348.61,0.41,0.37,2026-08-29,0913,N20,nominal,2.0NRT,317.97,10.72,D
37.9399,58.56391,340.39,0.39,0.36,2026-08-29,0913,N20,low,2.0NRT,311.84,3.72,D
38.10063,58.09636,341.99,0.39,0.36,2026-08-29,0913,N20,nominal,2.0NRT,310.26,4.26,D
39.92575,63.10218,346.37,0.39,0.44,2026-08-29,0913,N20,low,2.0NRT,317.56,4.94,D
11.47695,77.50159,298.16,0.52,0.5,2026-08-29,2000,N20,nominal,2.0NRT,278.39,0.36,N
29.46341,76.88279,298.15,0.47,0.64,2026-08-29,1953,N20,nominal,2.0NRT,275.22,1.01,N
11.47617,77.50427,301.06,0.52,0.5,2026-08-29,2000,N20,nominal,2.0NRT,278.95,0.54,N
29.46308,76.88765,309.87,0.47,0.64,2026-08-29,1953,N20,nominal,2.0NRT,275.01,1.01,N
28.66509,77.57698,306.44,0.42,0.61,2026-08-29,1955,N20,nominal,2.0NRT,286.13,0.68,N
11.17766,79.08904,301.17,0.4,0.44,2026-08-29,2000,N20,nominal,2.0NRT,279.92,0.51,N
21.76632,97.13945,312.36,0.39,0.6,2026-08-29,1955,N20,nominal,2.0NRT,268.43,1.27,N
10.94382,78.46944,298.61,0.44,0.46,2026-08-29,2000,N20,nominal,2.0NRT,278.11,0.31,N
23.54915,86.54485,302.9,0.39,0.36,2026-08-29,1955,N20,nominal,2.0NRT,274.32,0.93,N
10.93958,78.46883,338.63,0.44,0.46,2026-08-29,2000,N20,nominal,2.0NRT,278.32,2.72,N
22.37691,87.27876,322.63,0.38,0.36,2026-08-29,1955,N20,nominal,2.0NRT,272.46,2.35,N
10.94012,78.46482,300.86,0.44,0.46,2026-08-29,2000,N20,nominal,2.0NRT,276.99,2.72,N
22.36679,87.29976,303.34,0.38,0.36,2026-08-29,1955,N20,nominal,2.0NRT,263.87,0.5,N
10.61798,77.41872,305.55,0.51,0.49,2026-08-29,2000,N20,nominal,2.0NRT,289.22,0.93,N
22.36415,87.0177,300.28,0.38,0.36,2026-08-29,1955,N20,nominal,2.0NRT,272.12,0.68,N
10.32693,79.23083,303.13,0.39,0.44,2026-08-29,2000,N20,nominal,2.0NRT,287.41,0.51,N
22.36086,87.01711,305.35,0.38,0.36,2026-08-29,1955,N20,nominal,2.0NRT,272.58,0.68,N
10.08053,77.3137,303.46,0.51,0.49,2026-08-29,2000,N20,nominal,2.0NRT,288.4,0.74,N
13.8395,79.33519,305.55,0.42,0.45,2026-08-29,2000,N20,nominal,2.0NRT,286.54,1.42,N
9.79408,78.39436,313.48,0.43,0.46,2026-08-29,2000,N20,nominal,2.0NRT,292.35,1.2,N
13.83898,79.33909,308.77,0.42,0.45,2026-08-29,2000,N20,nominal,2.0NRT,286.83,1.24,N
9.75909,77.51995,355.55,0.49,0.48,2026-08-29,2000,N20,nominal,2.0NRT,295.61,9.74,N
13.8353,79.33482,308.27,0.42,0.45,2026-08-29,2000,N20,nominal,2.0NRT,286.56,1.42,N
9.75463,77.51933,333.11,0.49,0.48,2026-08-29,2000,N20,nominal,2.0NRT,292.28,9.74,N
9.30498,77.40442,309.28,0.49,0.48,2026-08-29,2000,N20,nominal,2.0NRT,295.01,1.74,N
13.83427,79.34254,308.41,0.42,0.45,2026-08-29,2000,N20,nominal,2.0NRT,286.61,1.24,N
8.77298,78.1974,326.43,0.43,0.46,2026-08-29,2000,N20,nominal,2.0NRT,273.55,2.2,N
11.56324,78.73071,319.18,0.43,0.46,2026-08-29,2000,N20,nominal,2.0NRT,287.17,1.9,N
7.47999,81.08849,303.42,0.43,0.38,2026-08-29,2000,N20,nominal,2.0NRT,280.31,0.8,N
7.43693,81.32146,304.96,0.42,0.38,2026-08-29,2000,N20,nominal,2.0NRT,283.64,0.56,N
39.86323,98.25233,313.25,0.56,0.43,2026-08-29,1951,N20,nominal,2.0NRT,290.56,2.43,N
39.84243,98.27225,312.09,0.57,0.43,2026-08-29,1951,N20,nominal,2.0NRT,288.01,2.01,N
39.8191,98.28448,302.16,0.57,0.43,2026-08-29,1951,N20,nominal,2.0NRT,290.54,1.07,N
39.81527,98.28307,307.13,0.57,0.43,2026-08-29,1951,N20,nominal,2.0NRT,290.64,1.07,N
39.81247,98.29597,305.52,0.57,0.43,2026-08-29,1951,N20,nominal,2.0NRT,293.53,3.04,N
39.79047,98.30183,314,0.57,0.43,2026-08-29,1951,N20,nominal,2.0NRT,289.17,2.01,N
39.79122,98.30121,307.06,0.57,0.43,2026-08-29,1951,N20,nominal,2.0NRT,288.97,1.82,N
39.79194,97.89262,301.26,0.55,0.42,2026-08-29,1951,N20,nominal,2.0NRT,289.51,1.34,N
36.52259,101.53237,295.68,0.33,0.55,2026-08-29,1951,N20,nominal,2.0NRT,280.24,1.01,N
36.44133,101.60313,307.7,0.33,0.56,2026-08-29,1951,N20,nominal,2.0NRT,280.74,1.01,N
38.92413,88.32411,303.94,0.44,0.38,2026-08-29,1951,N20,nominal,2.0NRT,292.55,0.68,N
37.34628,97.4091,298.3,0.38,0.44,2026-08-29,1951,N20,nominal,2.0NRT,284.48,0.71,N
29.92838,56.73475,303.15,0.46,0.47,2026-08-29,2136,N20,nominal,2.0NRT,290.51,2.37,N
30.75658,56.6551,312.05,0.47,0.48,2026-08-29,2136,N20,nominal,2.0NRT,292.71,2.22,N
30.66656,56.62077,306.18,0.47,0.48,2026-08-29,2136,N20,nominal,2.0NRT,288.89,1.14,N
30.15491,60.73436,310.24,0.44,0.38,2026-08-29,2136,N20,nominal,2.0NRT,299.48,1.76,N
28.42397,69.69864,312.55,0.43,0.46,2026-08-29,2136,N20,nominal,2.0NRT,296.55,2.33,N
30.36804,57.11272,298.52,0.44,0.46,2026-08-29,2136,N20,nominal,2.0NRT,287.82,0.68,N
30.37177,56.12527,307.02,0.5,0.49,2026-08-29,2136,N20,nominal,2.0NRT,287.95,1.81,N
30.36981,56.12908,305.78,0.5,0.49,2026-08-29,2136,N20,nominal,2.0NRT,288.92,0.88,N
30.23563,56.90969,320.57,0.45,0.47,2026-08-29,2136,N20,nominal,2.0NRT,292.58,3.36,N
30.32564,55.97334,302.85,0.51,0.5,2026-08-29,2136,N20,nominal,2.0NRT,289.84,1.12,N
29.47646,60.80795,308.13,0.43,0.38,2026-08-29,2136,N20,nominal,2.0NRT,293,1.14,N
30.08421,55.39878,337.91,0.55,0.51,2026-08-29,2136,N20,nominal,2.0NRT,292.67,6.63,N
29.98926,55.85468,338.68,0.52,0.5,2026-08-29,2136,N20,nominal,2.0NRT,288.26,7.52,N
29.51199,55.79855,303.27,0.51,0.5,2026-08-29,2136,N20,nominal,2.0NRT,290.02,0.79,N
29.15439,55.36493,303.02,0.54,0.51,2026-08-29,2136,N20,nominal,2.0NRT,292.41,1.46,N
29.15172,55.36373,305.08,0.54,0.51,2026-08-29,2136,N20,nominal,2.0NRT,291.4,1.18,N
25.94203,72.1932,304.41,0.34,0.56,2026-08-29,2136,N20,nominal,2.0NRT,286.63,0.39,N
28.02221,54.14782,312.9,0.62,0.54,2026-08-29,2136,N20,nominal,2.0NRT,293.32,3.18,N
27.22786,60.49095,319.59,0.42,0.38,2026-08-29,2136,N20,nominal,2.0NRT,301.66,3.18,N
27.42199,56.49896,316.93,0.44,0.46,2026-08-29,2136,N20,nominal,2.0NRT,300.38,1.94,N
27.29493,57.24131,314.38,0.4,0.44,2026-08-29,2136,N20,nominal,2.0NRT,298.03,5.38,N
27.302,56.30272,317.77,0.45,0.47,2026-08-29,2136,N20,nominal,2.0NRT,300.39,1.75,N
25.38635,68.58437,306.77,0.42,0.45,2026-08-29,2136,N20,nominal,2.0NRT,295.49,1.77,N
27.17343,56.05172,311.17,0.46,0.47,2026-08-29,2138,N20,nominal,2.0NRT,299.07,2.89,N
27.16901,56.09375,311.55,0.46,0.47,2026-08-29,2138,N20,nominal,2.0NRT,299.29,1.75,N
27.16907,56.0511,338.05,0.46,0.47,2026-08-29,2138,N20,nominal,2.0NRT,299.77,2.89,N
27.15934,56.10183,311.64,0.46,0.47,2026-08-29,2138,N20,nominal,2.0NRT,299.13,2.04,N
27.17227,56.05435,330.22,0.46,0.47,2026-08-29,2138,N20,nominal,2.0NRT,299.84,4.51,N
27.16843,56.04906,328.09,0.46,0.47,2026-08-29,2138,N20,nominal,2.0NRT,299.19,2.54,N
27.1627,56.10033,319.5,0.46,0.47,2026-08-29,2138,N20,nominal,2.0NRT,299.74,2.37,N
27.1438,56.11174,315.85,0.46,0.47,2026-08-29,2138,N20,nominal,2.0NRT,299.35,1.31,N
26.0373,63.42176,329.97,0.39,0.36,2026-08-29,2138,N20,nominal,2.0NRT,297.97,3.69,N
25.57425,55.98686,311.64,0.45,0.47,2026-08-29,2138,N20,nominal,2.0NRT,301.01,5.35,N
25.57126,55.98819,314.63,0.45,0.47,2026-08-29,2138,N20,nominal,2.0NRT,302.49,1.13,N
25.3087,56.36989,321.39,0.42,0.45,2026-08-29,2138,N20,nominal,2.0NRT,301.27,1.58,N
25.31115,56.37238,313.09,0.42,0.45,2026-08-29,2138,N20,nominal,2.0NRT,300.99,1.15,N
25.30699,56.37172,315.19,0.42,0.45,2026-08-29,2138,N20,nominal,2.0NRT,300.64,1.15,N
24.9929,55.62674,322.35,0.46,0.47,2026-08-29,2138,N20,nominal,2.0NRT,298.26,1.29,N
24.50511,56.60765,339.65,0.4,0.44,2026-08-29,2138,N20,nominal,2.0NRT,302.32,3.88,N
24.50703,56.59188,316.92,0.4,0.44,2026-08-29,2138,N20,nominal,2.0NRT,302.74,1.72,N
24.47334,56.63101,313.97,0.4,0.44,2026-08-29,2138,N20,nominal,2.0NRT,300.74,0.86,N
24.46834,56.63825,316.04,0.4,0.44,2026-08-29,2138,N20,nominal,2.0NRT,301.75,1.02,N
24.45784,56.55283,312.6,0.4,0.44,2026-08-29,2138,N20,nominal,2.0NRT,301.49,0.79,N
24.33049,54.46907,316.04,0.54,0.5,2026-08-29,2138,N20,nominal,2.0NRT,302.7,1.59,N
24.32758,54.46748,314.81,0.54,0.5,2026-08-29,2138,N20,nominal,2.0NRT,303.02,2.11,N
24.32294,54.46688,313.86,0.54,0.5,2026-08-29,2138,N20,nominal,2.0NRT,303.82,1.71,N
23.66632,54.34633,317.25,0.53,0.5,2026-08-29,2138,N20,nominal,2.0NRT,301.65,2.17,N
23.66574,54.3516,319.35,0.53,0.5,2026-08-29,2138,N20,nominal,2.0NRT,300.89,2.17,N
23.36612,56.2794,317.24,0.4,0.44,2026-08-29,2138,N20,nominal,2.0NRT,302.89,1.72,N
23.18962,55.45623,325.85,0.45,0.47,2026-08-29,2138,N20,nominal,2.0NRT,302.63,3.87,N
23.31216,54.17271,336.43,0.54,0.51,2026-08-29,2138,N20,nominal,2.0NRT,301.18,7.97,N
23.3116,54.17807,338.08,0.54,0.51,2026-08-29,2138,N20,nominal,2.0NRT,302.23,7.97,N
22.65752,59.40718,314.37,0.42,0.38,2026-08-29,2138,N20,nominal,2.0NRT,303.25,1.35,N
22.65637,59.41531,315.23,0.42,0.38,2026-08-29,2138,N20,nominal,2.0NRT,303.66,1.42,N
23.31398,54.17704,345.76,0.54,0.51,2026-08-29,2138,N20,nominal,2.0NRT,302.78,11.19,N
22.92597,55.80481,311.16,0.43,0.46,2026-08-29,2138,N20,nominal,2.0NRT,300.44,1.71,N
22.88045,55.92535,318.92,0.42,0.45,2026-08-29,2138,N20,nominal,2.0NRT,301.14,1.43,N
22.87523,55.61542,325.36,0.44,0.46,2026-08-29,2138,N20,nominal,2.0NRT,300.03,1.26,N
22.78252,55.81207,313.24,0.42,0.45,2026-08-29,2138,N20,nominal,2.0NRT,300.33,1.14,N
22.40645,56.98925,325.38,0.54,0.42,2026-08-29,2138,N20,nominal,2.0NRT,298.82,3.23,N
22.3306,56.4884,323.51,0.57,0.43,2026-08-29,2138,N20,nominal,2.0NRT,298.95,2.04,N
22.32869,56.47127,318.89,0.57,0.43,2026-08-29,2138,N20,nominal,2.0NRT,299.65,1.58,N
22.32662,56.48786,315.49,0.57,0.43,2026-08-29,2138,N20,nominal,2.0NRT,299.07,1.59,N
22.29327,56.52827,311.88,0.57,0.43,2026-08-29,2138,N20,nominal,2.0NRT,299.49,0.96,N
22.52711,54.05222,339.12,0.54,0.51,2026-08-29,2138,N20,nominal,2.0NRT,301.05,6.91,N
21.93658,57.07383,333.23,0.53,0.42,2026-08-29,2138,N20,nominal,2.0NRT,297.27,4.04,N
21.89393,56.84518,325.74,0.54,0.42,2026-08-29,2138,N20,nominal,2.0NRT,297.6,2.1,N
21.83565,56.68047,318.59,0.55,0.43,2026-08-29,2138,N20,nominal,2.0NRT,298.27,1.52,N
21.83562,56.67847,319.31,0.55,0.43,2026-08-29,2138,N20,nominal,2.0NRT,297.97,1.26,N
21.66606,56.40971,326.51,0.57,0.43,2026-08-29,2138,N20,nominal,2.0NRT,299.66,1.97,N
21.66674,56.40422,311.96,0.57,0.43,2026-08-29,2138,N20,nominal,2.0NRT,299.01,2.26,N
21.66209,56.40913,313.43,0.57,0.43,2026-08-29,2138,N20,nominal,2.0NRT,299.29,1.97,N
21.64693,55.99309,335.78,0.4,0.44,2026-08-29,2138,N20,nominal,2.0NRT,302.2,3,N
21.64645,55.99694,324.58,0.4,0.44,2026-08-29,2138,N20,nominal,2.0NRT,303.1,2.91,N
21.61808,56.05928,311.67,0.4,0.44,2026-08-29,2138,N20,nominal,2.0NRT,301.32,0.66,N
21.463,57.24717,316.54,0.51,0.41,2026-08-29,2138,N20,nominal,2.0NRT,296.89,0.9,N
21.33287,57.72454,315.46,0.48,0.4,2026-08-29,2138,N20,nominal,2.0NRT,295.62,0.92,N
21.32188,57.7228,312.16,0.48,0.4,2026-08-29,2138,N20,nominal,2.0NRT,295.62,1.22,N
21.31571,57.74066,312.99,0.48,0.4,2026-08-29,2138,N20,nominal,2.0NRT,294.94,1.83,N
21.31143,57.74467,320.86,0.48,0.4,2026-08-29,2138,N20,nominal,2.0NRT,295.5,1.83,N
21.30396,57.7996,311.5,0.48,0.4,2026-08-29,2138,N20,nominal,2.0NRT,295.68,0.95,N
21.30543,57.70607,308.1,0.48,0.4,2026-08-29,2138,N20,nominal,2.0NRT,295.24,0.79,N
21.29753,57.68127,312.99,0.48,0.4,2026-08-29,2138,N20,nominal,2.0NRT,294.95,1.12,N
21.00428,56.53287,329.74,0.55,0.43,2026-08-29,2138,N20,nominal,2.0NRT,297.85,3.29,N
20.56003,56.41763,308.44,0.55,0.43,2026-08-29,2138,N20,nominal,2.0NRT,294.62,1,N
20.55924,56.42082,305.62,0.55,0.43,2026-08-29,2138,N20,nominal,2.0NRT,294.19,0.8,N
20.37473,55.93447,338.82,0.39,0.44,2026-08-29,2138,N20,nominal,2.0NRT,294.79,3.33,N
20.38857,55.6625,337.98,0.4,0.44,2026-08-29,2138,N20,nominal,2.0NRT,296.58,2.71,N
20.38642,55.64639,320.97,0.4,0.45,2026-08-29,2138,N20,nominal,2.0NRT,296.74,2.01,N
20.21251,55.71254,317.47,0.4,0.44,2026-08-29,2138,N20,nominal,2.0NRT,292.92,1.42,N
19.34749,56.45794,305.55,0.53,0.42,2026-08-29,2140,N20,nominal,2.0NRT,292.89,1,N
18.68974,55.50658,338.15,0.39,0.44,2026-08-29,2140,N20,nominal,2.0NRT,295.09,4.83,N
18.69022,55.50286,310.02,0.39,0.44,2026-08-29,2140,N20,nominal,2.0NRT,293.21,3.2,N
18.32311,55.10558,338.62,0.41,0.45,2026-08-29,2140,N20,nominal,2.0NRT,295.49,3.62,N
18.01233,54.57283,339.5,0.44,0.46,2026-08-29,2140,N20,nominal,2.0NRT,301.23,8.89,N
18.01283,54.5687,308.89,0.44,0.46,2026-08-29,2140,N20,nominal,2.0NRT,295.69,5.55,N
39.85386,66.1986,311.02,0.39,0.36,2026-08-29,2133,N20,nominal,2.0NRT,295.37,1.42,N
39.59353,66.25056,318.99,0.38,0.36,2026-08-29,2133,N20,nominal,2.0NRT,293.95,2,N
39.179,68.61457,296.05,0.41,0.37,2026-08-29,2133,N20,nominal,2.0NRT,283.99,0.58,N
39.17572,68.61334,295.26,0.41,0.37,2026-08-29,2133,N20,nominal,2.0NRT,284.14,0.58,N
39.52183,66.53243,308.2,0.38,0.36,2026-08-29,2133,N20,nominal,2.0NRT,294.67,0.79,N
39.18334,65.31346,320.95,0.39,0.36,2026-08-29,2133,N20,nominal,2.0NRT,296.7,1.55,N
39.33939,63.31984,304.18,0.43,0.38,2026-08-29,2133,N20,nominal,2.0NRT,293.67,0.34,N
38.39657,69.11412,306.44,0.43,0.38,2026-08-29,2133,N20,nominal,2.0NRT,295.26,0.9,N
39.2927,63.39523,304.86,0.43,0.38,2026-08-29,2133,N20,nominal,2.0NRT,292.23,0.85,N
39.28376,63.04792,317.41,0.44,0.38,2026-08-29,2133,N20,nominal,2.0NRT,292.88,1.82,N
39.25143,63.21728,304.9,0.43,0.38,2026-08-29,2133,N20,nominal,2.0NRT,292.06,0.67,N
39.24858,63.21152,309.28,0.43,0.38,2026-08-29,2133,N20,nominal,2.0NRT,292.48,0.96,N
39.25021,63.17059,305.86,0.44,0.38,2026-08-29,2133,N20,nominal,2.0NRT,293.34,0.89,N
38.32774,68.98725,307.95,0.42,0.38,2026-08-29,2133,N20,nominal,2.0NRT,295.6,1.23,N
39.2036,63.27711,307.28,0.43,0.38,2026-08-29,2133,N20,nominal,2.0NRT,292.94,1.11,N
39.13675,63.62139,303.35,0.42,0.38,2026-08-29,2133,N20,nominal,2.0NRT,292.35,0.67,N
39.17382,63.28603,309.87,0.43,0.38,2026-08-29,2133,N20,nominal,2.0NRT,293.26,1.39,N
39.17075,63.25467,320.09,0.43,0.38,2026-08-29,2133,N20,nominal,2.0NRT,294.27,2.15,N
39.16662,63.2589,304.5,0.43,0.38,2026-08-29,2133,N20,nominal,2.0NRT,292.62,1.15,N
39.15541,63.31777,308.89,0.43,0.38,2026-08-29,2133,N20,nominal,2.0NRT,293.95,1.36,N
39.12572,63.46341,305.99,0.43,0.38,2026-08-29,2133,N20,nominal,2.0NRT,292.41,0.65,N
39.12827,63.3068,310.97,0.43,0.38,2026-08-29,2133,N20,nominal,2.0NRT,293.42,1.23,N
39.02524,64.08317,304.63,0.41,0.37,2026-08-29,2133,N20,nominal,2.0NRT,294.19,0.66,N
39.1175,63.33501,313.2,0.43,0.38,2026-08-29,2133,N20,nominal,2.0NRT,293.75,1.2,N
39.11586,63.33746,314.48,0.43,0.38,2026-08-29,2133,N20,nominal,2.0NRT,293.92,1.6,N
39.08799,63.49308,304.29,0.42,0.38,2026-08-29,2133,N20,nominal,2.0NRT,293.39,0.87,N
39.05522,63.44568,316.58,0.43,0.38,2026-08-29,2133,N20,nominal,2.0NRT,292.7,1.47,N
38.68631,65.98636,317.13,0.38,0.36,2026-08-29,2133,N20,nominal,2.0NRT,291.36,1.34,N
38.95782,63.7529,302.75,0.42,0.37,2026-08-29,2133,N20,nominal,2.0NRT,291.8,0.23,N
38.97613,63.46682,316.58,0.42,0.38,2026-08-29,2133,N20,nominal,2.0NRT,295.89,1.87,N
38.91626,63.80558,303.57,0.42,0.37,2026-08-29,2133,N20,nominal,2.0NRT,293.22,0.5,N
38.91073,63.79454,305.72,0.42,0.37,2026-08-29,2133,N20,nominal,2.0NRT,291.8,0.6,N
38.55885,65.95172,304.26,0.38,0.36,2026-08-29,2133,N20,nominal,2.0NRT,293.73,1.44,N
38.83739,63.81736,310.64,0.41,0.37,2026-08-29,2133,N20,nominal,2.0NRT,293.04,1.18,N
38.78567,63.91531,303.09,0.41,0.37,2026-08-29,2133,N20,nominal,2.0NRT,292.36,0.47,N
38.45538,65.80499,308.57,0.38,0.36,2026-08-29,2133,N20,nominal,2.0NRT,295.11,0.89,N
39.51096,54.32717,306.67,0.39,0.6,2026-08-29,2133,N20,nominal,2.0NRT,294.33,1.04,N
38.05239,67.26407,339.98,0.39,0.36,2026-08-29,2133,N20,nominal,2.0NRT,295.78,9.46,N
38.24659,64.43975,307.53,0.4,0.37,2026-08-29,2133,N20,nominal,2.0NRT,297.49,1.13,N
38.16449,64.59029,306.18,0.4,0.37,2026-08-29,2133,N20,nominal,2.0NRT,296.13,0.82,N
38.13154,64.67496,316.42,0.39,0.36,2026-08-29,2133,N20,nominal,2.0NRT,296.6,1.1,N
38.11905,64.71349,309.34,0.39,0.36,2026-08-29,2133,N20,nominal,2.0NRT,295.79,0.42,N
38.06224,65.09781,306.67,0.39,0.36,2026-08-29,2133,N20,nominal,2.0NRT,296.21,0.66,N
38.05595,64.88665,317.7,0.39,0.36,2026-08-29,2133,N20,nominal,2.0NRT,297.33,1.69,N
37.9322,65.63994,315.02,0.38,0.36,2026-08-29,2133,N20,nominal,2.0NRT,294.58,0.96,N
37.96716,65.00482,308.51,0.39,0.36,2026-08-29,2133,N20,nominal,2.0NRT,295.99,0.8,N
37.9593,65.05746,305.4,0.39,0.36,2026-08-29,2133,N20,nominal,2.0NRT,294.38,0.36,N
37.90397,65.10773,308.72,0.39,0.36,2026-08-29,2133,N20,nominal,2.0NRT,295.3,1.1,N
37.88556,65.13956,310.01,0.39,0.36,2026-08-29,2133,N20,nominal,2.0NRT,294.61,0.71,N
37.88694,65.08762,315.96,0.39,0.36,2026-08-29,2133,N20,nominal,2.0NRT,295.78,1.19,N
37.82965,65.17342,304.02,0.39,0.36,2026-08-29,2133,N20,nominal,2.0NRT,293.47,0.74,N
37.82899,65.17779,309.61,0.39,0.36,2026-08-29,2133,N20,nominal,2.0NRT,294,0.76,N
37.82701,65.16827,308.82,0.39,0.36,2026-08-29,2133,N20,nominal,2.0NRT,294.23,0.74,N
37.82635,65.17264,311.15,0.39,0.36,2026-08-29,2133,N20,nominal,2.0NRT,294.55,0.74,N
37.81846,65.17978,305.61,0.39,0.36,2026-08-29,2133,N20,nominal,2.0NRT,294.97,0.48,N
37.78815,65.35724,308.2,0.39,0.36,2026-08-29,2133,N20,nominal,2.0NRT,293.89,0.62,N
37.75775,65.48917,306.69,0.39,0.36,2026-08-29,2133,N20,nominal,2.0NRT,294.72,0.44,N
37.73607,65.49733,305.87,0.39,0.36,2026-08-29,2133,N20,nominal,2.0NRT,295.05,0.64,N
37.75842,65.21658,309.18,0.39,0.36,2026-08-29,2133,N20,nominal,2.0NRT,294.36,0.82,N
37.71696,65.24263,304.85,0.39,0.36,2026-08-29,2133,N20,nominal,2.0NRT,294.52,0.61,N
37.66631,65.28442,304.53,0.39,0.36,2026-08-29,2133,N20,nominal,2.0NRT,292.35,0.35,N
38.68194,54.3126,321.52,0.39,0.59,2026-08-29,2133,N20,nominal,2.0NRT,292.61,1.26,N
38.65014,54.27942,336.29,0.39,0.59,2026-08-29,2133,N20,nominal,2.0NRT,292.89,3.24,N
38.25801,58.38992,309.21,0.46,0.47,2026-08-29,2133,N20,nominal,2.0NRT,297.67,1.64,N
37.7975,62.55153,324.33,0.44,0.39,2026-08-29,2133,N20,nominal,2.0NRT,295.55,2.8,N
38.25722,58.39015,309.55,0.46,0.47,2026-08-29,2133,N20,nominal,2.0NRT,297.44,1.95,N
37.78887,62.53434,309.3,0.44,0.39,2026-08-29,2133,N20,nominal,2.0NRT,294.18,1.51,N
37.78823,62.53935,318.07,0.44,0.39,2026-08-29,2133,N20,nominal,2.0NRT,294.66,1.51,N
38.24886,57.9369,313.21,0.49,0.48,2026-08-29,2133,N20,nominal,2.0NRT,295.31,2.05,N
37.84517,61.60352,304.76,0.48,0.4,2026-08-29,2133,N20,nominal,2.0NRT,293.98,0.75,N
37.77759,62.10284,305.05,0.46,0.39,2026-08-29,2133,N20,nominal,2.0NRT,294.7,0.83,N
38.15141,58.39065,307.48,0.46,0.47,2026-08-29,2133,N20,nominal,2.0NRT,296.58,1.95,N
37.74309,62.13118,312.96,0.46,0.39,2026-08-29,2133,N20,nominal,2.0NRT,293.62,0.9,N
38.15003,58.39383,309,0.46,0.47,2026-08-29,2133,N20,nominal,2.0NRT,296.71,1.58,N
37.74312,62.07266,305.48,0.46,0.39,2026-08-29,2133,N20,nominal,2.0NRT,293.15,0.57,N
37.72551,62.09582,324.04,0.46,0.39,2026-08-29,2133,N20,nominal,2.0NRT,295.27,1.64,N
37.79508,61.4969,307.62,0.49,0.4,2026-08-29,2133,N20,nominal,2.0NRT,294.4,0.83,N
37.75185,61.85356,305.05,0.47,0.4,2026-08-29,2133,N20,nominal,2.0NRT,291.94,0.86,N
37.67109,62.23819,314.9,0.45,0.39,2026-08-29,2133,N20,nominal,2.0NRT,294.96,1.84,N
37.65977,62.24117,304.32,0.45,0.39,2026-08-29,2133,N20,nominal,2.0NRT,293.85,0.72,N
37.63863,62.20542,313.07,0.45,0.39,2026-08-29,2133,N20,nominal,2.0NRT,294.11,1.28,N
37.6405,62.20418,306.61,0.45,0.39,2026-08-29,2133,N20,nominal,2.0NRT,293.97,1.21,N
37.62849,62.2123,308.09,0.45,0.39,2026-08-29,2133,N20,nominal,2.0NRT,295.62,1.58,N
37.62784,62.21741,304.31,0.45,0.39,2026-08-29,2133,N20,nominal,2.0NRT,293.29,0.56,N
37.62657,62.16986,317.08,0.45,0.39,2026-08-29,2133,N20,nominal,2.0NRT,297,2.09,N
37.65565,61.90913,312.37,0.47,0.39,2026-08-29,2133,N20,nominal,2.0NRT,297.05,1.9,N
37.62464,62.12725,314.21,0.46,0.39,2026-08-29,2133,N20,nominal,2.0NRT,296.91,1.54,N
37.61976,62.13686,312.52,0.46,0.39,2026-08-29,2133,N20,nominal,2.0NRT,297.61,2.09,N
37.76439,60.70138,304.92,0.52,0.42,2026-08-29,2133,N20,nominal,2.0NRT,293.71,1.38,N
37.94034,58.56177,312.02,0.45,0.47,2026-08-29,2133,N20,nominal,2.0NRT,296.38,2.15,N
37.61068,61.60546,332.76,0.48,0.4,2026-08-29,2133,N20,nominal,2.0NRT,299.29,4.59,N
37.61452,61.57293,306.1,0.48,0.4,2026-08-29,2133,N20,nominal,2.0NRT,296.09,1.73,N
37.61388,61.57837,307.43,0.48,0.4,2026-08-29,2133,N20,nominal,2.0NRT,296.78,1.13,N
37.61259,61.58921,310.7,0.48,0.4,2026-08-29,2133,N20,nominal,2.0NRT,295.76,1.71,N
37.61021,61.57767,309.07,0.48,0.4,2026-08-29,2133,N20,nominal,2.0NRT,297.27,1.13,N
37.61111,61.57608,310.21,0.48,0.4,2026-08-29,2133,N20,nominal,2.0NRT,296.54,2.13,N
37.59845,61.55701,309.53,0.48,0.4,2026-08-29,2133,N20,nominal,2.0NRT,296.21,1.75,N
37.59443,61.52843,316.68,0.48,0.4,2026-08-29,2133,N20,nominal,2.0NRT,297.4,2.46,N
37.5868,61.56033,314.85,0.48,0.4,2026-08-29,2133,N20,nominal,2.0NRT,296.23,2.2,N
37.58314,61.55963,323.52,0.48,0.4,2026-08-29,2133,N20,nominal,2.0NRT,296.3,2.54,N
37.50075,61.9893,307.39,0.46,0.39,2026-08-29,2133,N20,nominal,2.0NRT,295.28,1.24,N
37.50011,61.84445,319.18,0.47,0.39,2026-08-29,2133,N20,nominal,2.0NRT,296.8,2.34,N
37.49585,61.849,309.15,0.47,0.39,2026-08-29,2133,N20,nominal,2.0NRT,295.79,2.15,N
37.42421,62.30999,318.21,0.45,0.39,2026-08-29,2133,N20,nominal,2.0NRT,293.98,1.8,N
37.63375,60.337,308.29,0.54,0.42,2026-08-29,2133,N20,nominal,2.0NRT,294.57,1.71,N
37.62263,60.44135,304.53,0.54,0.42,2026-08-29,2133,N20,nominal,2.0NRT,294.22,0.86,N
37.40702,62.31005,304.18,0.45,0.39,2026-08-29,2133,N20,nominal,2.0NRT,293.46,0.55,N
37.63346,60.33663,306.1,0.54,0.42,2026-08-29,2133,N20,nominal,2.0NRT,293.63,0.72,N
37.62178,60.44078,306.99,0.54,0.42,2026-08-29,2133,N20,nominal,2.0NRT,293.79,0.87,N
37.83086,58.38253,307.47,0.46,0.47,2026-08-29,2133,N20,nominal,2.0NRT,295.4,1.26,N
37.51329,61.01673,307.1,0.5,0.41,2026-08-29,2133,N20,nominal,2.0NRT,294.98,0.97,N
37.48835,60.46038,305.61,0.53,0.42,2026-08-29,2133,N20,nominal,2.0NRT,293.52,0.83,N
37.3498,61.36267,306.32,0.49,0.4,2026-08-29,2133,N20,nominal,2.0NRT,293.7,1.07,N
37.32812,61.08517,305.22,0.5,0.41,2026-08-29,2133,N20,nominal,2.0NRT,293.58,0.45,N
37.32678,61.09641,308.82,0.5,0.41,2026-08-29,2133,N20,nominal,2.0NRT,294.19,1.31,N
37.30482,61.12101,307.62,0.5,0.41,2026-08-29,2133,N20,nominal,2.0NRT,293.53,0.93,N
37.11888,62.362,328.88,0.44,0.39,2026-08-29,2133,N20,nominal,2.0NRT,297.77,6.72,N
37.11536,62.36129,312.97,0.44,0.39,2026-08-29,2133,N20,nominal,2.0NRT,296.08,2.43,N
37.11472,62.36626,308.24,0.44,0.39,2026-08-29,2133,N20,nominal,2.0NRT,296.12,1.1,N
37.28529,60.79168,306.32,0.51,0.41,2026-08-29,2133,N20,nominal,2.0NRT,293.25,0.9,N
37.28465,60.79747,303.84,0.51,0.41,2026-08-29,2133,N20,nominal,2.0NRT,293.45,0.9,N
35.2242,72.93111,296.64,0.47,0.48,2026-08-29,2133,N20,nominal,2.0NRT,283.76,0.92,N
37.03227,62.41852,328.48,0.44,0.38,2026-08-29,2133,N20,nominal,2.0NRT,299.55,5.88,N
37.45443,57.68928,304.31,0.49,0.49,2026-08-29,2133,N20,nominal,2.0NRT,293.27,1.74,N
37.34217,58.04474,304.53,0.47,0.48,2026-08-29,2133,N20,nominal,2.0NRT,291.78,1.71,N
37.34169,58.04812,307.62,0.47,0.48,2026-08-29,2133,N20,nominal,2.0NRT,293.55,1.44,N
35.6897,67.45802,299.92,0.41,0.37,2026-08-29,2133,N20,nominal,2.0NRT,282.59,0.68,N
36.48943,61.61788,303.95,0.47,0.39,2026-08-29,2133,N20,nominal,2.0NRT,293.72,0.66,N
36.47796,61.621,306.33,0.46,0.39,2026-08-29,2133,N20,nominal,2.0NRT,294.69,3.24,N
36.43833,61.21844,317.53,0.48,0.4,2026-08-29,2133,N20,nominal,2.0NRT,296.39,1.71,N
36.5001,59.33521,306.27,0.39,0.44,2026-08-29,2133,N20,nominal,2.0NRT,293.51,0.97,N
35.94871,62.92006,306.77,0.42,0.37,2026-08-29,2133,N20,nominal,2.0NRT,296.62,0.97,N
35.90775,62.9654,307.93,0.41,0.37,2026-08-29,2133,N20,nominal,2.0NRT,294.07,0.95,N
36.23978,59.73065,302.81,0.56,0.43,2026-08-29,2133,N20,nominal,2.0NRT,292.62,1.7,N
36.29913,54.78535,308.67,0.35,0.57,2026-08-29,2133,N20,nominal,2.0NRT,292.29,0.78,N
36.32257,54.18541,298.05,0.38,0.59,2026-08-29,2133,N20,nominal,2.0NRT,287.78,0.27,N
35.36824,59.30661,303.37,0.38,0.43,2026-08-29,2133,N20,nominal,2.0NRT,291.56,1.33,N
33.23467,71.51348,308.32,0.44,0.46,2026-08-29,2133,N20,nominal,2.0NRT,293.47,1.46,N
33.29679,71.18534,309.22,0.42,0.45,2026-08-29,2133,N20,nominal,2.0NRT,293.29,1.79,N
32.29354,70.72985,311.48,0.41,0.45,2026-08-29,2133,N20,nominal,2.0NRT,296.56,1.23,N
32.29177,70.7382,310.83,0.41,0.45,2026-08-29,2133,N20,nominal,2.0NRT,296.14,1.41,N
33.75471,59.14796,312.87,0.56,0.43,2026-08-29,2133,N20,nominal,2.0NRT,291.15,1.92,N
29.45926,76.88767,330.18,0.54,0.68,2026-08-29,2136,N20,nominal,2.0NRT,284.5,5.21,N
29.45783,76.893,315.97,0.54,0.68,2026-08-29,2136,N20,nominal,2.0NRT,283.12,5.21,N
29.45884,76.89159,331.32,0.54,0.68,2026-08-29,2136,N20,nominal,2.0NRT,283.78,4.41,N
29.46024,76.88624,304.02,0.54,0.68,2026-08-29,2136,N20,nominal,2.0NRT,284.39,4.2,N
33.04366,56.84555,306.29,0.49,0.49,2026-08-29,2136,N20,nominal,2.0NRT,296.1,1.26,N
32.33718,54.08426,306.26,0.35,0.57,2026-08-29,2136,N20,nominal,2.0NRT,290.18,1.04,N
31.94406,54.04255,304.07,0.35,0.57,2026-08-29,2136,N20,nominal,2.0NRT,293.45,0.61,N
31.43579,56.49133,298.92,0.49,0.49,2026-08-29,2136,N20,nominal,2.0NRT,288.49,0.4,N
39.51046,54.32785,303.53,0.42,0.61,2026-08-29,2314,N20,nominal,2.0NRT,291.27,0.3,N
38.68136,54.31635,322.47,0.44,0.62,2026-08-29,2314,N20,nominal,2.0NRT,291.3,1.61,N
38.64877,54.27973,327.97,0.44,0.62,2026-08-29,2314,N20,nominal,2.0NRT,290.67,2.91,N
38.64741,54.2845,307.93,0.44,0.62,2026-08-29,2314,N20,nominal,2.0NRT,290.93,2.32,N
32.33878,54.08403,298.94,0.64,0.72,2026-08-29,2316,N20,nominal,2.0NRT,286.49,1.07,N
31.94367,54.04684,306.57,0.65,0.73,2026-08-29,2316,N20,nominal,2.0NRT,291.16,1.72,N
31.94033,54.04124,312.37,0.65,0.73,2026-08-29,2316,N20,nominal,2.0NRT,292.39,2.48,N
31.62416,54.72465,307.48,0.73,0.76,2026-08-29,2316,N20,nominal,2.0NRT,290.12,1.12,N
31.62375,54.72313,306.76,0.73,0.76,2026-08-29,2316,N20,nominal,2.0NRT,289.3,1.9,N
14.59937,99.63155,337.36,0.45,0.47,2026-08-30,0705,N20,nominal,2.0NRT,291.76,6.24,D
14.50181,79.70016,338.54,0.74,0.76,2026-08-30,0707,N20,nominal,2.0NRT,289.82,4.28,D
14.50168,79.70076,336.4,0.74,0.76,2026-08-30,0707,N20,nominal,2.0NRT,289.36,6.06,D
23.55893,87.23925,343.58,0.5,0.41,2026-08-30,0709,N20,nominal,2.0NRT,291.53,14.28,D
23.76081,86.4027,330.6,0.55,0.43,2026-08-30,0709,N20,nominal,2.0NRT,289.95,7.03,D
23.80394,86.33237,333.77,0.55,0.43,2026-08-30,0709,N20,nominal,2.0NRT,289.02,3.43,D
23.64829,85.43843,333.96,0.42,0.45,2026-08-30,0709,N20,nominal,2.0NRT,288.41,6.73,D
28.1259,95.46807,330.19,0.56,0.43,2026-08-30,0709,N20,nominal,2.0NRT,294.91,3.18,D
27.98966,94.22114,339.7,0.48,0.4,2026-08-30,0709,N20,nominal,2.0NRT,298.03,6.97,D
29.16352,88.53256,331.57,0.4,0.37,2026-08-30,0709,N20,nominal,2.0NRT,294.68,2.7,D
29.1543,88.47652,329.13,0.4,0.37,2026-08-30,0709,N20,nominal,2.0NRT,298.29,2.38,D
29.55622,90.99968,330.68,0.39,0.36,2026-08-30,0709,N20,nominal,2.0NRT,300,6.43,D
29.29201,88.86295,326.13,0.39,0.36,2026-08-30,0709,N20,nominal,2.0NRT,292.93,3.33,D
29.63542,90.98508,335.78,0.39,0.36,2026-08-30,0709,N20,nominal,2.0NRT,293.8,2.08,D
29.63485,90.98108,335.89,0.39,0.36,2026-08-30,0709,N20,nominal,2.0NRT,295.11,2.08,D
28.92377,86.34815,330.88,0.47,0.39,2026-08-30,0709,N20,nominal,2.0NRT,295.39,2.55,D
29.64221,87.67156,334.86,0.41,0.37,2026-08-30,0712,N20,nominal,2.0NRT,296.06,2.91,D
39.24409,99.98712,343.65,0.44,0.63,2026-08-30,0714,N20,nominal,2.0NRT,310.19,4.38,D
5.5376,95.71558,331.83,0.38,0.36,2026-08-30,0703,N20,nominal,2.0NRT,301.71,2.39,D
7.40875,100.21051,333.19,0.39,0.44,2026-08-30,0703,N20,nominal,2.0NRT,296.17,2.35,D
7.57601,100.38914,331.48,0.4,0.44,2026-08-30,0703,N20,nominal,2.0NRT,296.71,4.72,D
7.57551,100.38551,349.61,0.4,0.44,2026-08-30,0703,N20,nominal,2.0NRT,298.2,4.72,D
7.575,100.38189,342.57,0.4,0.44,2026-08-30,0703,N20,nominal,2.0NRT,298.39,5.44,D
7.93582,100.06104,332.16,0.39,0.44,2026-08-30,0703,N20,nominal,2.0NRT,293.86,3.06,D
7.93734,100.05991,330.32,0.39,0.44,2026-08-30,0703,N20,nominal,2.0NRT,293.95,2.55,D
8.13782,99.51974,332.32,0.54,0.42,2026-08-30,0703,N20,nominal,2.0NRT,297.15,2.99,D
8.31194,99.30717,330.6,0.53,0.42,2026-08-30,0703,N20,nominal,2.0NRT,294.71,1.61,D
8.3279,99.17367,332.66,0.52,0.42,2026-08-30,0703,N20,nominal,2.0NRT,297.22,3.7,D
7.80942,81.36557,334.4,0.77,0.77,2026-08-30,0705,N20,nominal,2.0NRT,298.28,8.5,D
7.89295,81.46114,334.69,0.76,0.77,2026-08-30,0705,N20,nominal,2.0NRT,298.57,6.87,D
7.89105,81.46039,336.39,0.76,0.77,2026-08-30,0705,N20,nominal,2.0NRT,298.51,5.88,D
6.4563,81.09817,344.88,0.5,0.66,2026-08-30,0845,N20,nominal,2.0NRT,293.53,3.95,D
6.45568,81.09361,334.67,0.5,0.66,2026-08-30,0845,N20,nominal,2.0NRT,293.3,3.95,D
6.70969,81.53863,367,0.54,0.68,2026-08-30,0845,N20,high,2.0NRT,297.26,10.26,D
6.77071,81.56642,334,0.54,0.68,2026-08-30,0845,N20,nominal,2.0NRT,296.59,3.45,D
6.81459,81.52832,336.07,0.54,0.68,2026-08-30,0845,N20,nominal,2.0NRT,295.82,2.36,D
7.10899,81.68916,334.5,0.56,0.69,2026-08-30,0845,N20,nominal,2.0NRT,295.59,7.81,D
7.27461,81.65147,340.35,0.56,0.69,2026-08-30,0845,N20,nominal,2.0NRT,298.25,9,D
7.27653,81.15067,338.24,0.52,0.67,2026-08-30,0845,N20,nominal,2.0NRT,298.86,5.03,D
7.40399,81.77965,331.31,0.57,0.69,2026-08-30,0845,N20,nominal,2.0NRT,294.64,3.79,D
7.31452,81.10784,338.34,0.52,0.66,2026-08-30,0845,N20,nominal,2.0NRT,298.37,4.17,D
7.33465,81.2114,337.87,0.52,0.67,2026-08-30,0845,N20,nominal,2.0NRT,299.07,7.71,D
7.34572,81.20043,332.08,0.52,0.67,2026-08-30,0845,N20,nominal,2.0NRT,299.65,5.8,D
7.3532,81.20939,331.91,0.52,0.67,2026-08-30,0845,N20,nominal,2.0NRT,298.12,6.25,D
7.33402,81.20899,342.35,0.52,0.67,2026-08-30,0845,N20,nominal,2.0NRT,299.5,7.18,D
7.34516,81.19805,334.52,0.52,0.67,2026-08-30,0845,N20,nominal,2.0NRT,300.05,8.43,D
7.41334,81.2877,338.92,0.53,0.67,2026-08-30,0845,N20,nominal,2.0NRT,298.88,2.27,D
7.61601,81.16604,367,0.53,0.67,2026-08-30,0845,N20,high,2.0NRT,300.12,50.36,D
7.61477,81.15652,351.21,0.52,0.67,2026-08-30,0845,N20,nominal,2.0NRT,300.57,111.8,D
7.8102,81.4497,344.67,0.55,0.68,2026-08-30,0845,N20,nominal,2.0NRT,301.06,6.8,D
7.81421,81.45215,354.59,0.55,0.68,2026-08-30,0845,N20,nominal,2.0NRT,300.54,8.01,D
8.88266,77.78847,339.64,0.32,0.55,2026-08-30,0845,N20,nominal,2.0NRT,291.16,1.91,D
34.48216,63.81284,346.34,0.39,0.36,2026-08-30,0854,N20,nominal,2.0NRT,311.89,5.07,D
8.93221,77.96577,367,0.33,0.55,2026-08-30,0845,N20,high,2.0NRT,293.15,8.66,D
9.11021,77.77234,350.61,0.32,0.55,2026-08-30,0845,N20,nominal,2.0NRT,288.69,4.69,D
9.4436,77.67059,330.78,0.32,0.55,2026-08-30,0845,N20,nominal,2.0NRT,276.36,3.65,D
9.44333,77.66908,335.62,0.32,0.55,2026-08-30,0845,N20,nominal,2.0NRT,277.88,3.8,D
9.44872,77.67133,331.78,0.32,0.55,2026-08-30,0845,N20,nominal,2.0NRT,278.81,3.88,D
9.99573,77.29134,349.42,0.62,0.54,2026-08-30,0845,N20,nominal,2.0NRT,294.98,9.26,D
35.71609,66.89724,339.28,0.48,0.4,2026-08-30,0854,N20,nominal,2.0NRT,313.53,8.89,D
35.88799,62.99756,344.58,0.38,0.36,2026-08-30,0854,N20,low,2.0NRT,319.17,16.18,D
36.43793,61.21981,340.12,0.39,0.36,2026-08-30,0854,N20,low,2.0NRT,314.55,3.6,D
37.03308,62.41871,347.31,0.38,0.36,2026-08-30,0854,N20,low,2.0NRT,321.26,12.46,D
37.15668,61.35533,336.05,0.39,0.36,2026-08-30,0854,N20,nominal,2.0NRT,305.09,0.79,D
37.16066,61.35882,337.79,0.39,0.36,2026-08-30,0854,N20,low,2.0NRT,309.44,4.46,D
37.15996,61.35451,333.78,0.39,0.36,2026-08-30,0854,N20,low,2.0NRT,306.51,0.79,D
37.18921,60.80298,339.24,0.39,0.36,2026-08-30,0854,N20,low,2.0NRT,311.66,4.28,D
37.19252,60.80212,348.8,0.39,0.36,2026-08-30,0854,N20,nominal,2.0NRT,312.74,4.28,D
37.21535,60.1871,338.95,0.4,0.37,2026-08-30,0854,N20,low,2.0NRT,312.66,4.43,D
37.21945,60.19069,342.94,0.4,0.37,2026-08-30,0854,N20,nominal,2.0NRT,312.03,4.43,D
37.4969,61.84555,339.85,0.38,0.36,2026-08-30,0854,N20,low,2.0NRT,314.48,3.62,D
37.44304,61.05593,341.03,0.39,0.36,2026-08-30,0856,N20,low,2.0NRT,314.8,4.09,D
37.58543,61.56147,343.53,0.39,0.36,2026-08-30,0856,N20,low,2.0NRT,317.65,6.94,D
37.59049,61.52883,340.53,0.39,0.36,2026-08-30,0856,N20,low,2.0NRT,314.86,5.17,D
37.61176,61.57731,342.65,0.39,0.36,2026-08-30,0856,N20,low,2.0NRT,315.8,5.69,D
37.72642,62.09571,345.14,0.38,0.36,2026-08-30,0856,N20,nominal,2.0NRT,317.05,6.19,D
39.09731,75.83755,339.74,0.51,0.66,2026-08-30,0856,N20,nominal,2.0NRT,302.88,5.92,D
39.09697,75.83685,340.37,0.51,0.66,2026-08-30,0856,N20,nominal,2.0NRT,302.53,4.71,D
37.63295,60.34185,337.05,0.4,0.37,2026-08-30,0856,N20,low,2.0NRT,310.03,1.22,D
37.75231,60.71286,347.84,0.39,0.36,2026-08-30,0856,N20,nominal,2.0NRT,313.47,6.97,D
36.94542,54.88867,332.15,0.44,0.46,2026-08-30,0856,N20,nominal,2.0NRT,300.64,3.07,D
37.21288,55.70824,340.07,0.4,0.44,2026-08-30,0856,N20,nominal,2.0NRT,308.82,5.69,D
37.5146,55.72423,355.49,0.39,0.44,2026-08-30,0856,N20,nominal,2.0NRT,305.97,9.05,D
38.05868,58.3123,338.24,0.45,0.39,2026-08-30,0856,N20,nominal,2.0NRT,308.19,4.91,D
38.99544,56.53065,334.83,0.51,0.41,2026-08-30,0856,N20,low,2.0NRT,306.04,2.19,D
38.68115,54.31876,342.34,0.43,0.46,2026-08-30,0856,N20,nominal,2.0NRT,308.31,5.71,D
39.31493,55.70364,338.39,0.54,0.42,2026-08-30,0856,N20,nominal,2.0NRT,305.23,6.28,D
39.31621,55.70228,343.58,0.54,0.42,2026-08-30,0856,N20,nominal,2.0NRT,305.51,6.18,D
39.34141,55.68708,331.81,0.54,0.42,2026-08-30,0856,N20,low,2.0NRT,305.96,3.05,D
21.10428,72.64712,347.97,0.43,0.46,2026-08-30,0850,N20,nominal,2.0NRT,298.8,9.54,D
21.1033,72.63883,334.9,0.43,0.46,2026-08-30,0850,N20,nominal,2.0NRT,296.27,5.36,D
21.10281,72.6347,341.97,0.43,0.46,2026-08-30,0850,N20,nominal,2.0NRT,297.24,5.36,D
18.68742,55.50764,355.38,0.51,0.66,2026-08-30,0850,N20,nominal,2.0NRT,314.32,4.01,D
18.68288,55.50568,340.24,0.51,0.66,2026-08-30,0850,N20,low,2.0NRT,314.93,1.42,D
18.68882,55.50426,353.7,0.51,0.66,2026-08-30,0850,N20,nominal,2.0NRT,312.84,2.44,D
19.26743,56.17545,341.3,0.45,0.63,2026-08-30,0850,N20,nominal,2.0NRT,310.58,2.03,D
19.26926,56.17575,342.88,0.45,0.63,2026-08-30,0850,N20,nominal,2.0NRT,310.5,1.9,D
20.38561,55.66524,344.57,0.46,0.63,2026-08-30,0850,N20,low,2.0NRT,316.73,2.33,D
21.00183,56.53302,356.07,0.39,0.59,2026-08-30,0850,N20,nominal,2.0NRT,312.71,2.6,D
20.99897,56.53423,348.43,0.39,0.59,2026-08-30,0850,N20,nominal,2.0NRT,311.28,1.59,D
20.99816,56.53056,339.38,0.39,0.59,2026-08-30,0850,N20,low,2.0NRT,312.19,1.59,D
21.30352,57.79799,338.03,0.32,0.55,2026-08-30,0850,N20,low,2.0NRT,310.4,0.65,D
21.31311,57.74512,341.15,0.32,0.55,2026-08-30,0850,N20,nominal,2.0NRT,308.78,2.77,D
21.45892,57.24776,338.3,0.34,0.56,2026-08-30,0850,N20,low,2.0NRT,310.82,0.24,D
21.66168,56.41129,337.73,0.39,0.59,2026-08-30,0850,N20,low,2.0NRT,309.71,0.55,D
21.66698,56.40995,338.62,0.39,0.59,2026-08-30,0850,N20,low,2.0NRT,309.09,0.72,D
21.6447,55.99662,341.35,0.41,0.61,2026-08-30,0850,N20,nominal,2.0NRT,309.86,3.35,D
21.64469,55.99675,343.07,0.41,0.61,2026-08-30,0850,N20,nominal,2.0NRT,309.74,2.68,D
21.83563,56.68195,341.33,0.37,0.58,2026-08-30,0850,N20,nominal,2.0NRT,310.36,0.67,D
22.28967,56.53067,341.69,0.37,0.58,2026-08-30,0850,N20,nominal,2.0NRT,309.3,3.6,D
22.28892,56.52718,341.38,0.37,0.58,2026-08-30,0850,N20,nominal,2.0NRT,309.98,3.51,D
22.40398,56.99038,344.85,0.34,0.56,2026-08-30,0850,N20,nominal,2.0NRT,309.98,2.9,D
22.40741,56.9911,338.28,0.34,0.56,2026-08-30,0852,N20,low,2.0NRT,309.04,2.89,D
22.32457,56.49046,347.17,0.37,0.58,2026-08-30,0852,N20,nominal,2.0NRT,309.57,4.9,D
22.33042,56.467,338.85,0.37,0.58,2026-08-30,0852,N20,low,2.0NRT,309.75,2.99,D
22.34588,56.437,340.27,0.37,0.58,2026-08-30,0852,N20,nominal,2.0NRT,309.15,2.77,D
22.34514,56.43362,344.88,0.37,0.58,2026-08-30,0852,N20,nominal,2.0NRT,310.1,2.77,D
22.44104,56.70029,344.48,0.36,0.57,2026-08-30,0852,N20,nominal,2.0NRT,311.52,11.64,D
22.44189,56.69928,346.14,0.36,0.57,2026-08-30,0852,N20,nominal,2.0NRT,311.81,12.73,D
22.87945,55.92984,350.24,0.39,0.59,2026-08-30,0852,N20,nominal,2.0NRT,313.41,2.65,D
22.87863,55.92614,346.77,0.39,0.59,2026-08-30,0852,N20,nominal,2.0NRT,314.66,3.4,D
22.87206,55.61494,342.51,0.41,0.61,2026-08-30,0852,N20,low,2.0NRT,314.52,0.9,D
22.52483,54.05429,355.48,0.52,0.67,2026-08-30,0852,N20,nominal,2.0NRT,315.98,3.96,D
22.87222,55.61499,346.7,0.41,0.6,2026-08-30,0852,N20,nominal,2.0NRT,314.09,1.5,D
22.92725,55.80675,343.68,0.4,0.6,2026-08-30,0852,N20,nominal,2.0NRT,312.28,2.36,D
22.9264,55.80299,345.86,0.4,0.6,2026-08-30,0852,N20,nominal,2.0NRT,313.94,3.17,D
22.52641,54.05633,345.93,0.52,0.67,2026-08-30,0852,N20,low,2.0NRT,316.36,2.48,D
22.52518,54.05115,345.99,0.52,0.67,2026-08-30,0852,N20,low,2.0NRT,316.57,2.48,D
25.29089,68.31947,331.29,0.43,0.38,2026-08-30,0852,N20,low,2.0NRT,302.58,1.92,D
23.18848,55.4587,349.31,0.41,0.61,2026-08-30,0852,N20,nominal,2.0NRT,314.14,2.12,D
23.66176,54.35286,353.35,0.47,0.64,2026-08-30,0852,N20,nominal,2.0NRT,315.25,5.42,D
24.50611,56.60827,349.7,0.33,0.55,2026-08-30,0852,N20,nominal,2.0NRT,307.41,4.62,D
24.50649,56.60928,337.54,0.33,0.55,2026-08-30,0852,N20,nominal,2.0NRT,306.57,7.88,D
24.50579,56.60614,336.24,0.33,0.55,2026-08-30,0852,N20,low,2.0NRT,307.05,4.78,D
27.39587,71.04128,339.04,0.41,0.45,2026-08-30,0852,N20,nominal,2.0NRT,300.97,3.65,D
27.3954,71.0371,343.46,0.41,0.45,2026-08-30,0852,N20,nominal,2.0NRT,301.58,4.08,D
24.98751,55.62672,342.72,0.37,0.58,2026-08-30,0852,N20,low,2.0NRT,315.93,2.82,D
27.91149,68.73803,335.11,0.48,0.4,2026-08-30,0852,N20,low,2.0NRT,306.8,6.16,D
28.29241,67.90181,342.74,0.44,0.39,2026-08-30,0852,N20,low,2.0NRT,313.83,9.9,D
28.60951,68.63565,340.94,0.48,0.4,2026-08-30,0852,N20,low,2.0NRT,311.4,10.18,D
27.16687,56.0526,367,0.62,0.54,2026-08-30,0852,N20,high,2.0NRT,312.9,24.41,D
27.16822,56.05864,339.24,0.62,0.54,2026-08-30,0852,N20,nominal,2.0NRT,310.15,14.76,D
29.89493,69.47095,338.67,0.55,0.42,2026-08-30,0852,N20,nominal,2.0NRT,313.66,4.6,D
30.49334,73.83079,367,0.33,0.55,2026-08-30,0852,N20,high,2.0NRT,296.72,12.23,D
31.57862,74.81806,332.74,0.39,0.59,2026-08-30,0852,N20,nominal,2.0NRT,293.89,3.13,D
29.98832,55.85639,349.79,0.56,0.51,2026-08-30,0852,N20,nominal,2.0NRT,313.12,12.45,D
30.0816,55.4014,344.33,0.59,0.53,2026-08-30,0854,N20,nominal,2.0NRT,317.8,8.99,D
31.94027,54.04579,367,0.32,0.55,2026-08-30,0854,N20,high,2.0NRT,322.9,8.61,D
18.01173,54.57233,338.78,0.59,0.7,2026-08-30,1030,N20,low,2.0NRT,313.78,8.93,D
18.01223,54.578,356.31,0.59,0.7,2026-08-30,1030,N20,low,2.0NRT,312.63,8.93,D
18.68466,55.50962,349.12,0.69,0.74,2026-08-30,1030,N20,nominal,2.0NRT,312.48,4.7,D
19.26868,56.17894,335.14,0.78,0.78,2026-08-30,1030,N20,low,2.0NRT,307.73,1.64,D
20.3749,55.93818,348.55,0.77,0.77,2026-08-30,1032,N20,nominal,2.0NRT,307.52,3.81,D
22.52693,54.05407,350.55,0.61,0.71,2026-08-30,1032,N20,nominal,2.0NRT,316.38,3.62,D
23.18836,55.46508,343.77,0.76,0.77,2026-08-30,1032,N20,nominal,2.0NRT,308.62,4.84,D
23.18787,55.45754,342.62,0.76,0.77,2026-08-30,1032,N20,nominal,2.0NRT,309.72,4.84,D
23.1918,55.46235,345.53,0.76,0.77,2026-08-30,1032,N20,nominal,2.0NRT,308.96,6.11,D
23.66231,54.35827,340.87,0.65,0.73,2026-08-30,1032,N20,low,2.0NRT,313.73,4.05,D
23.66185,54.35188,344.99,0.65,0.73,2026-08-30,1032,N20,nominal,2.0NRT,314.05,3.61,D
23.66444,54.35246,352.81,0.66,0.73,2026-08-30,1032,N20,nominal,2.0NRT,314.41,5.01,D
7.28855,81.1665,308.12,0.53,0.5,2026-08-30,1942,N20,nominal,2.0NRT,291.85,2.42,N
7.13786,81.13663,314.38,0.53,0.5,2026-08-30,1942,N20,nominal,2.0NRT,287.57,2.47,N
7.12566,81.15621,298.77,0.53,0.5,2026-08-30,1942,N20,nominal,2.0NRT,283.96,1.29,N
7.1214,81.153,332.73,0.53,0.5,2026-08-30,1942,N20,nominal,2.0NRT,287.64,3.78,N
7.12192,81.14934,304.91,0.53,0.5,2026-08-30,1942,N20,nominal,2.0NRT,284,3.78,N
7.11781,81.15183,307.72,0.53,0.5,2026-08-30,1942,N20,nominal,2.0NRT,287.99,1.14,N
6.90351,81.84157,305.85,0.47,0.48,2026-08-30,1942,N20,nominal,2.0NRT,292.77,1.37,N
6.93705,81.57001,303.93,0.5,0.49,2026-08-30,1942,N20,nominal,2.0NRT,291.95,1.16,N
6.93874,81.57184,304.71,0.49,0.49,2026-08-30,1942,N20,nominal,2.0NRT,292.01,1.15,N
6.88087,81.13799,315.81,0.53,0.5,2026-08-30,1942,N20,nominal,2.0NRT,288.72,2,N
6.96022,79.95305,307.88,0.32,0.55,2026-08-30,1942,N20,nominal,2.0NRT,287.31,1.45,N
6.96007,79.95422,304.13,0.32,0.54,2026-08-30,1942,N20,nominal,2.0NRT,286.87,0.39,N
39.86166,98.25161,308.25,0.39,0.36,2026-08-30,1932,N20,nominal,2.0NRT,288.33,1.18,N
39.86089,98.25613,307.27,0.39,0.36,2026-08-30,1932,N20,nominal,2.0NRT,292.4,1.18,N
39.84384,98.27494,317.33,0.39,0.36,2026-08-30,1932,N20,nominal,2.0NRT,289.23,1.41,N
39.8225,98.24222,302,0.39,0.36,2026-08-30,1932,N20,nominal,2.0NRT,289.6,0.7,N
39.81477,98.2875,318.42,0.39,0.37,2026-08-30,1932,N20,nominal,2.0NRT,291.35,1.09,N
39.81399,98.29204,307.44,0.39,0.37,2026-08-30,1932,N20,nominal,2.0NRT,293.83,1.09,N
39.81322,98.29657,305.08,0.39,0.37,2026-08-30,1932,N20,nominal,2.0NRT,294.48,1.56,N
39.80915,98.30016,322.38,0.39,0.37,2026-08-30,1932,N20,nominal,2.0NRT,291.83,1.56,N
39.81147,98.28655,304.96,0.39,0.37,2026-08-30,1932,N20,nominal,2.0NRT,288.35,1.09,N
39.79343,97.88787,306.55,0.39,0.36,2026-08-30,1932,N20,nominal,2.0NRT,291.35,1,N
39.79269,97.89236,306.03,0.39,0.36,2026-08-30,1932,N20,nominal,2.0NRT,292.18,1,N
38.85202,100.81207,299.56,0.47,0.4,2026-08-30,1932,N20,nominal,2.0NRT,289.2,0.78,N
38.55869,100.50444,348.64,0.47,0.39,2026-08-30,1932,N20,nominal,2.0NRT,285.36,6.96,N
36.59277,101.48517,300.81,0.55,0.43,2026-08-30,1934,N20,nominal,2.0NRT,281.44,1.51,N
36.59216,101.4835,297.74,0.55,0.43,2026-08-30,1934,N20,nominal,2.0NRT,280.19,1,N
37.34699,97.41006,297.9,0.39,0.36,2026-08-30,1934,N20,nominal,2.0NRT,285.48,0.71,N
36.44096,101.60117,297.42,0.56,0.43,2026-08-30,1934,N20,nominal,2.0NRT,280.44,0.81,N
15.18226,76.66277,300.4,0.69,0.74,2026-08-30,1940,N20,nominal,2.0NRT,265.07,7.11,N
10.10931,77.46021,303.47,0.53,0.67,2026-08-30,1942,N20,nominal,2.0NRT,289.61,0.64,N
8.86762,81.02596,316.64,0.57,0.52,2026-08-30,1942,N20,nominal,2.0NRT,292.35,1.51,N
26.09575,68.88025,308.95,0.4,0.37,2026-08-30,2118,N20,nominal,2.0NRT,295.65,0.76,N
27.42305,56.49898,312.63,0.43,0.62,2026-08-30,2118,N20,nominal,2.0NRT,299.52,0.99,N
27.30383,56.30092,311.23,0.44,0.62,2026-08-30,2118,N20,nominal,2.0NRT,299.58,0.83,N
27.16986,56.04808,339.29,0.46,0.63,2026-08-30,2118,N20,nominal,2.0NRT,300.43,5.48,N
27.16954,56.05271,318.98,0.46,0.63,2026-08-30,2118,N20,nominal,2.0NRT,300.7,3.56,N
27.16043,56.09837,317.27,0.45,0.63,2026-08-30,2118,N20,nominal,2.0NRT,300.22,2.33,N
27.17078,56.04929,340.91,0.46,0.63,2026-08-30,2118,N20,nominal,2.0NRT,300.31,3.32,N
27.17042,56.05389,315.33,0.46,0.63,2026-08-30,2118,N20,nominal,2.0NRT,300.53,3.32,N
27.16102,56.09948,319.52,0.45,0.63,2026-08-30,2118,N20,nominal,2.0NRT,299.91,2.62,N
25.97455,56.06599,317,0.44,0.63,2026-08-30,2118,N20,nominal,2.0NRT,301.2,1.58,N
25.96877,56.06539,317.54,0.44,0.63,2026-08-30,2118,N20,nominal,2.0NRT,303.03,1.58,N
25.90439,54.52883,312.38,0.55,0.68,2026-08-30,2118,N20,nominal,2.0NRT,299.27,0.95,N
25.57069,55.98519,312.76,0.44,0.63,2026-08-30,2118,N20,nominal,2.0NRT,299.61,2.58,N
25.31038,56.37003,319.6,0.42,0.61,2026-08-30,2118,N20,nominal,2.0NRT,300.64,1.63,N
24.98974,55.6249,324.58,0.46,0.64,2026-08-30,2118,N20,nominal,2.0NRT,299.46,2.31,N
24.9901,55.62018,306.44,0.46,0.64,2026-08-30,2118,N20,nominal,2.0NRT,296.44,2.09,N
24.9911,55.62207,325.69,0.46,0.64,2026-08-30,2118,N20,nominal,2.0NRT,297.36,2.84,N
22.38943,73.11754,310.63,0.47,0.47,2026-08-30,2118,N20,nominal,2.0NRT,290.46,0.91,N
24.50547,56.60298,322.53,0.39,0.6,2026-08-30,2118,N20,nominal,2.0NRT,302.55,3.85,N
24.50514,56.60691,325.27,0.39,0.6,2026-08-30,2118,N20,nominal,2.0NRT,301.92,3.52,N
24.50648,56.59119,312.75,0.4,0.6,2026-08-30,2118,N20,nominal,2.0NRT,301.92,0.89,N
24.50494,56.60514,340.29,0.39,0.6,2026-08-30,2118,N20,nominal,2.0NRT,302.4,2.47,N
24.5053,56.60122,315.34,0.39,0.6,2026-08-30,2118,N20,nominal,2.0NRT,301.94,2.47,N
24.45438,56.54855,312.34,0.4,0.6,2026-08-30,2118,N20,nominal,2.0NRT,300.42,1.2,N
23.31061,54.17357,329.36,0.55,0.68,2026-08-30,2121,N20,nominal,2.0NRT,297.98,3.65,N
23.31367,54.17333,334.42,0.55,0.68,2026-08-30,2121,N20,nominal,2.0NRT,298.61,5.64,N
23.19379,55.45313,314.71,0.45,0.63,2026-08-30,2121,N20,nominal,2.0NRT,298.62,2.07,N
23.1934,55.4576,314.91,0.45,0.63,2026-08-30,2121,N20,nominal,2.0NRT,299.86,2.07,N
23.19301,55.46205,314.79,0.45,0.63,2026-08-30,2121,N20,nominal,2.0NRT,299.28,2.78,N
23.15339,55.44425,308.4,0.45,0.63,2026-08-30,2121,N20,nominal,2.0NRT,297.5,1.38,N
22.92827,55.80145,345.54,0.43,0.62,2026-08-30,2121,N20,nominal,2.0NRT,297.99,4.26,N
22.87753,55.92182,314.76,0.42,0.61,2026-08-30,2121,N20,nominal,2.0NRT,298.53,1.03,N
22.87556,55.61034,321.77,0.44,0.62,2026-08-30,2121,N20,nominal,2.0NRT,297.16,1.62,N
22.87519,55.61465,310.31,0.44,0.62,2026-08-30,2121,N20,nominal,2.0NRT,296.94,1.62,N
22.87425,55.61126,327.55,0.44,0.62,2026-08-30,2121,N20,nominal,2.0NRT,297.37,3.23,N
22.78143,55.81088,308.9,0.42,0.61,2026-08-30,2121,N20,nominal,2.0NRT,298.12,1.07,N
22.44235,56.69833,311.96,0.37,0.58,2026-08-30,2121,N20,nominal,2.0NRT,297.47,0.53,N
22.40833,56.98728,332.69,0.35,0.57,2026-08-30,2121,N20,nominal,2.0NRT,297.71,2.5,N
22.34581,56.43042,311.1,0.38,0.59,2026-08-30,2121,N20,nominal,2.0NRT,298.1,0.91,N
22.32928,56.48846,340.29,0.38,0.59,2026-08-30,2121,N20,nominal,2.0NRT,298.71,2.44,N
22.32964,56.48475,312.43,0.38,0.59,2026-08-30,2121,N20,nominal,2.0NRT,296.93,2.44,N
22.3256,56.46974,310.98,0.38,0.59,2026-08-30,2121,N20,nominal,2.0NRT,297.6,0.69,N
22.29331,56.52211,321.93,0.38,0.59,2026-08-30,2121,N20,nominal,2.0NRT,296.46,3.42,N
22.29296,56.52585,344.4,0.38,0.58,2026-08-30,2121,N20,nominal,2.0NRT,298.62,4.34,N
21.93785,57.07022,329.25,0.34,0.56,2026-08-30,2121,N20,nominal,2.0NRT,295.16,2.51,N
21.93752,57.07356,317.76,0.34,0.56,2026-08-30,2121,N20,nominal,2.0NRT,295.65,2.24,N
21.89105,56.84479,313.54,0.36,0.57,2026-08-30,2121,N20,nominal,2.0NRT,295.26,0.83,N
21.83784,56.67838,314.86,0.36,0.58,2026-08-30,2121,N20,nominal,2.0NRT,294.79,1.67,N
21.83387,56.67859,320.1,0.36,0.58,2026-08-30,2121,N20,nominal,2.0NRT,294.98,1.29,N
21.66209,56.40933,311.12,0.38,0.58,2026-08-30,2121,N20,nominal,2.0NRT,289.26,1.08,N
21.46382,57.24351,316.15,0.33,0.55,2026-08-30,2121,N20,nominal,2.0NRT,294.04,0.7,N
21.46034,57.24536,305.11,0.33,0.55,2026-08-30,2121,N20,nominal,2.0NRT,294.15,0.61,N
21.31651,57.74019,313.01,0.61,0.54,2026-08-30,2121,N20,nominal,2.0NRT,293.71,1.59,N
21.31097,57.74548,317.47,0.61,0.53,2026-08-30,2121,N20,nominal,2.0NRT,294.02,2.46,N
21.30545,57.7984,308.07,0.61,0.53,2026-08-30,2121,N20,nominal,2.0NRT,294.15,0.86,N
21.29799,57.67742,307.76,0.62,0.54,2026-08-30,2121,N20,nominal,2.0NRT,293.48,1.02,N
21.31473,57.74081,310.28,0.61,0.53,2026-08-30,2121,N20,nominal,2.0NRT,293.54,2.06,N
21.31408,57.74671,318.18,0.61,0.53,2026-08-30,2121,N20,nominal,2.0NRT,293.99,2.16,N
21.30326,57.7989,306.45,0.61,0.53,2026-08-30,2121,N20,nominal,2.0NRT,294.36,1.33,N
21.30884,57.70391,312.43,0.61,0.54,2026-08-30,2121,N20,nominal,2.0NRT,293.97,1.09,N
21.29664,57.67824,307.92,0.62,0.54,2026-08-30,2121,N20,nominal,2.0NRT,293.74,0.76,N
18.49127,74.60493,301,0.34,0.56,2026-08-30,2121,N20,nominal,2.0NRT,288.03,0.53,N
18.54775,74.2534,306.65,0.33,0.55,2026-08-30,2121,N20,nominal,2.0NRT,287.54,0.82,N
20.37888,55.93254,344.4,0.39,0.59,2026-08-30,2121,N20,nominal,2.0NRT,294.03,3.63,N
20.38904,55.66105,313.84,0.41,0.6,2026-08-30,2121,N20,nominal,2.0NRT,293.27,0.47,N
20.38501,55.64454,317.9,0.41,0.6,2026-08-30,2121,N20,nominal,2.0NRT,294.69,1.57,N
20.21154,55.70898,311.49,0.4,0.6,2026-08-30,2121,N20,nominal,2.0NRT,293.4,0.74,N
17.54469,73.15681,334.72,0.58,0.52,2026-08-30,2121,N20,nominal,2.0NRT,288.88,3.59,N
18.32469,55.10098,320.24,0.42,0.61,2026-08-30,2121,N20,nominal,2.0NRT,294.62,2.43,N
18.32428,55.10497,331.13,0.42,0.61,2026-08-30,2121,N20,nominal,2.0NRT,296.65,2.43,N
18.0368,54.63345,307.72,0.45,0.63,2026-08-30,2121,N20,nominal,2.0NRT,296.51,0.94,N
18.01373,54.57026,349.36,0.45,0.63,2026-08-30,2121,N20,nominal,2.0NRT,301.44,7.72,N
18.01415,54.56597,306.54,0.45,0.63,2026-08-30,2121,N20,nominal,2.0NRT,295.33,7.72,N
18.014,54.56827,339.73,0.45,0.63,2026-08-30,2121,N20,nominal,2.0NRT,296.51,7.29,N
18.01355,54.57254,318.91,0.45,0.63,2026-08-30,2121,N20,nominal,2.0NRT,298.67,7.29,N
39.85629,66.19865,304.81,0.51,0.41,2026-08-30,2114,N20,nominal,2.0NRT,294.26,1.62,N
39.17982,68.61137,295.35,0.42,0.37,2026-08-30,2114,N20,nominal,2.0NRT,285.08,0.59,N
37.30518,77.7183,300.02,0.43,0.46,2026-08-30,2114,N20,nominal,2.0NRT,282.69,0.64,N
39.18558,65.31093,308.58,0.55,0.43,2026-08-30,2114,N20,nominal,2.0NRT,296.36,1.73,N
38.65386,68.77385,305.17,0.41,0.37,2026-08-30,2114,N20,nominal,2.0NRT,294.73,0.93,N
39.2839,63.0458,307.68,0.48,0.48,2026-08-30,2114,N20,nominal,2.0NRT,294.26,1.07,N
39.25197,63.20924,308.01,0.47,0.48,2026-08-30,2114,N20,nominal,2.0NRT,294.88,0.94,N
39.17418,63.28398,306.22,0.46,0.47,2026-08-30,2114,N20,nominal,2.0NRT,294.38,0.97,N
39.15781,63.46574,307.4,0.45,0.47,2026-08-30,2114,N20,nominal,2.0NRT,294.1,1.26,N
39.16785,63.25559,308.29,0.47,0.47,2026-08-30,2114,N20,nominal,2.0NRT,295.29,1.51,N
39.15774,63.31977,306.46,0.46,0.47,2026-08-30,2114,N20,nominal,2.0NRT,295.73,1.11,N
39.13134,63.41872,308.99,0.46,0.47,2026-08-30,2114,N20,nominal,2.0NRT,294.2,0.9,N
39.12819,63.30436,307.64,0.46,0.47,2026-08-30,2114,N20,nominal,2.0NRT,294.19,0.62,N
39.11667,63.3353,304.77,0.46,0.47,2026-08-30,2114,N20,nominal,2.0NRT,294.67,0.8,N
38.39588,69.11426,305.94,0.4,0.37,2026-08-30,2114,N20,nominal,2.0NRT,294.61,0.64,N
39.01638,63.7022,304.4,0.44,0.46,2026-08-30,2114,N20,nominal,2.0NRT,294.29,0.75,N
38.94172,64.13438,308.12,0.42,0.45,2026-08-30,2114,N20,nominal,2.0NRT,297.45,1.42,N
38.95554,63.75459,306.29,0.44,0.46,2026-08-30,2114,N20,nominal,2.0NRT,294.85,0.57,N
38.95645,63.75258,306.78,0.44,0.46,2026-08-30,2114,N20,nominal,2.0NRT,295.47,0.68,N
38.97474,63.46799,311.11,0.45,0.47,2026-08-30,2114,N20,nominal,2.0NRT,296.73,1.52,N
38.6851,65.9859,325.54,0.51,0.41,2026-08-30,2114,N20,nominal,2.0NRT,292.77,2.57,N
38.83888,63.81941,306,0.43,0.46,2026-08-30,2114,N20,nominal,2.0NRT,295.07,1.13,N
38.60439,64.75507,319.19,0.39,0.44,2026-08-30,2114,N20,nominal,2.0NRT,298.19,2.59,N
38.65269,63.97792,307.58,0.42,0.45,2026-08-30,2114,N20,nominal,2.0NRT,295.88,1.05,N
38.45584,65.80318,312.94,0.52,0.41,2026-08-30,2114,N20,nominal,2.0NRT,296.77,1.73,N
38.05226,67.26465,331.08,0.45,0.39,2026-08-30,2114,N20,nominal,2.0NRT,298.49,15.36,N
38.13103,64.6739,311.15,0.38,0.44,2026-08-30,2114,N20,nominal,2.0NRT,295.68,1.23,N
38.11902,64.71206,306.1,0.38,0.43,2026-08-30,2114,N20,nominal,2.0NRT,295.02,0.95,N
38.05422,64.88708,311.56,0.56,0.43,2026-08-30,2114,N20,nominal,2.0NRT,295.68,1.92,N
37.88918,65.08949,306.7,0.55,0.43,2026-08-30,2114,N20,nominal,2.0NRT,295.37,0.61,N
38.25799,58.38438,333.34,0.42,0.61,2026-08-30,2114,N20,nominal,2.0NRT,293.12,3.78,N
38.25774,58.38923,321.26,0.42,0.61,2026-08-30,2114,N20,nominal,2.0NRT,295.12,3.78,N
37.7988,62.55196,310.72,0.49,0.49,2026-08-30,2114,N20,nominal,2.0NRT,298.18,2.27,N
37.79079,62.53946,311.33,0.49,0.49,2026-08-30,2114,N20,nominal,2.0NRT,297.36,1.89,N
37.79651,62.54994,310.86,0.49,0.49,2026-08-30,2114,N20,nominal,2.0NRT,297.19,2.4,N
37.78857,62.53748,316.71,0.49,0.49,2026-08-30,2114,N20,nominal,2.0NRT,298.14,3.28,N
37.74573,62.13007,308.1,0.52,0.5,2026-08-30,2114,N20,nominal,2.0NRT,296.13,1.18,N
37.72569,62.0914,315.43,0.52,0.5,2026-08-30,2114,N20,nominal,2.0NRT,296.54,2.36,N
37.72602,62.09248,315.22,0.52,0.5,2026-08-30,2114,N20,nominal,2.0NRT,297.07,2.03,N
37.94487,58.56187,306.91,0.41,0.6,2026-08-30,2114,N20,nominal,2.0NRT,292.33,1.04,N
37.80933,60.32875,304.03,0.32,0.55,2026-08-30,2114,N20,nominal,2.0NRT,293.62,0.41,N
37.63785,62.20506,308.45,0.51,0.49,2026-08-30,2114,N20,nominal,2.0NRT,296.87,1.67,N
37.65756,61.90771,306.49,0.53,0.5,2026-08-30,2114,N20,nominal,2.0NRT,295.26,0.77,N
37.62707,62.16823,307.87,0.51,0.5,2026-08-30,2114,N20,nominal,2.0NRT,297.18,1.86,N
37.62033,62.13767,312.57,0.51,0.5,2026-08-30,2114,N20,nominal,2.0NRT,297.98,2.49,N
37.62025,62.13633,309.9,0.51,0.5,2026-08-30,2114,N20,nominal,2.0NRT,297.62,2.69,N
37.58823,61.56041,309.18,0.55,0.51,2026-08-30,2114,N20,nominal,2.0NRT,297,2.04,N
37.5835,61.5598,314.25,0.55,0.51,2026-08-30,2114,N20,nominal,2.0NRT,297.1,2.66,N
37.49717,61.84191,307.25,0.53,0.5,2026-08-30,2114,N20,nominal,2.0NRT,296.63,2.5,N
37.49667,61.84796,314.84,0.53,0.5,2026-08-30,2114,N20,nominal,2.0NRT,297.65,2.94,N
37.42549,62.30755,309.06,0.5,0.49,2026-08-30,2114,N20,nominal,2.0NRT,295.52,1.09,N
37.48967,59.81755,311.07,0.34,0.56,2026-08-30,2114,N20,nominal,2.0NRT,293.56,0.84,N
37.45366,57.68522,307.87,0.45,0.63,2026-08-30,2116,N20,nominal,2.0NRT,290.8,1.15,N
37.11957,62.35948,337.59,0.49,0.49,2026-08-30,2116,N20,nominal,2.0NRT,305.42,47.62,N
37.11908,62.36509,329.88,0.49,0.49,2026-08-30,2116,N20,nominal,2.0NRT,300.49,9.71,N
37.11459,62.36446,311.01,0.49,0.49,2026-08-30,2116,N20,nominal,2.0NRT,297.96,9.71,N
37.03539,62.41447,337.96,0.49,0.49,2026-08-30,2116,N20,nominal,2.0NRT,299.19,8.72,N
35.96838,68.68542,310.6,0.4,0.37,2026-08-30,2116,N20,nominal,2.0NRT,296.49,1.47,N
36.99401,56.22696,299.57,0.54,0.68,2026-08-30,2116,N20,nominal,2.0NRT,288.36,0.57,N
36.45003,59.40141,308.41,0.36,0.57,2026-08-30,2116,N20,nominal,2.0NRT,294.07,0.77,N
36.23849,59.73001,305.71,0.34,0.56,2026-08-30,2116,N20,nominal,2.0NRT,293.13,0.82,N
35.36925,59.30439,306.09,0.35,0.57,2026-08-30,2116,N20,nominal,2.0NRT,292.11,0.83,N
33.29668,71.18558,311.4,0.4,0.37,2026-08-30,2116,N20,nominal,2.0NRT,293.9,0.95,N
32.88957,71.61657,319.41,0.42,0.37,2026-08-30,2116,N20,nominal,2.0NRT,295.22,4.11,N
33.75264,59.1463,304.07,0.35,0.56,2026-08-30,2116,N20,nominal,2.0NRT,288.9,1.3,N
32.29412,70.73228,311.83,0.4,0.37,2026-08-30,2116,N20,nominal,2.0NRT,296.76,2.95,N
32.28938,70.73977,310.01,0.4,0.37,2026-08-30,2116,N20,nominal,2.0NRT,296.77,2.78,N
33.6297,59.16825,303.09,0.34,0.56,2026-08-30,2116,N20,nominal,2.0NRT,291.78,0.7,N
31.76995,70.10969,309.63,0.39,0.36,2026-08-30,2116,N20,nominal,2.0NRT,296.9,2.1,N
32.34885,58.96706,310.36,0.34,0.56,2026-08-30,2116,N20,nominal,2.0NRT,294.1,0.58,N
32.34751,58.96679,306.51,0.34,0.56,2026-08-30,2116,N20,nominal,2.0NRT,294.22,0.28,N
29.47735,76.8579,334.37,0.56,0.52,2026-08-30,2116,N20,nominal,2.0NRT,289.34,7.34,N
28.74474,76.9258,302.82,0.59,0.53,2026-08-30,2116,N20,nominal,2.0NRT,286.68,1.53,N
31.62354,54.72142,301.43,0.6,0.71,2026-08-30,2116,N20,nominal,2.0NRT,289.45,1.23,N
31.43505,56.48789,298.52,0.47,0.64,2026-08-30,2116,N20,nominal,2.0NRT,287.45,0.32,N
30.75842,56.65703,301.58,0.46,0.63,2026-08-30,2116,N20,nominal,2.0NRT,290.81,1.84,N
30.66769,56.61794,299.81,0.46,0.63,2026-08-30,2116,N20,nominal,2.0NRT,286.96,0.82,N
30.23339,56.90578,321.63,0.44,0.62,2026-08-30,2116,N20,nominal,2.0NRT,290.22,2.56,N
30.08159,55.3958,353.62,0.54,0.68,2026-08-30,2118,N20,nominal,2.0NRT,289.45,10.13,N
28.42697,69.7014,307.9,0.4,0.37,2026-08-30,2118,N20,nominal,2.0NRT,297.45,0.61,N
28.42507,69.70189,323.25,0.4,0.37,2026-08-30,2118,N20,nominal,2.0NRT,298.17,1.73,N
28.35154,70.13226,323.1,0.41,0.37,2026-08-30,2118,N20,nominal,2.0NRT,297.45,1.8,N
29.99319,55.84964,328.88,0.5,0.66,2026-08-30,2118,N20,nominal,2.0NRT,285.13,3.08,N
29.99289,55.85435,317.78,0.5,0.66,2026-08-30,2118,N20,nominal,2.0NRT,286.17,3.08,N
29.51467,55.79759,300.71,0.5,0.66,2026-08-30,2118,N20,nominal,2.0NRT,288.27,0.86,N
27.08151,73.8162,304.34,0.42,0.45,2026-08-30,2118,N20,nominal,2.0NRT,291.02,0.92,N
29.37507,55.57185,296.23,0.51,0.66,2026-08-30,2118,N20,nominal,2.0NRT,281.1,0.63,N
26.87585,73.51497,303.97,0.41,0.45,2026-08-30,2118,N20,nominal,2.0NRT,291.93,0.99,N
25.94213,72.19216,318.98,0.54,0.42,2026-08-30,2118,N20,nominal,2.0NRT,293.98,2.51,N
27.76444,58.6147,313.1,0.32,0.55,2026-08-30,2118,N20,nominal,2.0NRT,296.18,1.96,N
27.76414,58.61797,310.88,0.32,0.55,2026-08-30,2118,N20,nominal,2.0NRT,296.62,1.93,N
37.49903,61.849,307.78,0.66,0.73,2026-08-30,2257,N20,nominal,2.0NRT,294.07,1.92,N
37.12358,62.36354,310.02,0.72,0.76,2026-08-30,2257,N20,nominal,2.0NRT,294.25,2.46,N
37.1171,62.36026,353.31,0.72,0.76,2026-08-30,2257,N20,nominal,2.0NRT,294.56,10.5,N
37.11468,62.36783,324.89,0.72,0.76,2026-08-30,2257,N20,nominal,2.0NRT,294.48,10.5,N
38.25925,58.39181,303.45,0.42,0.61,2026-08-30,2257,N20,nominal,2.0NRT,292.95,0.69,N
38.25393,58.38943,309.43,0.42,0.61,2026-08-30,2257,N20,nominal,2.0NRT,292.43,1.13,N
37.0383,62.41753,311.94,0.73,0.76,2026-08-30,2257,N20,nominal,2.0NRT,294.72,14.62,N
37.03179,62.41425,367,0.73,0.76,2026-08-30,2257,N20,high,2.0NRT,294.72,14.62,N
37.0293,62.42191,352.77,0.73,0.76,2026-08-30,2257,N20,nominal,2.0NRT,296.03,30.87,N
38.2543,58.39115,313.5,0.42,0.61,2026-08-30,2257,N20,nominal,2.0NRT,293.54,1.98,N
37.03817,62.41665,309.98,0.73,0.76,2026-08-30,2257,N20,nominal,2.0NRT,294.26,2.21,N
37.03572,62.42435,307.65,0.73,0.76,2026-08-30,2257,N20,nominal,2.0NRT,294.74,2.21,N
37.03167,62.41334,340.64,0.73,0.76,2026-08-30,2257,N20,nominal,2.0NRT,294.36,21.7,N
37.02922,62.42103,352.4,0.73,0.76,2026-08-30,2257,N20,nominal,2.0NRT,296.87,21.7,N
36.47591,61.62158,310.11,0.69,0.74,2026-08-30,2257,N20,nominal,2.0NRT,292.92,1.63,N
36.48,61.62429,312.04,0.69,0.74,2026-08-30,2257,N20,nominal,2.0NRT,293.44,2.16,N
37.34017,58.04793,300.95,0.43,0.62,2026-08-30,2257,N20,nominal,2.0NRT,289.86,0.8,N
36.99131,56.22941,299.89,0.35,0.57,2026-08-30,2257,N20,nominal,2.0NRT,288.78,0.71,N
33.04256,56.84958,313.37,0.47,0.64,2026-08-30,2257,N20,nominal,2.0NRT,295.12,1.65,N
32.33817,54.08559,304.89,0.34,0.56,2026-08-30,2259,N20,nominal,2.0NRT,288.18,1.14,N
32.33574,54.08497,308.24,0.34,0.56,2026-08-30,2259,N20,nominal,2.0NRT,289.29,1.35,N
32.3349,54.08848,301.11,0.34,0.56,2026-08-30,2259,N20,nominal,2.0NRT,290.38,1.14,N
31.62363,54.74187,305.66,0.39,0.59,2026-08-30,2259,N20,nominal,2.0NRT,292.32,0.89,N
31.6223,54.72461,317.49,0.39,0.59,2026-08-30,2259,N20,nominal,2.0NRT,292.78,1.6,N
31.62508,54.72562,316.42,0.39,0.59,2026-08-30,2259,N20,nominal,2.0NRT,291.29,2.03,N
30.75912,56.65838,300.96,0.53,0.67,2026-08-30,2259,N20,nominal,2.0NRT,289.97,2.33,N
30.6658,56.61934,298.83,0.53,0.67,2026-08-30,2259,N20,nominal,2.0NRT,287.03,0.71,N
30.66502,56.61895,297.79,0.53,0.67,2026-08-30,2259,N20,nominal,2.0NRT,286.14,0.87,N
30.49998,56.81805,304.86,0.55,0.68,2026-08-30,2259,N20,nominal,2.0NRT,290.15,3.17,N
30.50137,56.81697,309.72,0.55,0.68,2026-08-30,2259,N20,nominal,2.0NRT,289.52,2.43,N
30.23604,56.90491,300.27,0.56,0.69,2026-08-30,2259,N20,nominal,2.0NRT,285.94,2.41,N
30.36766,56.12559,299.96,0.5,0.66,2026-08-30,2259,N20,nominal,2.0NRT,287.46,1,N
30.37015,56.12866,297.81,0.51,0.66,2026-08-30,2259,N20,nominal,2.0NRT,287.75,1.14,N
30.32318,55.97027,298.52,0.5,0.65,2026-08-30,2259,N20,nominal,2.0NRT,287.4,0.65,N
30.21577,55.98137,317.51,0.5,0.66,2026-08-30,2259,N20,nominal,2.0NRT,287.08,1.96,N
29.92943,56.73389,298.77,0.56,0.69,2026-08-30,2259,N20,nominal,2.0NRT,286.75,1.43,N
29.99059,55.85076,327.02,0.5,0.66,2026-08-30,2259,N20,nominal,2.0NRT,285.4,4.16,N
29.99239,55.8537,325.72,0.5,0.66,2026-08-30,2259,N20,nominal,2.0NRT,286.59,2.9,N
30.0846,55.39956,323.86,0.47,0.64,2026-08-30,2259,N20,nominal,2.0NRT,287.26,3.44,N
30.08579,55.39492,308.11,0.47,0.64,2026-08-30,2259,N20,nominal,2.0NRT,285.34,2.65,N
30.08013,55.3931,300.23,0.47,0.64,2026-08-30,2259,N20,nominal,2.0NRT,289.48,2.46,N
30.07893,55.39775,305.04,0.47,0.64,2026-08-30,2259,N20,nominal,2.0NRT,287.61,2.23,N
29.99581,55.19578,296.87,0.46,0.63,2026-08-30,2259,N20,nominal,2.0NRT,286.09,0.77,N
28.92624,58.6632,308.6,0.77,0.77,2026-08-30,2259,N20,nominal,2.0NRT,291.91,1.17,N
29.13764,55.37257,301.31,0.49,0.65,2026-08-30,2259,N20,nominal,2.0NRT,291.27,2.15,N
29.13889,55.37617,304.07,0.49,0.65,2026-08-30,2259,N20,nominal,2.0NRT,293.21,2.24,N
28.53254,54.44611,305.02,0.44,0.63,2026-08-30,2259,N20,nominal,2.0NRT,291.01,1.03,N
27.16312,56.09972,316.35,0.6,0.71,2026-08-30,2259,N20,nominal,2.0NRT,299.24,1.95,N
27.16934,56.05113,322.47,0.6,0.7,2026-08-30,2259,N20,nominal,2.0NRT,299.85,4.95,N
27.16777,56.05698,337.06,0.6,0.7,2026-08-30,2259,N20,nominal,2.0NRT,300.54,4.95,N
27.17278,56.05745,331.8,0.6,0.7,2026-08-30,2259,N20,nominal,2.0NRT,300.18,4.12,N
27.16212,56.09833,311.35,0.6,0.71,2026-08-30,2259,N20,nominal,2.0NRT,298.57,0.67,N
27.16654,56.0554,324.98,0.6,0.7,2026-08-30,2259,N20,nominal,2.0NRT,299.92,4.12,N
18.01527,54.57004,332.94,0.78,0.78,2026-08-30,2301,N20,nominal,2.0NRT,295.92,11.41,N
18.01637,54.57623,321.61,0.78,0.78,2026-08-30,2301,N20,nominal,2.0NRT,295.68,7.41,N
18.01808,54.56907,314.75,0.78,0.78,2026-08-30,2301,N20,nominal,2.0NRT,294.39,7.41,N
25.97257,56.06863,313.37,0.64,0.72,2026-08-30,2259,N20,nominal,2.0NRT,299.66,1.99,N
25.97318,56.07,314.49,0.64,0.72,2026-08-30,2259,N20,nominal,2.0NRT,300.72,2.87,N
25.55663,55.98253,308.55,0.65,0.73,2026-08-30,2259,N20,nominal,2.0NRT,297.6,2.66,N
24.9895,55.62529,326.86,0.63,0.72,2026-08-30,2259,N20,nominal,2.0NRT,296.73,2.78,N
24.9899,55.62622,325.88,0.63,0.72,2026-08-30,2259,N20,nominal,2.0NRT,296.85,2.73,N
24.50295,56.60522,315,0.75,0.77,2026-08-30,2259,N20,nominal,2.0NRT,298.4,3.39,N
23.19053,55.45259,312.09,0.68,0.74,2026-08-30,2301,N20,nominal,2.0NRT,297.17,3.64,N
23.18888,55.45898,310.88,0.68,0.74,2026-08-30,2301,N20,nominal,2.0NRT,297.52,5.16,N
22.92468,55.8035,323.1,0.73,0.76,2026-08-30,2301,N20,nominal,2.0NRT,295.5,3.72,N
22.87932,55.92298,306.97,0.74,0.76,2026-08-30,2301,N20,nominal,2.0NRT,295.88,1.41,N
23.31237,54.18026,332.19,0.56,0.69,2026-08-30,2301,N20,nominal,2.0NRT,297.57,3.3,N
23.31368,54.17496,313.43,0.56,0.69,2026-08-30,2301,N20,nominal,2.0NRT,298.46,3.3,N
22.87242,55.61459,308.47,0.71,0.75,2026-08-30,2301,N20,nominal,2.0NRT,295.65,1.32,N
22.87889,55.61258,305.7,0.71,0.75,2026-08-30,2301,N20,nominal,2.0NRT,295.57,0.8,N
22.5252,54.05012,308.66,0.58,0.69,2026-08-30,2301,N20,nominal,2.0NRT,295.91,1.34,N
39.83781,96.74334,341.24,0.52,0.41,2026-08-31,0654,N20,nominal,2.0NRT,312.32,4.64,D
23.0966,101.16403,341.97,0.55,0.43,2026-08-31,0650,N20,nominal,2.0NRT,297.85,10.61,D
23.09686,101.16112,331.79,0.55,0.43,2026-08-31,0650,N20,nominal,2.0NRT,294.79,5.89,D
29.24173,91.86179,330.56,0.43,0.38,2026-08-31,0652,N20,nominal,2.0NRT,297.19,3.12,D
29.61658,91.05703,338.16,0.46,0.39,2026-08-31,0652,N20,nominal,2.0NRT,299.37,6.07,D
6.99862,81.59916,367,0.52,0.5,2026-08-31,0826,N20,high,2.0NRT,296.13,7.7,D
7.43756,81.69706,342.36,0.54,0.5,2026-08-31,0826,N20,nominal,2.0NRT,296.76,14.11,D
17.77075,75.83885,338.77,0.48,0.4,2026-08-31,0830,N20,nominal,2.0NRT,299.26,1.97,D
7.4991,81.03271,338.08,0.48,0.48,2026-08-31,0828,N20,nominal,2.0NRT,300.78,5.5,D
7.52465,80.89653,335.78,0.47,0.48,2026-08-31,0828,N20,nominal,2.0NRT,302.09,5.76,D
17.96539,75.48702,336.33,0.46,0.39,2026-08-31,0830,N20,nominal,2.0NRT,299.52,3.37,D
7.52504,80.89655,334.12,0.47,0.48,2026-08-31,0828,N20,nominal,2.0NRT,302.17,5.21,D
21.10255,72.63916,337.23,0.39,0.37,2026-08-31,0833,N20,nominal,2.0NRT,296.08,7.44,D
7.57079,80.9034,335.4,0.48,0.48,2026-08-31,0828,N20,nominal,2.0NRT,303.23,3.04,D
21.102,72.63538,337.48,0.39,0.37,2026-08-31,0833,N20,nominal,2.0NRT,299.47,9.17,D
21.93708,57.07782,342.66,0.69,0.74,2026-08-31,0833,N20,nominal,2.0NRT,307.42,6.32,D
7.6052,80.95647,335.52,0.48,0.48,2026-08-31,0828,N20,nominal,2.0NRT,304.23,3.1,D
22.28808,56.53252,340.06,0.73,0.76,2026-08-31,0833,N20,nominal,2.0NRT,307.64,2.93,D
7.74957,81.51717,346.03,0.53,0.5,2026-08-31,0828,N20,nominal,2.0NRT,302.95,19.14,D
22.28867,56.53329,337.12,0.73,0.76,2026-08-31,0833,N20,low,2.0NRT,307.69,4.07,D
7.72003,80.84877,331.34,0.47,0.48,2026-08-31,0828,N20,nominal,2.0NRT,300.43,3.48,D
7.71942,80.84451,336.88,0.47,0.48,2026-08-31,0828,N20,nominal,2.0NRT,303.13,3.48,D
7.72003,80.84563,347.33,0.47,0.48,2026-08-31,0828,N20,nominal,2.0NRT,303.24,6.05,D
22.28691,56.52642,338.12,0.73,0.76,2026-08-31,0833,N20,nominal,2.0NRT,307.79,4.07,D
7.85724,81.08614,333.75,0.49,0.49,2026-08-31,0828,N20,nominal,2.0NRT,302.89,1.9,D
7.73907,80.14016,333.41,0.43,0.46,2026-08-31,0828,N20,nominal,2.0NRT,297.08,3.33,D
22.32884,56.49116,346.68,0.73,0.76,2026-08-31,0833,N20,nominal,2.0NRT,307.73,7.54,D
25.59085,72.62873,332.94,0.42,0.38,2026-08-31,0833,N20,nominal,2.0NRT,297.48,2.74,D
7.74014,80.1397,332.59,0.43,0.46,2026-08-31,0828,N20,nominal,2.0NRT,296.6,2.97,D
22.87486,55.9286,337.93,0.77,0.77,2026-08-31,0833,N20,low,2.0NRT,309.25,1.09,D
7.92868,81.39046,346.49,0.52,0.5,2026-08-31,0828,N20,nominal,2.0NRT,303.2,8.32,D
26.85779,72.11017,338.83,0.41,0.37,2026-08-31,0833,N20,low,2.0NRT,311.09,4.51,D
7.94064,81.30788,356.05,0.51,0.49,2026-08-31,0828,N20,nominal,2.0NRT,305.12,23.69,D
7.94,81.30324,348.48,0.51,0.49,2026-08-31,0828,N20,nominal,2.0NRT,306.21,19.41,D
27.71156,68.48968,355.88,0.39,0.36,2026-08-31,0835,N20,nominal,2.0NRT,310.97,16.14,D
7.93936,81.2986,345.25,0.51,0.49,2026-08-31,0828,N20,nominal,2.0NRT,305.79,19.41,D
7.88049,80.61715,343.42,0.46,0.47,2026-08-31,0828,N20,nominal,2.0NRT,300.13,19.85,D
7.85687,80.04932,340.53,0.42,0.45,2026-08-31,0828,N20,nominal,2.0NRT,297.19,3.24,D
27.71487,68.489,352.2,0.39,0.36,2026-08-31,0835,N20,nominal,2.0NRT,311.55,16.01,D
7.85634,80.04549,331.45,0.42,0.45,2026-08-31,0828,N20,nominal,2.0NRT,298.8,3.24,D
28.42509,69.702,338.27,0.38,0.36,2026-08-31,0835,N20,low,2.0NRT,309.15,3.55,D
7.96193,80.58586,350.46,0.46,0.47,2026-08-31,0828,N20,nominal,2.0NRT,300.88,12.47,D
8.00996,80.61324,342.03,0.46,0.47,2026-08-31,0828,N20,nominal,2.0NRT,299.58,9.07,D
8.00937,80.60907,350.18,0.46,0.47,2026-08-31,0828,N20,nominal,2.0NRT,302.56,9.07,D
29.2713,70.6321,333.19,0.4,0.37,2026-08-31,0835,N20,low,2.0NRT,308.14,2.44,D
8.01371,80.60847,334.84,0.46,0.47,2026-08-31,0828,N20,nominal,2.0NRT,298.38,9.07,D
8.00677,80.52929,339.52,0.45,0.47,2026-08-31,0828,N20,nominal,2.0NRT,297.5,3.71,D
8.01137,80.61227,342.11,0.46,0.47,2026-08-31,0828,N20,nominal,2.0NRT,299.56,9.51,D
8.0108,80.6081,349.17,0.46,0.47,2026-08-31,0828,N20,nominal,2.0NRT,300.99,9.51,D
8.00447,80.52874,339.29,0.46,0.47,2026-08-31,0828,N20,nominal,2.0NRT,299.19,6.31,D
29.76927,72.40252,334.09,0.45,0.39,2026-08-31,0835,N20,nominal,2.0NRT,303.52,3.68,D
7.99625,80.37224,336.79,0.44,0.46,2026-08-31,0828,N20,nominal,2.0NRT,300.03,4.87,D
27.17013,56.05609,340.75,0.6,0.71,2026-08-31,0835,N20,nominal,2.0NRT,306.64,7.22,D
7.9777,80.23698,333.13,0.44,0.46,2026-08-31,0828,N20,nominal,2.0NRT,301.56,3.64,D
27.16864,56.05035,344.79,0.6,0.71,2026-08-31,0835,N20,nominal,2.0NRT,307.43,8.12,D
8.00052,80.37166,346.44,0.44,0.46,2026-08-31,0828,N20,nominal,2.0NRT,301.25,4.87,D
27.17103,56.05228,339.2,0.6,0.71,2026-08-31,0835,N20,nominal,2.0NRT,306.43,4.75,D
7.97739,80.14129,351.59,0.43,0.46,2026-08-31,0828,N20,nominal,2.0NRT,301.27,13.74,D
31.37635,74.44994,338.11,0.39,0.44,2026-08-31,0835,N20,nominal,2.0NRT,298.85,4.08,D
8.0623,80.6608,333.65,0.47,0.47,2026-08-31,0828,N20,nominal,2.0NRT,303.31,3.46,D
8.02744,80.40894,341.49,0.45,0.47,2026-08-31,0828,N20,nominal,2.0NRT,299.2,7.85,D
31.41202,74.55347,330.68,0.39,0.44,2026-08-31,0835,N20,nominal,2.0NRT,299.58,1.49,D
8.00086,80.2176,350.56,0.43,0.46,2026-08-31,0828,N20,nominal,2.0NRT,303.05,18.92,D
8.0432,80.3658,332.85,0.44,0.46,2026-08-31,0828,N20,nominal,2.0NRT,301.34,3.31,D
31.47198,74.22855,332,0.57,0.43,2026-08-31,0835,N20,nominal,2.0NRT,300.74,3.85,D
8.07497,80.56109,344.08,0.46,0.47,2026-08-31,0828,N20,nominal,2.0NRT,299.79,6.7,D
8.00891,79.94204,331.5,0.42,0.45,2026-08-31,0828,N20,nominal,2.0NRT,300.57,3.64,D
8.11853,80.619,336.09,0.46,0.47,2026-08-31,0828,N20,nominal,2.0NRT,302.05,4.81,D
31.46411,72.13901,335.09,0.45,0.39,2026-08-31,0835,N20,nominal,2.0NRT,299.7,4.92,D
8.04964,80.00629,349.23,0.42,0.45,2026-08-31,0828,N20,nominal,2.0NRT,300.61,6.46,D
31.46708,72.13364,347,0.45,0.39,2026-08-31,0835,N20,nominal,2.0NRT,299.65,11.41,D
31.80262,73.7253,330.04,0.54,0.42,2026-08-31,0835,N20,nominal,2.0NRT,297.09,3.75,D
8.05381,80.00571,334.41,0.42,0.45,2026-08-31,0828,N20,nominal,2.0NRT,299.61,4.26,D
8.14395,80.59945,336.44,0.46,0.47,2026-08-31,0828,N20,nominal,2.0NRT,302.46,3.06,D
8.16395,80.584,335.73,0.46,0.47,2026-08-31,0828,N20,nominal,2.0NRT,299.59,2.2,D
8.16829,80.5834,335.75,0.46,0.47,2026-08-31,0828,N20,nominal,2.0NRT,300.42,3.59,D
35.09776,60.74492,337.57,0.42,0.46,2026-08-31,0837,N20,nominal,2.0NRT,305.47,2.5,D
8.24863,80.5135,334.47,0.46,0.47,2026-08-31,0828,N20,nominal,2.0NRT,302.25,3.91,D
8.25295,80.51289,335.61,0.46,0.47,2026-08-31,0828,N20,nominal,2.0NRT,300.72,3.91,D
8.19681,80.07571,331.78,0.43,0.46,2026-08-31,0828,N20,low,2.0NRT,302.78,2.98,D
38.52938,77.47591,330.2,0.34,0.56,2026-08-31,0837,N20,low,2.0NRT,304.68,2.74,D
8.33387,81.00347,346.86,0.49,0.49,2026-08-31,0828,N20,nominal,2.0NRT,303.47,11.23,D
8.28996,80.58859,333.05,0.46,0.47,2026-08-31,0828,N20,nominal,2.0NRT,302.72,7.2,D
8.3638,81.05466,332.73,0.5,0.49,2026-08-31,0828,N20,nominal,2.0NRT,301.97,3.85,D
8.36317,81.05014,337.35,0.5,0.49,2026-08-31,0828,N20,nominal,2.0NRT,303.77,3.85,D
8.2757,80.33056,332.23,0.45,0.47,2026-08-31,0828,N20,nominal,2.0NRT,302.15,3.22,D
8.27287,80.18867,336.16,0.44,0.46,2026-08-31,0828,N20,nominal,2.0NRT,303.69,3.83,D
8.40235,81.03561,331.3,0.5,0.49,2026-08-31,0828,N20,low,2.0NRT,302.1,2.93,D
8.29123,80.22637,338.13,0.44,0.46,2026-08-31,0828,N20,nominal,2.0NRT,303.32,4.07,D
8.29536,80.22634,346.13,0.44,0.46,2026-08-31,0828,N20,nominal,2.0NRT,304.54,8.41,D
8.33133,80.39417,332.61,0.45,0.47,2026-08-31,0828,N20,nominal,2.0NRT,302.07,2.1,D
8.44329,81.08285,344.6,0.5,0.49,2026-08-31,0828,N20,nominal,2.0NRT,303.43,7.36,D
8.39604,80.63992,332.36,0.47,0.48,2026-08-31,0828,N20,low,2.0NRT,302.99,3.64,D
8.34843,80.29674,343.2,0.44,0.46,2026-08-31,0828,N20,nominal,2.0NRT,303.86,9.99,D
8.39514,80.60126,331.06,0.47,0.47,2026-08-31,0828,N20,nominal,2.0NRT,300.38,2.53,D
8.37198,80.43458,333.34,0.45,0.47,2026-08-31,0828,N20,nominal,2.0NRT,301.4,3.91,D
8.34466,80.20757,340.2,0.44,0.46,2026-08-31,0828,N20,nominal,2.0NRT,305.84,6.19,D
8.43194,80.80195,353.15,0.48,0.48,2026-08-31,0828,N20,nominal,2.0NRT,301.78,7,D
8.35112,80.22285,333.21,0.44,0.46,2026-08-31,0828,N20,nominal,2.0NRT,302.22,2.05,D
8.34946,80.21097,334.65,0.44,0.46,2026-08-31,0828,N20,nominal,2.0NRT,302.27,4.4,D
8.34278,80.16339,341.1,0.44,0.46,2026-08-31,0828,N20,nominal,2.0NRT,303.38,5.79,D
8.34222,80.15943,332.6,0.44,0.46,2026-08-31,0828,N20,low,2.0NRT,304.18,5.79,D
8.43576,80.79701,336.48,0.48,0.48,2026-08-31,0828,N20,nominal,2.0NRT,299.69,7,D
8.3689,80.3186,333.67,0.45,0.47,2026-08-31,0828,N20,nominal,2.0NRT,302.3,3.76,D
8.36833,80.31458,330.13,0.45,0.47,2026-08-31,0828,N20,low,2.0NRT,302.74,2.92,D
8.34701,80.16283,343.23,0.44,0.46,2026-08-31,0828,N20,nominal,2.0NRT,303.68,5.79,D
8.34645,80.15887,337.48,0.44,0.46,2026-08-31,0828,N20,nominal,2.0NRT,303.68,5.79,D
8.3692,80.2898,336.36,0.44,0.46,2026-08-31,0828,N20,nominal,2.0NRT,302.59,2.11,D
8.3909,80.38186,349.29,0.45,0.47,2026-08-31,0828,N20,nominal,2.0NRT,300.79,40.32,D
8.3625,80.18092,342.32,0.44,0.46,2026-08-31,0828,N20,nominal,2.0NRT,304.29,3.56,D
8.43796,80.62118,332.73,0.47,0.48,2026-08-31,0828,N20,nominal,2.0NRT,300.05,2.75,D
8.37719,80.16282,332.03,0.44,0.46,2026-08-31,0828,N20,low,2.0NRT,304.92,2.67,D
8.38143,80.16226,331.65,0.44,0.46,2026-08-31,0828,N20,low,2.0NRT,305.45,2.67,D
8.47744,80.80485,341.04,0.48,0.48,2026-08-31,0828,N20,nominal,2.0NRT,298.83,4.89,D
8.4731,80.77429,340.33,0.48,0.48,2026-08-31,0828,N20,nominal,2.0NRT,301.83,7.36,D
8.38623,80.16566,345.13,0.44,0.46,2026-08-31,0828,N20,nominal,2.0NRT,304.71,12.55,D
8.38509,80.15776,331.14,0.44,0.46,2026-08-31,0828,N20,low,2.0NRT,304.11,3.7,D
8.38453,80.15381,336.04,0.44,0.46,2026-08-31,0828,N20,nominal,2.0NRT,304.79,3.7,D
8.38933,80.15719,345.67,0.44,0.46,2026-08-31,0828,N20,nominal,2.0NRT,304.63,3.7,D
8.38876,80.15323,340.33,0.44,0.46,2026-08-31,0828,N20,nominal,2.0NRT,302.27,3.7,D
8.38136,80.16219,331.12,0.44,0.46,2026-08-31,0828,N20,low,2.0NRT,305.1,7.23,D
8.38613,80.16559,343.26,0.44,0.46,2026-08-31,0828,N20,nominal,2.0NRT,304.58,7.23,D
8.38506,80.15767,331.51,0.44,0.46,2026-08-31,0828,N20,low,2.0NRT,303.82,4.95,D
8.38452,80.15371,343.49,0.44,0.46,2026-08-31,0828,N20,nominal,2.0NRT,305.46,4.95,D
8.47689,80.80559,341.17,0.48,0.48,2026-08-31,0828,N20,nominal,2.0NRT,298.99,5.55,D
8.47278,80.77496,334.05,0.48,0.48,2026-08-31,0828,N20,nominal,2.0NRT,301.25,5.96,D
8.38929,80.15709,346.41,0.44,0.46,2026-08-31,0828,N20,nominal,2.0NRT,304.08,4.51,D
8.38875,80.15311,332.2,0.44,0.46,2026-08-31,0828,N20,nominal,2.0NRT,301.95,4.51,D
8.48752,80.81756,339.16,0.48,0.48,2026-08-31,0828,N20,nominal,2.0NRT,300.56,5.26,D
8.49255,80.82135,337.85,0.48,0.48,2026-08-31,0828,N20,nominal,2.0NRT,300.6,5.26,D
8.45679,80.5248,340.68,0.46,0.47,2026-08-31,0828,N20,nominal,2.0NRT,298.18,2.27,D
8.50704,80.82832,348.79,0.48,0.48,2026-08-31,0828,N20,nominal,2.0NRT,301.89,9.54,D
8.48861,80.62767,338.9,0.47,0.48,2026-08-31,0828,N20,nominal,2.0NRT,296.42,3.9,D
8.54867,80.86773,342.36,0.49,0.48,2026-08-31,0828,N20,nominal,2.0NRT,301.5,3.74,D
8.58205,80.97684,336.89,0.5,0.49,2026-08-31,0828,N20,nominal,2.0NRT,302.13,6.9,D
8.55046,80.75088,343,0.48,0.48,2026-08-31,0828,N20,nominal,2.0NRT,302.16,10.09,D
8.61864,81.13992,336.01,0.51,0.49,2026-08-31,0828,N20,nominal,2.0NRT,304.3,9.72,D
8.55546,80.6274,337.14,0.47,0.48,2026-08-31,0828,N20,nominal,2.0NRT,296.27,3.18,D
8.55486,80.62312,333.35,0.47,0.48,2026-08-31,0828,N20,nominal,2.0NRT,301.02,3.18,D
8.55923,80.6225,336.01,0.47,0.48,2026-08-31,0828,N20,nominal,2.0NRT,303.06,8.58,D
8.5926,80.82563,347.51,0.49,0.48,2026-08-31,0828,N20,nominal,2.0NRT,306.04,18.26,D
8.55621,80.62737,334.33,0.47,0.48,2026-08-31,0828,N20,nominal,2.0NRT,299.17,5.58,D
8.55563,80.62306,343.88,0.47,0.48,2026-08-31,0828,N20,nominal,2.0NRT,302.43,5.58,D
8.59185,80.82607,355.1,0.49,0.48,2026-08-31,0828,N20,nominal,2.0NRT,306.02,19.95,D
8.59689,80.82993,343.67,0.49,0.48,2026-08-31,0828,N20,nominal,2.0NRT,302.84,8.4,D
8.59629,80.82545,336.88,0.49,0.48,2026-08-31,0828,N20,nominal,2.0NRT,302.29,6.37,D
8.58503,80.74178,338.14,0.48,0.48,2026-08-31,0828,N20,nominal,2.0NRT,306.07,54.47,D
8.62364,80.99509,330.37,0.5,0.49,2026-08-31,0828,N20,low,2.0NRT,300.69,3.42,D
8.6212,80.97694,330.05,0.5,0.49,2026-08-31,0828,N20,low,2.0NRT,302.13,4.23,D
8.62569,80.97631,342.52,0.5,0.49,2026-08-31,0828,N20,nominal,2.0NRT,303.06,9.27,D
8.65062,80.9914,346.12,0.5,0.49,2026-08-31,0828,N20,nominal,2.0NRT,303.27,8.52,D
8.61147,80.67232,335.18,0.47,0.48,2026-08-31,0828,N20,nominal,2.0NRT,300.27,3.92,D
8.63244,80.7268,333.84,0.48,0.48,2026-08-31,0828,N20,nominal,2.0NRT,301.88,3.03,D
8.65821,80.88054,332.53,0.49,0.49,2026-08-31,0828,N20,nominal,2.0NRT,299.8,4.07,D
8.64962,80.81837,332.66,0.49,0.48,2026-08-31,0828,N20,low,2.0NRT,302.75,1.84,D
8.64901,80.814,332.32,0.49,0.48,2026-08-31,0828,N20,nominal,2.0NRT,301.8,1.84,D
8.63687,80.72626,334.92,0.48,0.48,2026-08-31,0828,N20,nominal,2.0NRT,301.75,8.18,D
8.65346,80.81342,331.31,0.49,0.48,2026-08-31,0828,N20,nominal,2.0NRT,299.83,1.84,D
8.64128,80.72565,356.03,0.48,0.48,2026-08-31,0828,N20,nominal,2.0NRT,303.5,8.18,D
8.67149,80.91069,330.54,0.49,0.49,2026-08-31,0828,N20,low,2.0NRT,300.94,3.57,D
8.67534,80.90561,346.08,0.49,0.49,2026-08-31,0828,N20,nominal,2.0NRT,302.55,5.1,D
8.64102,80.6594,343.21,0.47,0.48,2026-08-31,0828,N20,nominal,2.0NRT,300.08,5.43,D
8.62401,80.50606,331.19,0.46,0.47,2026-08-31,0828,N20,low,2.0NRT,302.37,4.22,D
8.68154,80.7559,334.19,0.48,0.48,2026-08-31,0828,N20,nominal,2.0NRT,301.97,4.6,D
8.67484,80.74409,331.03,0.48,0.48,2026-08-31,0828,N20,low,2.0NRT,302.7,1.87,D
8.68043,80.75225,330.65,0.48,0.48,2026-08-31,0828,N20,low,2.0NRT,303.01,9.53,D
8.79099,80.99689,337.77,0.5,0.49,2026-08-31,0828,N20,nominal,2.0NRT,303.73,6.61,D
8.71115,80.42238,344.82,0.46,0.47,2026-08-31,0828,N20,nominal,2.0NRT,302.92,11.1,D
8.80585,80.97179,353.05,0.5,0.49,2026-08-31,0828,N20,nominal,2.0NRT,306.76,24.52,D
8.811,80.97575,342.4,0.5,0.49,2026-08-31,0828,N20,nominal,2.0NRT,302.77,12.43,D
8.71157,80.17744,337.48,0.44,0.46,2026-08-31,0828,N20,nominal,2.0NRT,303,3.47,D
8.71583,80.17689,339.95,0.44,0.46,2026-08-31,0828,N20,nominal,2.0NRT,301.39,3.47,D
8.34184,77.54288,343.41,0.46,0.39,2026-08-31,0828,N20,nominal,2.0NRT,302.56,8.3,D
8.7154,80.17755,345.71,0.44,0.46,2026-08-31,0828,N20,nominal,2.0NRT,302.75,5.83,D
8.80527,80.54754,341.81,0.47,0.48,2026-08-31,0828,N20,nominal,2.0NRT,301.71,5.75,D
8.86022,80.88332,338.12,0.49,0.49,2026-08-31,0828,N20,nominal,2.0NRT,305.74,4.71,D
8.8647,80.88271,349.15,0.49,0.49,2026-08-31,0828,N20,nominal,2.0NRT,305.26,9.01,D
8.80618,80.39346,330.66,0.46,0.47,2026-08-31,0828,N20,low,2.0NRT,303.94,3.18,D
8.84779,80.6291,331.81,0.47,0.48,2026-08-31,0828,N20,low,2.0NRT,305.61,3.09,D
37.03328,62.418,343.66,0.49,0.4,2026-08-31,0835,N20,low,2.0NRT,315.86,14.47,D
8.87747,80.74528,334.47,0.48,0.48,2026-08-31,0828,N20,low,2.0NRT,304.58,5.16,D
8.44717,77.58348,335.04,0.46,0.39,2026-08-31,0828,N20,nominal,2.0NRT,302.12,2.18,D
8.90025,80.48766,349.11,0.47,0.47,2026-08-31,0828,N20,nominal,2.0NRT,304.52,5.05,D
37.11746,62.36213,341.52,0.49,0.4,2026-08-31,0835,N20,low,2.0NRT,316.43,18.59,D
8.9064,80.43552,343.6,0.46,0.47,2026-08-31,0828,N20,nominal,2.0NRT,305.69,7.62,D
37.16813,60.97911,335.42,0.56,0.43,2026-08-31,0835,N20,low,2.0NRT,307.8,5.2,D
8.91393,80.42594,347.9,0.46,0.47,2026-08-31,0828,N20,nominal,2.0NRT,304.41,18.93,D
8.89342,80.21487,330.08,0.45,0.47,2026-08-31,0828,N20,low,2.0NRT,304.16,4.02,D
8.99764,80.77033,332.49,0.49,0.48,2026-08-31,0828,N20,low,2.0NRT,304.31,4.46,D
37.09755,60.57957,347.01,0.39,0.44,2026-08-31,0835,N20,nominal,2.0NRT,309.37,3.78,D
9.00123,80.77132,336.29,0.49,0.48,2026-08-31,0828,N20,nominal,2.0NRT,303.31,2.96,D
8.97628,80.38439,341.82,0.46,0.47,2026-08-31,0828,N20,nominal,2.0NRT,303,6.5,D
37.10149,60.57827,345.92,0.39,0.44,2026-08-31,0835,N20,nominal,2.0NRT,309.73,5.17,D
8.97572,80.38023,341.86,0.46,0.47,2026-08-31,0828,N20,nominal,2.0NRT,305.11,6.5,D
9.03879,80.4529,349.93,0.47,0.47,2026-08-31,0828,N20,nominal,2.0NRT,306.54,5.85,D
9.0382,80.44867,333.31,0.46,0.47,2026-08-31,0828,N20,low,2.0NRT,305.99,5.85,D
9.01742,80.11259,332.54,0.44,0.46,2026-08-31,0828,N20,low,2.0NRT,306.74,4.92,D
37.16067,60.53287,332.54,0.4,0.44,2026-08-31,0835,N20,low,2.0NRT,307.33,5.68,D
8.72286,77.91467,338.28,0.49,0.4,2026-08-31,0828,N20,nominal,2.0NRT,306.32,6.73,D
38.52273,68.20808,337.25,0.4,0.37,2026-08-31,0835,N20,low,2.0NRT,311.72,3.6,D
9.14675,80.68382,341.12,0.48,0.48,2026-08-31,0828,N20,nominal,2.0NRT,305.98,7.74,D
37.49818,61.84877,334.74,0.51,0.41,2026-08-31,0835,N20,low,2.0NRT,309.52,5.17,D
8.74155,77.75618,337.88,0.48,0.4,2026-08-31,0828,N20,nominal,2.0NRT,305.11,6.5,D
37.84495,60.54692,336.21,0.38,0.43,2026-08-31,0835,N20,low,2.0NRT,311.21,2.95,D
9.13589,80.28188,336.74,0.45,0.47,2026-08-31,0828,N20,low,2.0NRT,307.55,2.63,D
9.1854,80.30553,333.61,0.46,0.47,2026-08-31,0828,N20,low,2.0NRT,304,5.33,D
9.17064,80.13245,337.12,0.45,0.47,2026-08-31,0828,N20,nominal,2.0NRT,301.83,7.29,D
37.82474,59.09965,331.02,0.45,0.47,2026-08-31,0835,N20,low,2.0NRT,303.9,1.51,D
9.30984,80.43034,335.04,0.47,0.48,2026-08-31,0828,N20,nominal,2.0NRT,299.73,3.09,D
9.36466,80.44054,343.81,0.47,0.48,2026-08-31,0828,N20,nominal,2.0NRT,305.66,5.75,D
37.82748,59.07186,331.69,0.45,0.47,2026-08-31,0835,N20,low,2.0NRT,305.76,3.65,D
9.38395,80.45099,341.9,0.47,0.48,2026-08-31,0828,N20,nominal,2.0NRT,303.09,6.92,D
9.02701,77.86887,341.66,0.49,0.4,2026-08-31,0828,N20,nominal,2.0NRT,311.06,10.62,D
9.41398,80.47003,331.51,0.47,0.48,2026-08-31,0828,N20,nominal,2.0NRT,300.22,2.38,D
37.96245,58.31918,335.42,0.49,0.49,2026-08-31,0835,N20,nominal,2.0NRT,302.6,2.06,D
9.10032,78.18219,340.05,0.51,0.41,2026-08-31,0828,N20,nominal,2.0NRT,305.68,12.25,D
9.41413,80.4047,331.58,0.47,0.48,2026-08-31,0828,N20,nominal,2.0NRT,300.2,3.01,D
37.96796,58.32286,334.6,0.49,0.49,2026-08-31,0835,N20,nominal,2.0NRT,303.07,5.75,D
9.41356,80.40045,333.64,0.47,0.48,2026-08-31,0828,N20,nominal,2.0NRT,301,3.01,D
9.09946,77.59773,340.97,0.47,0.4,2026-08-31,0828,N20,nominal,2.0NRT,309.36,6.5,D
37.96556,58.31226,335.87,0.49,0.49,2026-08-31,0835,N20,nominal,2.0NRT,303.28,1.64,D
9.09992,77.59845,340.12,0.47,0.4,2026-08-31,0828,N20,nominal,2.0NRT,309.29,5.89,D
9.33502,77.6755,340.82,0.48,0.4,2026-08-31,0828,N20,nominal,2.0NRT,297.84,8.25,D
37.96697,58.3218,335.26,0.49,0.49,2026-08-31,0835,N20,nominal,2.0NRT,302.72,3.11,D
9.33842,77.67591,348.33,0.48,0.4,2026-08-31,0828,N20,nominal,2.0NRT,302.43,15.33,D
39.69777,67.08216,338,0.39,0.36,2026-08-31,0835,N20,nominal,2.0NRT,306.76,1.46,D
9.43492,77.46063,336.91,0.47,0.4,2026-08-31,0828,N20,nominal,2.0NRT,306.59,2.32,D
9.33629,76.59998,331.62,0.43,0.38,2026-08-31,0828,N20,nominal,2.0NRT,297.35,2.3,D
9.65621,77.65012,339,0.48,0.4,2026-08-31,0828,N20,nominal,2.0NRT,303.15,4.92,D
38.14265,57.978,335.94,0.51,0.49,2026-08-31,0835,N20,nominal,2.0NRT,301.96,2.06,D
9.65592,77.65157,340.63,0.48,0.4,2026-08-31,0828,N20,nominal,2.0NRT,304.25,4.59,D
9.77065,78.36562,338.51,0.53,0.42,2026-08-31,0828,N20,nominal,2.0NRT,307.27,5.6,D
9.78937,78.38755,333.79,0.53,0.42,2026-08-31,0828,N20,nominal,2.0NRT,303.62,3.64,D
9.7255,77.27241,331.44,0.46,0.39,2026-08-31,0828,N20,low,2.0NRT,304.45,1.76,D
9.94658,77.72368,338.91,0.49,0.4,2026-08-31,0828,N20,nominal,2.0NRT,304.69,6.94,D
10.03775,78.14595,334.77,0.52,0.41,2026-08-31,0828,N20,low,2.0NRT,305.02,4.01,D
38.9754,56.49658,342.36,0.58,0.52,2026-08-31,0835,N20,nominal,2.0NRT,297.45,5.35,D
10.04175,77.58042,339.12,0.48,0.4,2026-08-31,0828,N20,nominal,2.0NRT,304.56,29.4,D
10.27317,78.84991,337.68,0.38,0.43,2026-08-31,0828,N20,nominal,2.0NRT,288.04,3.9,D
38.64991,54.28593,339.32,0.38,0.59,2026-08-31,0835,N20,nominal,2.0NRT,296.91,4.02,D
10.28726,77.86376,336.28,0.5,0.41,2026-08-31,0828,N20,nominal,2.0NRT,282.82,4.79,D
10.66276,78.48209,335.26,0.55,0.43,2026-08-31,0828,N20,nominal,2.0NRT,299.46,2.22,D
10.73763,78.73309,335.81,0.57,0.43,2026-08-31,0828,N20,nominal,2.0NRT,298.79,3.35,D
38.64662,54.28378,348.79,0.38,0.59,2026-08-31,0835,N20,nominal,2.0NRT,297.92,3.88,D
10.76245,78.65031,334.91,0.57,0.43,2026-08-31,0828,N20,nominal,2.0NRT,299.28,3.55,D
10.76564,78.65233,338.36,0.57,0.43,2026-08-31,0828,N20,nominal,2.0NRT,300.99,5.89,D
10.84943,78.79076,335.91,0.39,0.44,2026-08-31,0828,N20,nominal,2.0NRT,300.38,3.38,D
11.46265,79.2357,335.83,0.42,0.45,2026-08-31,0828,N20,nominal,2.0NRT,300.33,3.95,D
11.45847,79.20508,331.29,0.42,0.45,2026-08-31,0828,N20,nominal,2.0NRT,298.72,4.75,D
11.19128,76.92039,332,0.46,0.39,2026-08-31,0828,N20,nominal,2.0NRT,296.2,2.29,D
11.62768,78.61454,338.59,0.39,0.44,2026-08-31,0828,N20,nominal,2.0NRT,299.74,2.1,D
11.70993,79.0149,333.03,0.41,0.45,2026-08-31,0828,N20,nominal,2.0NRT,300.21,1.34,D
11.47324,77.20173,333.62,0.48,0.4,2026-08-31,0828,N20,nominal,2.0NRT,295.28,3.2,D
12.05407,79.33384,333.4,0.43,0.46,2026-08-31,0828,N20,low,2.0NRT,303.79,1.84,D
11.88784,77.23312,339.3,0.49,0.4,2026-08-31,0828,N20,nominal,2.0NRT,295.55,4.91,D
12.24117,79.08451,341.4,0.42,0.45,2026-08-31,0828,N20,nominal,2.0NRT,299.69,3.57,D
12.40623,79.97924,330.41,0.48,0.48,2026-08-31,0828,N20,nominal,2.0NRT,300.37,4.96,D
12.34985,79.22876,351.38,0.43,0.46,2026-08-31,0828,N20,nominal,2.0NRT,306.01,26.13,D
12.35043,79.22861,353.47,0.43,0.46,2026-08-31,0828,N20,nominal,2.0NRT,303.73,20.52,D
12.91149,79.43056,335.76,0.45,0.47,2026-08-31,0828,N20,nominal,2.0NRT,299.59,2.51,D
13.1221,79.9063,336.64,0.49,0.48,2026-08-31,0828,N20,nominal,2.0NRT,294.46,4.33,D
13.58984,78.21954,331.87,0.39,0.44,2026-08-31,0828,N20,nominal,2.0NRT,293.69,1.78,D
14.47482,78.26068,337.14,0.4,0.44,2026-08-31,0828,N20,nominal,2.0NRT,296.09,2.53,D
14.35068,77.20792,334.78,0.52,0.41,2026-08-31,0828,N20,nominal,2.0NRT,294.14,5.55,D
20.21029,55.71482,340.71,0.36,0.57,2026-08-31,1011,N20,low,2.0NRT,315.41,0.7,D
20.20918,55.71361,345.01,0.36,0.58,2026-08-31,1011,N20,low,2.0NRT,315.14,0.82,D
20.38403,55.64873,345.91,0.36,0.57,2026-08-31,1011,N20,low,2.0NRT,316.24,0.94,D
21.65911,56.41535,338.22,0.42,0.61,2026-08-31,1011,N20,low,2.0NRT,312.72,0.53,D
21.93505,57.07635,347.27,0.47,0.64,2026-08-31,1011,N20,nominal,2.0NRT,312.68,2.5,D
21.93357,57.07384,349.57,0.47,0.64,2026-08-31,1011,N20,nominal,2.0NRT,313.62,3.27,D
22.32923,56.49203,350.44,0.43,0.62,2026-08-31,1011,N20,nominal,2.0NRT,314.61,2.42,D
22.32773,56.475,344.07,0.43,0.62,2026-08-31,1011,N20,low,2.0NRT,314.09,1.8,D
22.40219,56.99179,340.39,0.47,0.64,2026-08-31,1011,N20,low,2.0NRT,312.49,3.62,D
22.44142,56.70157,349.78,0.45,0.63,2026-08-31,1011,N20,nominal,2.0NRT,315.58,15.75,D
22.87535,55.92913,341.45,0.4,0.6,2026-08-31,1011,N20,low,2.0NRT,315.38,0.95,D
22.87478,55.92599,344.03,0.4,0.6,2026-08-31,1011,N20,low,2.0NRT,316.15,1.33,D
22.88067,55.92939,345.16,0.4,0.6,2026-08-31,1011,N20,nominal,2.0NRT,315.09,1.22,D
22.87498,55.61563,353.35,0.38,0.59,2026-08-31,1011,N20,nominal,2.0NRT,318.4,2.72,D
23.18979,55.45996,348.53,0.38,0.59,2026-08-31,1013,N20,nominal,2.0NRT,317.32,3.28,D
24.50422,56.611,333.99,0.46,0.64,2026-08-31,1013,N20,low,2.0NRT,304.99,8.72,D
24.50253,56.60725,338.31,0.46,0.64,2026-08-31,1013,N20,nominal,2.0NRT,304.62,6.58,D
24.98783,55.62743,344.2,0.41,0.6,2026-08-31,1013,N20,nominal,2.0NRT,313.52,6.92,D
18.01133,54.5779,338.72,0.57,0.52,2026-08-31,1013,N20,low,2.0NRT,312.27,10.86,D
18.01071,54.57249,344.31,0.57,0.52,2026-08-31,1013,N20,nominal,2.0NRT,316.28,10.86,D
18.17412,55.2496,343.45,0.32,0.54,2026-08-31,1013,N20,low,2.0NRT,315.22,0.92,D
18.32073,55.10985,346.8,0.63,0.54,2026-08-31,1013,N20,low,2.0NRT,317.45,10.67,D
18.32006,55.10391,343.76,0.62,0.54,2026-08-31,1013,N20,low,2.0NRT,318.35,10.67,D
18.32162,55.10825,345.94,0.63,0.54,2026-08-31,1013,N20,low,2.0NRT,320,21.91,D
18.69065,55.50397,337.75,0.34,0.56,2026-08-31,1013,N20,low,2.0NRT,311.78,0.53,D
18.69338,55.5051,338.79,0.34,0.56,2026-08-31,1013,N20,low,2.0NRT,311.77,0.43,D
26.96572,57.16398,345.18,0.53,0.67,2026-08-31,1013,N20,nominal,2.0NRT,309.73,7.12,D
26.96458,57.16811,335.81,0.53,0.67,2026-08-31,1013,N20,low,2.0NRT,309.76,3.1,D
26.96424,57.16268,336.15,0.53,0.67,2026-08-31,1013,N20,low,2.0NRT,309.58,3.88,D
27.15785,56.10127,335.3,0.46,0.63,2026-08-31,1013,N20,low,2.0NRT,307.77,4.64,D
27.16651,56.05827,367,0.46,0.63,2026-08-31,1013,N20,high,2.0NRT,309.89,18.74,D
27.16617,56.05356,340.08,0.46,0.63,2026-08-31,1013,N20,nominal,2.0NRT,310.38,14.04,D
36.83824,55.32537,337.04,0.5,0.66,2026-08-31,1015,N20,nominal,2.0NRT,300.27,1.8,D
6.84185,80.89125,304.24,0.58,0.7,2026-08-31,1923,N20,nominal,2.0NRT,276.46,1.76,N
6.84643,80.89544,306.57,0.58,0.7,2026-08-31,1923,N20,nominal,2.0NRT,283.16,4.01,N
6.58221,81.10786,319.93,0.56,0.69,2026-08-31,1923,N20,nominal,2.0NRT,287.54,2.72,N
6.57878,81.10979,321.51,0.56,0.69,2026-08-31,1923,N20,nominal,2.0NRT,287.71,2.82,N
39.86188,98.25486,316.99,0.44,0.38,2026-08-31,1913,N20,nominal,2.0NRT,293.9,2.01,N
39.84534,98.27206,299.51,0.43,0.38,2026-08-31,1913,N20,nominal,2.0NRT,287.88,0.59,N
39.84469,98.27708,301.76,0.43,0.38,2026-08-31,1913,N20,nominal,2.0NRT,289.06,0.59,N
39.82418,98.24165,302.24,0.44,0.38,2026-08-31,1913,N20,nominal,2.0NRT,290.77,1.12,N
39.81427,98.2912,309.15,0.43,0.38,2026-08-31,1913,N20,nominal,2.0NRT,294.59,2.17,N
39.81363,98.2962,304.97,0.43,0.38,2026-08-31,1913,N20,nominal,2.0NRT,294.74,1.98,N
39.79341,97.88778,303.09,0.45,0.39,2026-08-31,1913,N20,nominal,2.0NRT,291.44,1.1,N
39.79276,97.89294,303.83,0.45,0.39,2026-08-31,1913,N20,nominal,2.0NRT,291.5,1.1,N
39.67475,98.47922,311.81,0.43,0.38,2026-08-31,1913,N20,nominal,2.0NRT,287.45,0.67,N
39.40519,99.8566,345.07,0.4,0.37,2026-08-31,1913,N20,nominal,2.0NRT,301.48,23.21,N
39.40585,99.85204,311.87,0.4,0.37,2026-08-31,1913,N20,nominal,2.0NRT,289.81,3.06,N
38.85388,100.81313,303.47,0.38,0.36,2026-08-31,1913,N20,nominal,2.0NRT,290.04,0.69,N
38.84266,100.16943,303.92,0.39,0.36,2026-08-31,1913,N20,nominal,2.0NRT,288.36,1.18,N
36.89217,101.75284,300.28,0.39,0.36,2026-08-31,1913,N20,nominal,2.0NRT,283.9,1.39,N
36.59152,101.48555,311.11,0.39,0.36,2026-08-31,1913,N20,nominal,2.0NRT,283.8,1.26,N
36.57388,101.53,295.96,0.39,0.36,2026-08-31,1913,N20,nominal,2.0NRT,283.23,0.53,N
36.56732,101.52832,295.48,0.39,0.36,2026-08-31,1913,N20,nominal,2.0NRT,283.93,0.7,N
36.27219,100.57381,298.24,0.38,0.36,2026-08-31,1913,N20,nominal,2.0NRT,281.06,0.47,N
29.78919,91.6047,301.51,0.46,0.47,2026-08-31,1915,N20,nominal,2.0NRT,282.98,1.45,N
29.66183,90.90602,298.57,0.5,0.49,2026-08-31,1915,N20,nominal,2.0NRT,282.02,1.25,N
29.26624,91.92337,296.2,0.43,0.46,2026-08-31,1915,N20,nominal,2.0NRT,281.38,1.07,N
29.22659,88.3523,300.17,0.35,0.57,2026-08-31,1915,N20,nominal,2.0NRT,281.1,1.13,N
26.62443,101.5947,329.39,0.48,0.4,2026-08-31,1915,N20,nominal,2.0NRT,289.12,2.45,N
26.62083,101.59373,341.67,0.48,0.4,2026-08-31,1915,N20,nominal,2.0NRT,290.25,11.63,N
26.62424,101.45322,303.11,0.48,0.4,2026-08-31,1915,N20,nominal,2.0NRT,288.09,0.85,N
26.57924,101.69765,302.88,0.49,0.4,2026-08-31,1915,N20,nominal,2.0NRT,290.81,0.95,N
26.57813,101.66254,323.46,0.49,0.4,2026-08-31,1915,N20,nominal,2.0NRT,290.77,2.35,N
26.57728,101.66713,307.98,0.49,0.4,2026-08-31,1915,N20,nominal,2.0NRT,291.68,2.35,N
26.57644,101.67167,316.2,0.49,0.4,2026-08-31,1915,N20,nominal,2.0NRT,291.48,1.41,N
26.56908,101.67034,302.01,0.49,0.4,2026-08-31,1915,N20,nominal,2.0NRT,291.07,2.16,N
26.56454,101.67436,311.31,0.49,0.4,2026-08-31,1915,N20,nominal,2.0NRT,293.94,2.96,N
26.56366,101.67907,315.01,0.49,0.4,2026-08-31,1915,N20,nominal,2.0NRT,293.21,2.37,N
24.50672,56.60335,313.01,0.79,0.78,2026-08-31,2059,N20,nominal,2.0NRT,298.49,2.76,N
22.9333,69.69547,319.81,0.4,0.37,2026-08-31,2059,N20,nominal,2.0NRT,288.73,3.34,N
22.93215,69.70328,304.41,0.4,0.37,2026-08-31,2059,N20,nominal,2.0NRT,291.76,1.67,N
21.10775,72.64704,312.17,0.41,0.37,2026-08-31,2059,N20,nominal,2.0NRT,281.09,1.67,N
21.10298,72.63417,330.34,0.41,0.37,2026-08-31,2059,N20,nominal,2.0NRT,284.89,2.63,N
21.10232,72.63803,306.19,0.41,0.37,2026-08-31,2059,N20,nominal,2.0NRT,282.98,2.63,N
22.66135,59.40353,329.46,0.5,0.66,2026-08-31,2059,N20,nominal,2.0NRT,298.54,5.16,N
22.66096,59.40839,330.66,0.5,0.66,2026-08-31,2059,N20,nominal,2.0NRT,298.69,5.25,N
22.66021,59.40728,347.22,0.5,0.66,2026-08-31,2059,N20,nominal,2.0NRT,298.42,7.33,N
20.91001,71.45766,306.84,0.39,0.36,2026-08-31,2059,N20,nominal,2.0NRT,292.26,1.23,N
20.90941,71.46135,307.93,0.39,0.36,2026-08-31,2059,N20,nominal,2.0NRT,292.29,1.31,N
22.40545,56.98335,318.16,0.71,0.75,2026-08-31,2059,N20,nominal,2.0NRT,297.02,1.89,N
22.40658,56.9849,319.27,0.71,0.75,2026-08-31,2059,N20,nominal,2.0NRT,297.18,2.48,N
22.33361,56.48345,308.02,0.77,0.77,2026-08-31,2059,N20,nominal,2.0NRT,297.86,2.88,N
22.32735,56.46836,325.29,0.77,0.77,2026-08-31,2059,N20,nominal,2.0NRT,298.76,5.53,N
22.32643,56.48306,326.1,0.77,0.77,2026-08-31,2059,N20,nominal,2.0NRT,298.09,2.88,N
22.33147,56.468,325.59,0.77,0.77,2026-08-31,2059,N20,nominal,2.0NRT,299.3,5.8,N
22.33046,56.48279,328.04,0.77,0.77,2026-08-31,2059,N20,nominal,2.0NRT,298.13,6.68,N
21.94124,57.07057,328.16,0.7,0.75,2026-08-31,2059,N20,nominal,2.0NRT,296.09,4.11,N
21.89421,56.84034,307.06,0.72,0.76,2026-08-31,2059,N20,nominal,2.0NRT,296.12,0.66,N
21.83654,56.67441,309.56,0.74,0.76,2026-08-31,2059,N20,nominal,2.0NRT,295.72,1.44,N
21.83896,56.676,308.96,0.74,0.76,2026-08-31,2059,N20,nominal,2.0NRT,295.72,1.14,N
21.66107,56.40549,318.71,0.76,0.77,2026-08-31,2059,N20,nominal,2.0NRT,296.34,3.35,N
21.66523,56.40377,316.84,0.76,0.77,2026-08-31,2059,N20,nominal,2.0NRT,296.89,4.36,N
21.4628,57.24322,307.16,0.67,0.74,2026-08-31,2059,N20,nominal,2.0NRT,294.87,1.14,N
21.46135,57.24168,310.77,0.67,0.74,2026-08-31,2059,N20,nominal,2.0NRT,295.04,1.38,N
21.32288,57.71947,308.96,0.62,0.72,2026-08-31,2059,N20,nominal,2.0NRT,294.96,1.68,N
21.31486,57.73722,307.22,0.62,0.72,2026-08-31,2059,N20,nominal,2.0NRT,294.74,1.49,N
21.3144,57.74331,311.6,0.62,0.72,2026-08-31,2059,N20,nominal,2.0NRT,295.21,1.49,N
21.30415,57.79092,308.13,0.62,0.71,2026-08-31,2059,N20,nominal,2.0NRT,295.1,1.55,N
21.30369,57.79701,305.52,0.62,0.71,2026-08-31,2059,N20,nominal,2.0NRT,295,1.29,N
21.37503,56.70871,325.19,0.73,0.76,2026-08-31,2059,N20,nominal,2.0NRT,296.21,4.98,N
21.3384,57.7212,306.06,0.62,0.72,2026-08-31,2059,N20,nominal,2.0NRT,295.04,1.23,N
21.31853,57.71908,305.84,0.62,0.72,2026-08-31,2059,N20,nominal,2.0NRT,294.83,1.82,N
21.31651,57.74359,312.03,0.62,0.72,2026-08-31,2059,N20,nominal,2.0NRT,295.06,2.07,N
21.30546,57.79718,309.26,0.62,0.71,2026-08-31,2059,N20,nominal,2.0NRT,295.07,2.11,N
21.30626,57.70548,304.93,0.63,0.72,2026-08-31,2059,N20,nominal,2.0NRT,294.7,1.05,N
21.37684,56.71021,327.71,0.73,0.76,2026-08-31,2059,N20,nominal,2.0NRT,296.35,4.88,N
19.52982,71.2982,307.96,0.39,0.36,2026-08-31,2059,N20,nominal,2.0NRT,292.19,1.88,N
19.371,71.35374,320.82,0.39,0.36,2026-08-31,2059,N20,nominal,2.0NRT,294.08,2.7,N
20.56196,56.41666,306.95,0.74,0.76,2026-08-31,2101,N20,nominal,2.0NRT,294.25,0.91,N
20.55768,56.41777,304.95,0.74,0.76,2026-08-31,2101,N20,nominal,2.0NRT,294.4,1.05,N
18.5759,72.24078,330.93,0.41,0.37,2026-08-31,2101,N20,nominal,2.0NRT,293.64,4.33,N
20.37867,55.93342,308.13,0.8,0.78,2026-08-31,2101,N20,nominal,2.0NRT,295.29,1.88,N
19.27134,56.17184,304.24,0.75,0.77,2026-08-31,2101,N20,nominal,2.0NRT,293.61,0.81,N
13.11669,77.65411,321.12,0.34,0.56,2026-08-31,2101,N20,nominal,2.0NRT,283.66,2.26,N
11.18185,79.09965,306.88,0.46,0.63,2026-08-31,2101,N20,nominal,2.0NRT,286.8,1.49,N
11.28316,77.87854,300.36,0.38,0.58,2026-08-31,2101,N20,nominal,2.0NRT,283.12,0.23,N
9.13332,77.53674,314.12,0.39,0.59,2026-08-31,2104,N20,nominal,2.0NRT,292.41,1,N
8.09217,80.79338,310.79,0.68,0.74,2026-08-31,2104,N20,nominal,2.0NRT,289.07,1.72,N
8.11518,79.87002,307.56,0.58,0.7,2026-08-31,2104,N20,nominal,2.0NRT,288.89,1.28,N
7.39623,80.88792,307.99,0.71,0.75,2026-08-31,2104,N20,nominal,2.0NRT,286.66,2.17,N
7.39549,80.88508,312.64,0.71,0.75,2026-08-31,2104,N20,nominal,2.0NRT,286.38,2.07,N
39.26594,65.19901,310.35,0.33,0.55,2026-08-31,2055,N20,nominal,2.0NRT,290.28,0.77,N
39.26082,65.19845,313.53,0.33,0.55,2026-08-31,2055,N20,nominal,2.0NRT,289.39,0.77,N
39.1905,65.28612,302.52,0.33,0.55,2026-08-31,2055,N20,nominal,2.0NRT,292.11,0.59,N
39.18365,65.31225,314.03,0.33,0.55,2026-08-31,2055,N20,nominal,2.0NRT,291.37,0.73,N
39.18094,63.22051,298.43,0.42,0.61,2026-08-31,2055,N20,nominal,2.0NRT,287.39,0.28,N
39.16794,63.25424,302.09,0.42,0.61,2026-08-31,2055,N20,nominal,2.0NRT,288.7,0.97,N
39.16771,63.25918,299.64,0.42,0.61,2026-08-31,2055,N20,nominal,2.0NRT,288.4,0.61,N
39.15926,63.31773,298.99,0.42,0.61,2026-08-31,2055,N20,nominal,2.0NRT,288.68,0.32,N
39.13187,63.41798,300.7,0.41,0.61,2026-08-31,2055,N20,nominal,2.0NRT,287.79,0.66,N
39.13144,63.30539,304.37,0.42,0.61,2026-08-31,2055,N20,nominal,2.0NRT,288.38,0.43,N
39.11879,63.33377,302.86,0.42,0.61,2026-08-31,2055,N20,nominal,2.0NRT,289,0.71,N
39.12858,63.41506,300.42,0.41,0.61,2026-08-31,2055,N20,nominal,2.0NRT,287.19,0.73,N
39.12852,63.3075,298.52,0.42,0.61,2026-08-31,2055,N20,nominal,2.0NRT,288.45,0.56,N
38.95528,63.75371,299.48,0.39,0.6,2026-08-31,2055,N20,nominal,2.0NRT,288.92,0.36,N
38.84104,63.81807,301.61,0.39,0.59,2026-08-31,2055,N20,nominal,2.0NRT,289.13,0.6,N
38.68377,65.98603,302.71,0.59,0.53,2026-08-31,2055,N20,nominal,2.0NRT,289.66,1.06,N
38.78648,63.91277,298.99,0.38,0.59,2026-08-31,2055,N20,nominal,2.0NRT,288.91,0.32,N
38.55344,65.94481,303.45,0.59,0.53,2026-08-31,2055,N20,nominal,2.0NRT,290.89,1.21,N
38.65458,63.97845,299.41,0.38,0.59,2026-08-31,2055,N20,nominal,2.0NRT,288.04,0.34,N
38.45553,65.79971,300.74,0.6,0.53,2026-08-31,2055,N20,nominal,2.0NRT,290.12,0.9,N
38.05272,67.26109,338.73,0.5,0.49,2026-08-31,2055,N20,nominal,2.0NRT,293.57,14.27,N
38.05225,67.26661,329.49,0.5,0.49,2026-08-31,2055,N20,nominal,2.0NRT,294.53,14.27,N
38.1195,64.71058,301.78,0.34,0.56,2026-08-31,2055,N20,nominal,2.0NRT,291.17,0.36,N
38.05476,64.88605,302.81,0.33,0.56,2026-08-31,2055,N20,nominal,2.0NRT,292.09,0.82,N
38.25648,58.38039,298.95,0.76,0.77,2026-08-31,2055,N20,nominal,2.0NRT,287.45,1.44,N
37.96675,65.00349,304.77,0.33,0.55,2026-08-31,2055,N20,nominal,2.0NRT,291.53,0.48,N
37.79673,62.54869,303.84,0.45,0.63,2026-08-31,2055,N20,nominal,2.0NRT,289.92,1.11,N
37.79217,62.53481,299.19,0.45,0.63,2026-08-31,2055,N20,nominal,2.0NRT,288.79,0.49,N
37.63783,62.20249,300.35,0.47,0.64,2026-08-31,2055,N20,nominal,2.0NRT,288.83,0.6,N
37.62278,62.13625,303.07,0.47,0.64,2026-08-31,2055,N20,nominal,2.0NRT,290.35,0.83,N
37.61316,61.60536,303.02,0.5,0.66,2026-08-31,2055,N20,nominal,2.0NRT,290.36,1.07,N
37.6197,62.13574,302.65,0.47,0.64,2026-08-31,2055,N20,nominal,2.0NRT,289.99,0.86,N
37.61305,61.60565,305.06,0.5,0.66,2026-08-31,2055,N20,nominal,2.0NRT,290.64,1.62,N
37.50001,61.84396,314.48,0.49,0.65,2026-08-31,2055,N20,nominal,2.0NRT,291.7,1.74,N
37.49833,61.84201,311.35,0.49,0.65,2026-08-31,2055,N20,nominal,2.0NRT,291.1,1.88,N
37.42385,62.30633,301.58,0.46,0.64,2026-08-31,2055,N20,nominal,2.0NRT,289.22,0.62,N
37.33041,61.09291,299.47,0.54,0.68,2026-08-31,2055,N20,nominal,2.0NRT,289.25,1.06,N
37.32644,61.09425,299.37,0.54,0.68,2026-08-31,2055,N20,nominal,2.0NRT,289.19,0.78,N
37.11898,62.36009,328.76,0.45,0.63,2026-08-31,2055,N20,nominal,2.0NRT,292.47,8.84,N
37.03495,62.41319,337.47,0.45,0.63,2026-08-31,2055,N20,nominal,2.0NRT,292.1,6.08,N
35.9977,63.64339,309.29,0.38,0.58,2026-08-31,2055,N20,nominal,2.0NRT,291.19,1.01,N
35.9923,63.64268,310.79,0.38,0.58,2026-08-31,2055,N20,nominal,2.0NRT,290.76,1.01,N
35.98691,63.64189,316.68,0.38,0.58,2026-08-31,2055,N20,nominal,2.0NRT,291.22,1.06,N
33.2968,71.18346,309.5,0.43,0.38,2026-08-31,2055,N20,nominal,2.0NRT,293.64,2.09,N
32.88951,71.61771,317.43,0.42,0.37,2026-08-31,2057,N20,nominal,2.0NRT,295.85,3.19,N
32.57661,72.56216,311.7,0.39,0.37,2026-08-31,2057,N20,nominal,2.0NRT,295.43,2.54,N
32.29297,70.72897,310.79,0.44,0.38,2026-08-31,2057,N20,nominal,2.0NRT,294.85,2.74,N
31.60895,74.38851,309.35,0.39,0.36,2026-08-31,2057,N20,nominal,2.0NRT,295.35,0.74,N
31.64362,74.15421,310.73,0.39,0.36,2026-08-31,2057,N20,nominal,2.0NRT,295.24,0.87,N
30.25077,74.9136,308.85,0.4,0.37,2026-08-31,2057,N20,nominal,2.0NRT,296.36,1.01,N
30.18642,74.48694,311.31,0.39,0.36,2026-08-31,2057,N20,nominal,2.0NRT,294.97,2.35,N
29.46107,76.8892,307.39,0.47,0.4,2026-08-31,2057,N20,nominal,2.0NRT,292.41,3.12,N
28.37484,77.22419,310.89,0.51,0.41,2026-08-31,2057,N20,nominal,2.0NRT,291.18,2.22,N
28.3733,77.22678,310.67,0.51,0.41,2026-08-31,2057,N20,nominal,2.0NRT,291.11,2.65,N
28.34796,77.25802,308.08,0.51,0.41,2026-08-31,2057,N20,nominal,2.0NRT,290.84,2.59,N
29.47876,60.80616,301.91,0.48,0.65,2026-08-31,2057,N20,nominal,2.0NRT,291.59,0.56,N
28.42407,69.70068,317.6,0.44,0.39,2026-08-31,2057,N20,nominal,2.0NRT,298.29,1.63,N
27.28906,73.83814,309.89,0.4,0.37,2026-08-31,2057,N20,nominal,2.0NRT,294.14,1.08,N
27.7165,68.49585,308.8,0.49,0.4,2026-08-31,2057,N20,nominal,2.0NRT,297.33,0.25,N
26.87875,73.5166,305.81,0.39,0.36,2026-08-31,2057,N20,nominal,2.0NRT,293.32,1.52,N
26.87543,73.51593,309.98,0.39,0.36,2026-08-31,2057,N20,nominal,2.0NRT,293.26,1.34,N
26.60473,73.68454,305.84,0.4,0.37,2026-08-31,2057,N20,nominal,2.0NRT,293.13,0.89,N
26.25868,74.09715,310.54,0.41,0.37,2026-08-31,2057,N20,nominal,2.0NRT,290.76,1.08,N
25.94237,72.19138,308.51,0.38,0.36,2026-08-31,2057,N20,nominal,2.0NRT,292.63,1,N
24.76362,74.60734,304.43,0.44,0.38,2026-08-31,2059,N20,nominal,2.0NRT,284.22,1.04,N
24.69281,74.68075,300.04,0.44,0.38,2026-08-31,2059,N20,nominal,2.0NRT,281.62,0.54,N
24.65826,73.87632,305.2,0.41,0.37,2026-08-31,2059,N20,nominal,2.0NRT,285.77,0.81,N
25.38847,68.58018,313.39,0.46,0.39,2026-08-31,2059,N20,nominal,2.0NRT,295.25,2.55,N
24.6901,73.00169,313.08,0.39,0.36,2026-08-31,2059,N20,nominal,2.0NRT,290.52,1.11,N
23.26684,70.25716,302.45,0.39,0.36,2026-08-31,2059,N20,nominal,2.0NRT,291.01,1.26,N
38.68141,65.95485,300.21,0.57,0.69,2026-08-31,2235,N20,nominal,2.0NRT,288.93,1.11,N
38.54947,65.94742,299.5,0.57,0.69,2026-08-31,2235,N20,nominal,2.0NRT,288.16,1.1,N
38.5525,65.9469,298.82,0.57,0.69,2026-08-31,2235,N20,nominal,2.0NRT,288.68,0.74,N
39.25117,63.2116,300.27,0.4,0.6,2026-08-31,2235,N20,nominal,2.0NRT,287.68,0.56,N
38.05141,67.26762,311.98,0.69,0.74,2026-08-31,2235,N20,nominal,2.0NRT,290.38,5,N
39.15734,63.46765,300.64,0.41,0.61,2026-08-31,2235,N20,nominal,2.0NRT,287.67,0.48,N
38.45403,65.80762,302.64,0.57,0.69,2026-08-31,2235,N20,nominal,2.0NRT,289.24,1.44,N
39.17257,63.28402,301.27,0.4,0.6,2026-08-31,2235,N20,nominal,2.0NRT,288.38,0.44,N
39.12913,63.41927,301.47,0.41,0.61,2026-08-31,2235,N20,nominal,2.0NRT,288.05,0.91,N
39.17787,63.22228,301.05,0.4,0.6,2026-08-31,2235,N20,nominal,2.0NRT,287.95,0.52,N
39.16697,63.26166,299.59,0.4,0.6,2026-08-31,2235,N20,nominal,2.0NRT,287.51,0.6,N
39.1301,63.30941,300.08,0.4,0.6,2026-08-31,2235,N20,nominal,2.0NRT,288.04,0.83,N
39.1165,63.33457,300.94,0.41,0.6,2026-08-31,2235,N20,nominal,2.0NRT,288.4,0.68,N
38.97303,63.4661,299.97,0.42,0.61,2026-08-31,2235,N20,nominal,2.0NRT,288.33,0.51,N
38.60424,64.75813,300.94,0.5,0.65,2026-08-31,2235,N20,nominal,2.0NRT,289.08,0.68,N
37.78715,62.53849,301.3,0.4,0.6,2026-08-31,2235,N20,nominal,2.0NRT,289.48,1.11,N
37.88683,62.02175,299.2,0.37,0.58,2026-08-31,2235,N20,nominal,2.0NRT,287.89,0.43,N
37.88777,62.02273,299.46,0.37,0.58,2026-08-31,2235,N20,nominal,2.0NRT,288.07,0.3,N
37.74482,62.13015,298.18,0.38,0.59,2026-08-31,2235,N20,nominal,2.0NRT,287.7,0.35,N
39.51032,54.32988,306.69,0.45,0.39,2026-08-31,2235,N20,nominal,2.0NRT,289.9,3.58,N
37.66062,62.23957,299.77,0.39,0.59,2026-08-31,2235,N20,nominal,2.0NRT,289.36,0.66,N
37.75205,61.85468,298.97,0.37,0.58,2026-08-31,2235,N20,nominal,2.0NRT,287.69,0.39,N
37.6277,62.21147,299.28,0.39,0.59,2026-08-31,2235,N20,nominal,2.0NRT,289.16,0.59,N
37.62753,62.16947,304.67,0.39,0.59,2026-08-31,2235,N20,nominal,2.0NRT,289.53,0.67,N
37.79676,61.49622,300.55,0.35,0.57,2026-08-31,2235,N20,nominal,2.0NRT,289.85,0.45,N
37.61877,62.13798,306.74,0.38,0.59,2026-08-31,2235,N20,nominal,2.0NRT,290.14,1.13,N
37.62469,62.16916,304.44,0.39,0.59,2026-08-31,2235,N20,nominal,2.0NRT,290.02,0.42,N
37.79523,61.49583,300.92,0.35,0.57,2026-08-31,2235,N20,nominal,2.0NRT,289.87,0.37,N
37.62097,62.13975,310.78,0.39,0.59,2026-08-31,2235,N20,nominal,2.0NRT,291.02,0.97,N
37.60997,61.60618,318.67,0.36,0.57,2026-08-31,2235,N20,nominal,2.0NRT,292.85,1.36,N
37.42299,62.3089,307.99,0.4,0.6,2026-08-31,2235,N20,nominal,2.0NRT,288.91,0.88,N
37.50318,61.98835,298.59,0.38,0.59,2026-08-31,2235,N20,nominal,2.0NRT,288.52,0.26,N
37.60712,61.55323,299.78,0.36,0.57,2026-08-31,2235,N20,nominal,2.0NRT,288.91,0.35,N
37.59501,61.55682,302.41,0.36,0.57,2026-08-31,2235,N20,nominal,2.0NRT,288.93,0.54,N
37.50095,61.84717,313.09,0.37,0.58,2026-08-31,2235,N20,nominal,2.0NRT,290.79,1.59,N
38.25792,58.39065,308.22,0.47,0.48,2026-08-31,2235,N20,nominal,2.0NRT,291.47,1.69,N
37.51211,61.01487,303.64,0.34,0.56,2026-08-31,2235,N20,nominal,2.0NRT,291.01,0.38,N
38.15031,58.39429,300.74,0.48,0.48,2026-08-31,2235,N20,nominal,2.0NRT,290.08,0.95,N
37.1181,62.36537,325.31,0.41,0.6,2026-08-31,2235,N20,nominal,2.0NRT,290.79,6.09,N
37.11929,62.36103,309.23,0.41,0.6,2026-08-31,2235,N20,nominal,2.0NRT,289.8,5.11,N
37.63702,60.34135,299.36,0.62,0.54,2026-08-31,2235,N20,nominal,2.0NRT,288.58,1.08,N
37.11748,62.36644,320.25,0.41,0.61,2026-08-31,2235,N20,nominal,2.0NRT,290.43,5.54,N
37.11865,62.36207,318.21,0.41,0.6,2026-08-31,2235,N20,nominal,2.0NRT,290.27,6.07,N
38.26429,57.6605,303.14,0.43,0.46,2026-08-31,2235,N20,nominal,2.0NRT,290.53,0.72,N
37.63486,60.33968,300.1,0.62,0.54,2026-08-31,2235,N20,nominal,2.0NRT,289.04,0.88,N
37.34821,61.36239,304.12,0.36,0.57,2026-08-31,2235,N20,nominal,2.0NRT,290.14,0.57,N
37.03247,62.41824,329.78,0.41,0.61,2026-08-31,2235,N20,nominal,2.0NRT,291.67,4.56,N
37.83046,59.07018,302.4,0.52,0.5,2026-08-31,2235,N20,nominal,2.0NRT,287.51,0.41,N
37.32926,61.08771,305.37,0.34,0.56,2026-08-31,2235,N20,nominal,2.0NRT,290.83,0.74,N
37.32735,61.09517,304.49,0.35,0.56,2026-08-31,2235,N20,nominal,2.0NRT,289.88,0.71,N
37.82697,58.3858,299.47,0.48,0.48,2026-08-31,2235,N20,nominal,2.0NRT,288.64,0.74,N
38.68135,54.31555,308.07,0.46,0.39,2026-08-31,2235,N20,nominal,2.0NRT,291.74,1.15,N
36.4781,61.62417,303.54,0.39,0.59,2026-08-31,2235,N20,nominal,2.0NRT,291.42,2.73,N
36.43926,61.21687,302.05,0.37,0.58,2026-08-31,2235,N20,nominal,2.0NRT,290.07,0.85,N
36.4488,59.40141,303.34,0.59,0.53,2026-08-31,2237,N20,nominal,2.0NRT,291.34,0.75,N
36.99162,56.23032,307.28,0.39,0.44,2026-08-31,2237,N20,nominal,2.0NRT,290.97,0.83,N
36.2966,54.78457,304.54,0.52,0.41,2026-08-31,2237,N20,nominal,2.0NRT,292.1,0.86,N
33.75237,59.14434,302.88,0.33,0.55,2026-08-31,2237,N20,nominal,2.0NRT,287.87,0.99,N
33.62945,59.16945,305.94,0.34,0.56,2026-08-31,2237,N20,nominal,2.0NRT,291.41,0.73,N
18.32086,55.1031,337.9,0.41,0.61,2026-08-31,2242,N20,nominal,2.0NRT,296.95,4.09,N
18.01415,54.57368,352.46,0.38,0.59,2026-08-31,2242,N20,nominal,2.0NRT,302.42,7.51,N
18.0149,54.57012,309.77,0.38,0.59,2026-08-31,2242,N20,nominal,2.0NRT,295.83,7.51,N
32.92198,60.23153,301.1,0.4,0.6,2026-08-31,2237,N20,nominal,2.0NRT,291.05,0.78,N
32.33605,54.08606,305.54,0.56,0.43,2026-08-31,2237,N20,nominal,2.0NRT,293.89,1.44,N
31.92694,54.0516,306.3,0.57,0.43,2026-08-31,2237,N20,nominal,2.0NRT,295.7,1.31,N
31.92574,54.05754,306.99,0.57,0.43,2026-08-31,2237,N20,nominal,2.0NRT,295.97,1.31,N
31.62214,54.74351,304.89,0.42,0.45,2026-08-31,2237,N20,nominal,2.0NRT,292.69,0.9,N
31.62172,54.72531,312.61,0.42,0.45,2026-08-31,2237,N20,nominal,2.0NRT,293.5,1.28,N
30.75524,56.65863,305.72,0.56,0.52,2026-08-31,2237,N20,nominal,2.0NRT,291.7,2.83,N
30.75793,56.65749,304.12,0.56,0.52,2026-08-31,2237,N20,nominal,2.0NRT,291.75,2.99,N
30.49701,56.81836,306.59,0.58,0.52,2026-08-31,2237,N20,nominal,2.0NRT,291.36,2.27,N
30.49665,56.81636,302.66,0.58,0.52,2026-08-31,2237,N20,nominal,2.0NRT,290.79,1.53,N
30.73275,55.38665,300.8,0.47,0.48,2026-08-31,2237,N20,nominal,2.0NRT,290.33,0.67,N
30.23507,56.90645,313.17,0.6,0.53,2026-08-31,2237,N20,nominal,2.0NRT,290.65,2.19,N
30.23442,56.91102,304.43,0.6,0.53,2026-08-31,2237,N20,nominal,2.0NRT,290.16,2.61,N
30.37117,56.12985,311.43,0.53,0.5,2026-08-31,2237,N20,nominal,2.0NRT,288.93,1.55,N
30.37858,55.86287,304.34,0.51,0.5,2026-08-31,2237,N20,nominal,2.0NRT,290.55,1.26,N
30.38186,55.86212,301.55,0.51,0.5,2026-08-31,2237,N20,nominal,2.0NRT,289.66,1.36,N
30.32461,55.97227,309.38,0.52,0.5,2026-08-31,2237,N20,nominal,2.0NRT,290.35,1.08,N
29.92851,56.73449,316.62,0.59,0.53,2026-08-31,2237,N20,nominal,2.0NRT,289.79,2.93,N
29.99163,55.85168,333.35,0.52,0.5,2026-08-31,2237,N20,nominal,2.0NRT,288.68,4.6,N
29.51418,55.799,299.67,0.53,0.5,2026-08-31,2240,N20,nominal,2.0NRT,289.27,0.77,N
29.5145,55.79754,300.56,0.53,0.5,2026-08-31,2240,N20,nominal,2.0NRT,289.95,0.62,N
29.15107,55.36338,301.29,0.51,0.49,2026-08-31,2240,N20,nominal,2.0NRT,290.69,1.05,N
29.15287,55.36748,306.05,0.51,0.49,2026-08-31,2240,N20,nominal,2.0NRT,291.9,1.73,N
29.20342,54.4824,299.35,0.45,0.47,2026-08-31,2240,N20,nominal,2.0NRT,288.15,0.71,N
29.17128,54.61382,306.42,0.46,0.47,2026-08-31,2240,N20,nominal,2.0NRT,290.48,1.11,N
29.17029,54.6185,302.77,0.46,0.47,2026-08-31,2240,N20,nominal,2.0NRT,292.26,1.92,N
27.4203,56.50034,314.35,0.32,0.55,2026-08-31,2240,N20,nominal,2.0NRT,299.69,1,N
27.1602,56.10091,322.13,0.62,0.54,2026-08-31,2240,N20,nominal,2.0NRT,300.51,6.1,N
25.97234,56.0691,320.23,0.33,0.55,2026-08-31,2240,N20,nominal,2.0NRT,300.62,1.25,N
25.96739,56.06776,317.18,0.33,0.55,2026-08-31,2240,N20,nominal,2.0NRT,300.81,1.25,N
25.55393,56.22487,309.84,0.34,0.56,2026-08-31,2240,N20,nominal,2.0NRT,298.65,0.41,N
25.90386,54.53306,311.87,0.53,0.5,2026-08-31,2240,N20,nominal,2.0NRT,300.18,0.6,N
25.5573,55.98287,313.04,0.33,0.55,2026-08-31,2240,N20,nominal,2.0NRT,299.27,1.06,N
25.30922,56.37195,309.94,0.35,0.57,2026-08-31,2240,N20,nominal,2.0NRT,298.6,0.83,N
24.50385,56.60448,331.14,0.38,0.59,2026-08-31,2240,N20,nominal,2.0NRT,300.29,5.18,N
24.45644,56.55251,313.99,0.38,0.59,2026-08-31,2240,N20,nominal,2.0NRT,300.42,1.28,N
24.32709,54.46994,315.49,0.56,0.52,2026-08-31,2240,N20,nominal,2.0NRT,301.74,3.19,N
24.32012,54.45673,314.09,0.56,0.52,2026-08-31,2240,N20,nominal,2.0NRT,301.99,1.57,N
24.00466,55.44182,311.58,0.33,0.55,2026-08-31,2240,N20,nominal,2.0NRT,301.06,2.07,N
22.66049,59.41222,344.93,0.62,0.72,2026-08-31,2240,N20,nominal,2.0NRT,296.54,7.74,N
23.19291,55.45815,326.85,0.34,0.56,2026-08-31,2240,N20,nominal,2.0NRT,300.87,2.15,N
23.15245,55.44769,309.33,0.34,0.56,2026-08-31,2240,N20,nominal,2.0NRT,298.98,1.36,N
23.31193,54.17921,350.05,0.57,0.52,2026-08-31,2240,N20,nominal,2.0NRT,301.22,14.98,N
22.92592,55.80106,321.66,0.37,0.58,2026-08-31,2240,N20,nominal,2.0NRT,297.83,4.43,N
22.92514,55.80453,352.27,0.37,0.58,2026-08-31,2240,N20,nominal,2.0NRT,299.59,5.79,N
22.88093,55.92658,342.98,0.37,0.58,2026-08-31,2240,N20,nominal,2.0NRT,298.97,3.17,N
22.88012,55.93012,324.57,0.37,0.58,2026-08-31,2240,N20,nominal,2.0NRT,298.89,3.17,N
22.8822,55.92713,332.34,0.37,0.58,2026-08-31,2240,N20,nominal,2.0NRT,298.23,2.59,N
22.88142,55.93067,324.77,0.37,0.58,2026-08-31,2240,N20,nominal,2.0NRT,298.67,2.59,N
22.7808,55.81458,316.95,0.37,0.58,2026-08-31,2240,N20,nominal,2.0NRT,298.95,2.35,N
22.67289,56.24988,314.94,0.4,0.6,2026-08-31,2240,N20,nominal,2.0NRT,298.69,0.9,N
22.40475,56.98568,318.84,0.45,0.63,2026-08-31,2240,N20,nominal,2.0NRT,297.43,1.21,N
22.40377,56.98987,308.79,0.45,0.63,2026-08-31,2240,N20,nominal,2.0NRT,298.04,1.21,N
22.40785,56.99025,317.13,0.45,0.63,2026-08-31,2240,N20,nominal,2.0NRT,298.04,1.91,N
22.44477,56.69889,313.9,0.43,0.62,2026-08-31,2240,N20,nominal,2.0NRT,298.53,0.88,N
22.33098,56.4879,322.58,0.42,0.61,2026-08-31,2240,N20,nominal,2.0NRT,299.42,2.35,N
22.33008,56.49179,327.28,0.42,0.61,2026-08-31,2240,N20,nominal,2.0NRT,299.71,2.35,N
22.32918,56.4705,329.65,0.42,0.61,2026-08-31,2240,N20,nominal,2.0NRT,300.42,2.43,N
22.3297,56.47169,331.13,0.42,0.61,2026-08-31,2240,N20,nominal,2.0NRT,300.88,2.79,N
22.32617,56.48754,317.23,0.42,0.61,2026-08-31,2240,N20,nominal,2.0NRT,299.07,2.35,N
21.94008,57.07093,319.86,0.46,0.64,2026-08-31,2240,N20,nominal,2.0NRT,295.66,1.72,N
21.93909,57.07529,310.89,0.46,0.64,2026-08-31,2240,N20,nominal,2.0NRT,296.01,1.72,N
21.89015,56.84481,318.43,0.45,0.63,2026-08-31,2240,N20,nominal,2.0NRT,297.89,1.09,N
21.80215,57.08904,316.55,0.47,0.64,2026-08-31,2240,N20,nominal,2.0NRT,295.52,1.25,N
21.83686,56.67949,321.5,0.44,0.62,2026-08-31,2240,N20,nominal,2.0NRT,297.57,1.74,N
21.83414,56.68025,323.57,0.44,0.62,2026-08-31,2240,N20,nominal,2.0NRT,298.09,1.62,N
21.66199,56.4125,326.73,0.42,0.61,2026-08-31,2240,N20,nominal,2.0NRT,298.13,2.17,N
21.66357,56.41401,327.01,0.43,0.62,2026-08-31,2240,N20,nominal,2.0NRT,297.87,2.39,N
21.46273,57.24666,306.52,0.49,0.65,2026-08-31,2240,N20,nominal,2.0NRT,295.65,0.6,N
21.32106,57.72118,310.8,0.52,0.67,2026-08-31,2240,N20,nominal,2.0NRT,293.6,1.08,N
21.31647,57.74072,308.04,0.53,0.67,2026-08-31,2240,N20,nominal,2.0NRT,293.64,1.15,N
21.31531,57.74564,316.25,0.53,0.67,2026-08-31,2240,N20,nominal,2.0NRT,293.63,1.15,N
21.30364,57.7952,304.94,0.53,0.67,2026-08-31,2240,N20,nominal,2.0NRT,293.35,0.83,N
21.30536,57.70669,307.08,0.52,0.67,2026-08-31,2240,N20,nominal,2.0NRT,293.41,0.9,N
21.29918,57.67899,304.49,0.52,0.67,2026-08-31,2240,N20,nominal,2.0NRT,292.86,0.59,N
21.37894,56.71439,306.26,0.45,0.63,2026-08-31,2242,N20,nominal,2.0NRT,295.76,1.55,N
21.37796,56.71862,318.35,0.45,0.63,2026-08-31,2242,N20,nominal,2.0NRT,296.23,1.55,N
21.37687,56.71783,325.86,0.45,0.63,2026-08-31,2242,N20,nominal,2.0NRT,296.43,3.33,N
21.24486,56.34764,306.45,0.43,0.62,2026-08-31,2242,N20,nominal,2.0NRT,296.13,0.76,N
20.98814,56.77373,307.36,0.46,0.64,2026-08-31,2242,N20,nominal,2.0NRT,295.5,0.59,N
20.37787,55.93501,336.7,0.42,0.61,2026-08-31,2242,N20,nominal,2.0NRT,296.99,3.4,N
20.3735,55.93394,313.32,0.42,0.61,2026-08-31,2242,N20,nominal,2.0NRT,295.71,1.11,N
20.38714,55.66031,326.33,0.4,0.6,2026-08-31,2242,N20,nominal,2.0NRT,295.85,2.06,N
20.38418,55.64772,309.73,0.4,0.6,2026-08-31,2242,N20,nominal,2.0NRT,296.43,1.19,N
20.21525,55.71085,320.53,0.41,0.61,2026-08-31,2242,N20,nominal,2.0NRT,295.21,1.26,N
19.26854,56.17312,309.13,0.46,0.64,2026-08-31,2242,N20,nominal,2.0NRT,293.09,0.75,N
39.8534,66.20016,298.17,0.54,0.68,2026-08-31,2235,N20,nominal,2.0NRT,287.76,1.04,N
39.26455,65.20124,303.6,0.5,0.66,2026-08-31,2235,N20,nominal,2.0NRT,288.39,0.77,N
39.26237,65.19744,299.22,0.5,0.66,2026-08-31,2235,N20,nominal,2.0NRT,287.75,0.63,N
38.33144,68.12044,304.15,0.75,0.77,2026-08-31,2235,N20,nominal,2.0NRT,289.75,1.5,N
39.56303,93.78285,339.12,0.41,0.37,2026-09-01,0635,N20,low,2.0NRT,313.44,2.11,D
20.17699,100.43884,330.43,0.4,0.37,2026-09-01,0629,N20,nominal,2.0NRT,296.57,2.67,D
22.79371,100.87825,331.34,0.38,0.36,2026-09-01,0631,N20,nominal,2.0NRT,299.56,2.64,D
22.79314,100.87456,339.37,0.38,0.36,2026-09-01,0631,N20,nominal,2.0NRT,305.44,5.5,D
23.01411,101.45621,334.76,0.39,0.36,2026-09-01,0631,N20,nominal,2.0NRT,300.06,4.63,D
23.10001,101.16615,339.11,0.38,0.36,2026-09-01,0631,N20,nominal,2.0NRT,303.63,5.54,D
23.03379,100.49509,329.83,0.39,0.36,2026-09-01,0631,N20,nominal,2.0NRT,293.07,2.69,D
23.03707,100.49448,332.86,0.39,0.36,2026-09-01,0631,N20,nominal,2.0NRT,299.23,2.69,D
23.23788,101.61208,340.64,0.39,0.36,2026-09-01,0631,N20,nominal,2.0NRT,308.08,8.17,D
23.14113,100.94922,329.92,0.38,0.36,2026-09-01,0631,N20,nominal,2.0NRT,299.78,2.61,D
23.29115,101.90314,332.42,0.39,0.36,2026-09-01,0631,N20,nominal,2.0NRT,298.78,7.27,D
23.53822,100.005,330.54,0.39,0.36,2026-09-01,0631,N20,nominal,2.0NRT,297.91,3.94,D
23.97939,101.645,341.68,0.39,0.36,2026-09-01,0631,N20,nominal,2.0NRT,303.51,4.24,D
24.3002,100.94971,335.59,0.38,0.36,2026-09-01,0631,N20,nominal,2.0NRT,303.81,2.14,D
24.33522,100.84702,333.53,0.38,0.36,2026-09-01,0631,N20,nominal,2.0NRT,299.11,4.13,D
29.13868,91.72541,334.32,0.51,0.49,2026-09-01,0633,N20,nominal,2.0NRT,301.53,4.16,D
29.13759,91.72023,337.3,0.51,0.49,2026-09-01,0633,N20,nominal,2.0NRT,301.24,4.16,D
29.14057,91.72209,339.27,0.51,0.49,2026-09-01,0633,N20,nominal,2.0NRT,299.59,3.91,D
29.64476,91.2907,327.25,0.53,0.5,2026-09-01,0633,N20,low,2.0NRT,300.39,7.57,D
29.63853,90.98122,328.86,0.55,0.51,2026-09-01,0633,N20,low,2.0NRT,299.73,4.73,D
29.66644,90.99794,333.86,0.55,0.51,2026-09-01,0633,N20,nominal,2.0NRT,298.33,8.21,D
35.9517,100.87773,332.98,0.44,0.39,2026-09-01,0633,N20,low,2.0NRT,305.83,1.18,D
35.95108,100.87399,341.78,0.45,0.39,2026-09-01,0633,N20,nominal,2.0NRT,307.62,2.66,D
36.52752,101.56177,334.12,0.48,0.4,2026-09-01,0633,N20,nominal,2.0NRT,301.59,2.86,D
36.69868,101.59774,331.29,0.48,0.4,2026-09-01,0633,N20,nominal,2.0NRT,300.21,3.11,D
36.78682,101.74319,330.62,0.49,0.4,2026-09-01,0633,N20,low,2.0NRT,303.63,2.66,D
36.77348,101.44141,332.44,0.48,0.4,2026-09-01,0633,N20,nominal,2.0NRT,297.74,2.42,D
36.77334,101.43938,332.7,0.48,0.4,2026-09-01,0633,N20,nominal,2.0NRT,298.23,2.79,D
38.4824,100.95856,346.23,0.47,0.4,2026-09-01,0635,N20,nominal,2.0NRT,315.93,7.77,D
7.24082,100.40689,341.34,0.54,0.42,2026-09-01,0627,N20,nominal,2.0NRT,281.71,6.88,D
7.24003,100.40208,337.31,0.54,0.42,2026-09-01,0627,N20,nominal,2.0NRT,283.71,6.88,D
7.24388,100.40144,347.96,0.54,0.42,2026-09-01,0627,N20,nominal,2.0NRT,288.11,108.63,D
7.86897,100.09224,334.74,0.55,0.43,2026-09-01,0629,N20,nominal,2.0NRT,300.32,6.09,D
15.33951,99.63112,332.29,0.46,0.39,2026-09-01,0631,N20,nominal,2.0NRT,293.62,7.62,D
15.3431,99.63049,339.71,0.46,0.39,2026-09-01,0631,N20,nominal,2.0NRT,293.67,7.62,D
6.19563,81.06744,331.56,0.4,0.37,2026-09-01,0807,N20,nominal,2.0NRT,300.13,1.84,D
6.19398,81.01984,330.75,0.4,0.37,2026-09-01,0807,N20,nominal,2.0NRT,299.67,1.5,D
6.288,81.35012,350.26,0.41,0.37,2026-09-01,0807,N20,nominal,2.0NRT,302.7,12.61,D
6.29139,81.34963,338.97,0.41,0.37,2026-09-01,0807,N20,nominal,2.0NRT,300.01,2.3,D
6.29978,80.95581,330.62,0.4,0.37,2026-09-01,0807,N20,nominal,2.0NRT,299.6,1.47,D
6.34659,81.15477,336.83,0.4,0.37,2026-09-01,0807,N20,nominal,2.0NRT,305.46,13.93,D
6.40921,81.11215,338.12,0.4,0.37,2026-09-01,0807,N20,nominal,2.0NRT,301.74,3.38,D
39.27596,56.28315,339.1,0.51,0.66,2026-09-01,0818,N20,nominal,2.0NRT,295.26,3.47,D
6.47014,80.77328,332.96,0.39,0.37,2026-09-01,0807,N20,nominal,2.0NRT,302.46,1.38,D
6.52722,81.10549,333.99,0.4,0.37,2026-09-01,0807,N20,nominal,2.0NRT,302.86,2.52,D
6.52094,80.91397,337.79,0.4,0.37,2026-09-01,0807,N20,nominal,2.0NRT,302.33,2.53,D
6.52429,80.91348,332.01,0.4,0.37,2026-09-01,0807,N20,nominal,2.0NRT,301.21,1.91,D
6.56526,80.98066,337.6,0.4,0.37,2026-09-01,0807,N20,nominal,2.0NRT,304.82,6.83,D
6.56916,80.98374,334.56,0.4,0.37,2026-09-01,0807,N20,nominal,2.0NRT,303.14,3.76,D
6.56862,80.98016,346.48,0.4,0.37,2026-09-01,0807,N20,nominal,2.0NRT,304.65,3.76,D
6.46628,80.0317,332.26,0.39,0.36,2026-09-01,0807,N20,nominal,2.0NRT,295.38,1.93,D
6.70927,81.59336,341.92,0.42,0.37,2026-09-01,0807,N20,nominal,2.0NRT,303.35,4.1,D
6.7087,81.58959,341.41,0.42,0.37,2026-09-01,0807,N20,nominal,2.0NRT,305.17,4.1,D
6.70194,81.54465,346.99,0.42,0.37,2026-09-01,0807,N20,nominal,2.0NRT,305.47,7.63,D
6.7127,81.59286,344.85,0.42,0.37,2026-09-01,0807,N20,nominal,2.0NRT,302.72,4.1,D
6.71214,81.5891,338.05,0.42,0.37,2026-09-01,0807,N20,nominal,2.0NRT,307.16,4.1,D
6.71248,81.59302,346.86,0.42,0.37,2026-09-01,0807,N20,nominal,2.0NRT,302.5,7.21,D
6.71592,81.59251,353.23,0.42,0.37,2026-09-01,0807,N20,nominal,2.0NRT,306.46,7.21,D
6.71537,81.58875,343.76,0.42,0.37,2026-09-01,0807,N20,nominal,2.0NRT,304.45,7.21,D
6.71991,81.59576,336.51,0.42,0.38,2026-09-01,0807,N20,nominal,2.0NRT,302.53,4.57,D
6.6884,81.33414,335.42,0.41,0.37,2026-09-01,0807,N20,nominal,2.0NRT,303.7,2.66,D
6.73532,81.60506,333.96,0.42,0.38,2026-09-01,0807,N20,nominal,2.0NRT,300.08,6.14,D
6.73476,81.60129,349.84,0.42,0.38,2026-09-01,0807,N20,nominal,2.0NRT,301.73,6.14,D
6.76689,81.5811,342.7,0.42,0.37,2026-09-01,0807,N20,nominal,2.0NRT,304.18,10.34,D
6.74331,81.35238,340.01,0.41,0.37,2026-09-01,0807,N20,nominal,2.0NRT,304.59,3.17,D
6.75455,81.38096,337.59,0.41,0.37,2026-09-01,0807,N20,nominal,2.0NRT,303.11,4.24,D
6.74579,81.29923,332.69,0.41,0.37,2026-09-01,0807,N20,low,2.0NRT,304.36,4.47,D
6.77698,81.46094,347.92,0.41,0.37,2026-09-01,0807,N20,nominal,2.0NRT,303.94,6.72,D
6.77985,81.45672,338.17,0.41,0.37,2026-09-01,0807,N20,nominal,2.0NRT,303.46,6.72,D
6.77492,81.40061,335.96,0.41,0.37,2026-09-01,0807,N20,nominal,2.0NRT,304.38,3.37,D
6.79736,81.52679,347.19,0.42,0.37,2026-09-01,0807,N20,nominal,2.0NRT,304.33,11.46,D
6.72585,81.05147,330.73,0.4,0.37,2026-09-01,0807,N20,nominal,2.0NRT,297.97,2.53,D
6.69535,80.78114,337.24,0.4,0.37,2026-09-01,0807,N20,nominal,2.0NRT,298.44,5.13,D
6.82295,81.60361,340.72,0.42,0.38,2026-09-01,0807,N20,nominal,2.0NRT,305.3,7.42,D
6.82237,81.60346,340.57,0.42,0.38,2026-09-01,0807,N20,nominal,2.0NRT,305.31,7.59,D
6.80068,81.40777,331.8,0.41,0.37,2026-09-01,0807,N20,low,2.0NRT,303.86,2.19,D
6.80409,81.40726,335.87,0.41,0.37,2026-09-01,0807,N20,nominal,2.0NRT,301.54,2.19,D
6.84268,81.55048,338.05,0.42,0.37,2026-09-01,0807,N20,nominal,2.0NRT,303.99,14.2,D
6.84667,81.55373,340.76,0.42,0.37,2026-09-01,0807,N20,nominal,2.0NRT,305.48,12.34,D
6.84612,81.54997,344.16,0.42,0.37,2026-09-01,0807,N20,nominal,2.0NRT,309.51,14.2,D
6.8378,81.49365,348.68,0.42,0.37,2026-09-01,0807,N20,nominal,2.0NRT,306.6,8.89,D
6.87721,81.47617,336.79,0.41,0.37,2026-09-01,0807,N20,nominal,2.0NRT,303.13,5.72,D
6.89542,81.50428,336.51,0.42,0.37,2026-09-01,0807,N20,nominal,2.0NRT,304.22,2.58,D
6.93754,81.6444,336.58,0.42,0.38,2026-09-01,0807,N20,low,2.0NRT,306.96,7.91,D
6.93636,81.6409,339.7,0.42,0.38,2026-09-01,0807,N20,nominal,2.0NRT,307.63,7.98,D
6.94218,81.51284,338.23,0.42,0.37,2026-09-01,0807,N20,nominal,2.0NRT,302.03,13.59,D
7.00928,81.65731,335.03,0.42,0.38,2026-09-01,0807,N20,low,2.0NRT,307.9,7.56,D
7.06151,81.58727,335.99,0.42,0.38,2026-09-01,0807,N20,nominal,2.0NRT,303.63,2.66,D
7.0482,81.49678,331.88,0.42,0.37,2026-09-01,0807,N20,nominal,2.0NRT,301.39,0.94,D
7.09697,81.44749,337.33,0.42,0.37,2026-09-01,0807,N20,nominal,2.0NRT,301.82,3.44,D
7.10039,81.44698,339.18,0.42,0.37,2026-09-01,0807,N20,nominal,2.0NRT,303.06,5.12,D
7.14132,81.57948,330.59,0.42,0.38,2026-09-01,0807,N20,low,2.0NRT,303.5,3.25,D
7.14814,81.58189,331.84,0.42,0.38,2026-09-01,0807,N20,low,2.0NRT,302.1,7.99,D
7.14758,81.57811,346.2,0.42,0.38,2026-09-01,0807,N20,nominal,2.0NRT,306.04,7.99,D
7.18971,81.81844,351.82,0.43,0.38,2026-09-01,0807,N20,nominal,2.0NRT,306.22,15.24,D
7.15227,81.562,334.52,0.42,0.38,2026-09-01,0807,N20,nominal,2.0NRT,302.46,4.45,D
7.1894,81.26937,336.38,0.41,0.37,2026-09-01,0807,N20,nominal,2.0NRT,303.34,5.75,D
7.28544,81.7925,346.3,0.43,0.38,2026-09-01,0807,N20,nominal,2.0NRT,305.58,2.38,D
7.20868,81.28173,335.77,0.41,0.37,2026-09-01,0807,N20,nominal,2.0NRT,301.4,4.97,D
7.20901,81.28133,336.85,0.41,0.37,2026-09-01,0807,N20,nominal,2.0NRT,301.35,4.66,D
7.2871,81.79221,344.87,0.43,0.38,2026-09-01,0807,N20,nominal,2.0NRT,306.46,3.71,D
7.27363,81.57868,332.12,0.42,0.38,2026-09-01,0807,N20,low,2.0NRT,304.52,2.39,D
7.31445,81.76054,344.48,0.43,0.38,2026-09-01,0807,N20,nominal,2.0NRT,308.02,6.14,D
7.318,81.73637,339.66,0.43,0.38,2026-09-01,0807,N20,nominal,2.0NRT,307.54,8.87,D
7.30782,81.66721,333.01,0.42,0.38,2026-09-01,0807,N20,low,2.0NRT,305.59,5.01,D
7.35605,81.82565,335.91,0.43,0.38,2026-09-01,0807,N20,nominal,2.0NRT,304.61,2.7,D
7.3208,81.56399,336.41,0.42,0.38,2026-09-01,0807,N20,nominal,2.0NRT,299.74,3.43,D
7.36082,81.73792,335.91,0.43,0.38,2026-09-01,0807,N20,nominal,2.0NRT,304.37,2.65,D
7.28258,81.21385,346.36,0.41,0.37,2026-09-01,0807,N20,nominal,2.0NRT,308.53,8.37,D
7.3689,81.76833,338.83,0.43,0.38,2026-09-01,0807,N20,nominal,2.0NRT,306.78,5.62,D
7.37472,81.73589,337.04,0.43,0.38,2026-09-01,0807,N20,nominal,2.0NRT,305.43,4.5,D
7.32648,81.29461,338.59,0.41,0.37,2026-09-01,0807,N20,nominal,2.0NRT,294.96,3.87,D
7.38538,81.62483,337.17,0.42,0.38,2026-09-01,0807,N20,nominal,2.0NRT,302.07,2.46,D
7.40812,81.70768,340.76,0.43,0.38,2026-09-01,0807,N20,nominal,2.0NRT,304.46,4.99,D
7.32339,80.94555,332.32,0.4,0.37,2026-09-01,0807,N20,low,2.0NRT,304.19,4.67,D
7.36908,81.18222,337.39,0.41,0.37,2026-09-01,0807,N20,nominal,2.0NRT,303.99,3.17,D
7.40123,81.37469,334.99,0.42,0.37,2026-09-01,0807,N20,nominal,2.0NRT,300.8,4.95,D
7.36151,81.1082,339.86,0.41,0.37,2026-09-01,0807,N20,low,2.0NRT,310.17,4.91,D
7.36096,81.10453,341.98,0.41,0.37,2026-09-01,0807,N20,nominal,2.0NRT,311.01,4.91,D
7.36491,81.10772,340.81,0.41,0.37,2026-09-01,0807,N20,nominal,2.0NRT,310.3,4.91,D
7.36436,81.10405,347.82,0.41,0.37,2026-09-01,0807,N20,nominal,2.0NRT,313.35,4.91,D
7.39201,81.26588,339.1,0.41,0.37,2026-09-01,0807,N20,nominal,2.0NRT,304.67,4.79,D
7.38813,81.23989,337.2,0.41,0.37,2026-09-01,0807,N20,nominal,2.0NRT,306.05,3.29,D
7.38757,81.23617,339.32,0.41,0.37,2026-09-01,0807,N20,nominal,2.0NRT,305.83,3.29,D
7.3683,81.10722,342.81,0.41,0.37,2026-09-01,0807,N20,nominal,2.0NRT,311.22,8.42,D
7.36775,81.10355,344.69,0.41,0.37,2026-09-01,0807,N20,nominal,2.0NRT,311.99,8.42,D
7.38876,81.22081,340.47,0.41,0.37,2026-09-01,0807,N20,nominal,2.0NRT,308.39,5.62,D
7.45624,81.6496,339.88,0.43,0.38,2026-09-01,0807,N20,nominal,2.0NRT,305.28,4.7,D
7.43785,81.2437,346.81,0.41,0.37,2026-09-01,0807,N20,nominal,2.0NRT,310.4,14.96,D
7.44126,81.24319,344.77,0.41,0.37,2026-09-01,0807,N20,nominal,2.0NRT,310.42,13.42,D
7.6399,80.81561,337.87,0.4,0.37,2026-09-01,0807,N20,nominal,2.0NRT,305.22,3.8,D
7.72668,81.25712,346.06,0.41,0.37,2026-09-01,0807,N20,nominal,2.0NRT,315.22,12.5,D
7.78909,81.55701,338.3,0.42,0.38,2026-09-01,0807,N20,nominal,2.0NRT,305.86,4.45,D
7.68967,80.44537,336.44,0.39,0.36,2026-09-01,0807,N20,nominal,2.0NRT,302.98,4.48,D
7.8633,81.44503,340.29,0.42,0.38,2026-09-01,0807,N20,nominal,2.0NRT,305.09,5.67,D
7.86562,81.43693,336.84,0.42,0.38,2026-09-01,0807,N20,nominal,2.0NRT,304.66,4.75,D
7.87304,81.46302,341.96,0.42,0.38,2026-09-01,0807,N20,nominal,2.0NRT,305.1,6.07,D
7.84616,81.21291,336.43,0.41,0.37,2026-09-01,0807,N20,nominal,2.0NRT,306.28,2.42,D
7.84958,81.2124,337.5,0.41,0.37,2026-09-01,0807,N20,nominal,2.0NRT,307.1,2.42,D
7.69357,80.13393,340.44,0.39,0.36,2026-09-01,0807,N20,nominal,2.0NRT,302.14,3.93,D
7.88596,81.3409,338.14,0.42,0.38,2026-09-01,0807,N20,nominal,2.0NRT,306.13,5,D
7.91604,81.40217,352.83,0.42,0.38,2026-09-01,0807,N20,nominal,2.0NRT,307.43,14.22,D
7.92367,81.35847,338.95,0.42,0.38,2026-09-01,0807,N20,nominal,2.0NRT,307.28,4.48,D
7.94569,81.45992,338.67,0.42,0.38,2026-09-01,0807,N20,nominal,2.0NRT,304.38,4.41,D
7.94367,81.37486,349.3,0.42,0.38,2026-09-01,0807,N20,nominal,2.0NRT,307.57,9.89,D
7.94311,81.37108,348.82,0.42,0.38,2026-09-01,0807,N20,nominal,2.0NRT,308.51,6.8,D
7.8724,80.89572,332.07,0.4,0.37,2026-09-01,0807,N20,low,2.0NRT,303.75,3.94,D
7.94655,81.37057,345.42,0.42,0.38,2026-09-01,0807,N20,nominal,2.0NRT,305.25,6.8,D
7.7706,80.19412,338.32,0.39,0.36,2026-09-01,0807,N20,nominal,2.0NRT,301.59,6.19,D
7.73849,79.95895,331.28,0.39,0.36,2026-09-01,0807,N20,nominal,2.0NRT,300,3.24,D
7.94901,81.31618,337.5,0.42,0.37,2026-09-01,0807,N20,nominal,2.0NRT,305.19,3.72,D
7.74162,79.82307,335.64,0.39,0.36,2026-09-01,0807,N20,nominal,2.0NRT,298.56,0.97,D
7.81731,80.21194,336.51,0.39,0.36,2026-09-01,0807,N20,nominal,2.0NRT,300.71,3.12,D
7.8038,80.09898,334.62,0.39,0.36,2026-09-01,0807,N20,nominal,2.0NRT,299.07,2.56,D
8.00483,81.43587,339.65,0.42,0.38,2026-09-01,0807,N20,nominal,2.0NRT,307.84,5.49,D
7.88857,80.64487,338.93,0.4,0.37,2026-09-01,0807,N20,nominal,2.0NRT,301.07,3.33,D
7.89193,80.64436,337.42,0.4,0.37,2026-09-01,0807,N20,nominal,2.0NRT,302.98,3.33,D
7.85401,80.34363,335.88,0.39,0.36,2026-09-01,0807,N20,nominal,2.0NRT,301.15,2.57,D
7.9043,80.63515,339.45,0.4,0.37,2026-09-01,0807,N20,nominal,2.0NRT,303.47,5.09,D
7.97472,81.08727,333.04,0.41,0.37,2026-09-01,0807,N20,nominal,2.0NRT,301.76,2.7,D
8.029,81.28909,367,0.42,0.37,2026-09-01,0807,N20,high,2.0NRT,305.54,6.88,D
8.02956,81.29285,338.26,0.42,0.37,2026-09-01,0807,N20,nominal,2.0NRT,305.53,4.69,D
8.03243,81.28857,333.56,0.42,0.37,2026-09-01,0807,N20,nominal,2.0NRT,300.91,2.55,D
7.95528,80.7233,337.36,0.4,0.37,2026-09-01,0807,N20,nominal,2.0NRT,305.29,6.85,D
7.95864,80.7228,348.76,0.4,0.37,2026-09-01,0807,N20,nominal,2.0NRT,305.39,6.85,D
7.88613,80.19436,343.09,0.39,0.36,2026-09-01,0807,N20,nominal,2.0NRT,303.06,14.42,D
7.96718,80.59638,347.47,0.4,0.37,2026-09-01,0807,N20,nominal,2.0NRT,305.22,7.45,D
7.97054,80.59588,344.25,0.4,0.37,2026-09-01,0807,N20,nominal,2.0NRT,304.66,6.26,D
8.00365,80.68972,345.78,0.4,0.37,2026-09-01,0807,N20,nominal,2.0NRT,304.69,6.49,D
8.00312,80.68612,332.24,0.4,0.37,2026-09-01,0807,N20,low,2.0NRT,303.74,6.49,D
7.89084,79.88833,331.07,0.39,0.36,2026-09-01,0807,N20,nominal,2.0NRT,298.23,2.43,D
8.11024,81.31932,336.01,0.42,0.38,2026-09-01,0807,N20,nominal,2.0NRT,303.56,10.42,D
8.11001,81.12762,334.89,0.41,0.37,2026-09-01,0807,N20,nominal,2.0NRT,304.84,2.56,D
8.03384,80.61523,336.42,0.4,0.37,2026-09-01,0807,N20,nominal,2.0NRT,301.32,3.42,D
7.99557,80.2457,331.23,0.39,0.36,2026-09-01,0807,N20,low,2.0NRT,303.12,3.74,D
8.09459,80.79108,347.2,0.4,0.37,2026-09-01,0807,N20,nominal,2.0NRT,304.98,9.91,D
8.02568,80.01717,340.55,0.39,0.36,2026-09-01,0807,N20,nominal,2.0NRT,303.41,7.1,D
8.08881,80.16577,346.16,0.39,0.36,2026-09-01,0807,N20,nominal,2.0NRT,303.91,8.87,D
8.18485,80.69152,338.87,0.4,0.37,2026-09-01,0807,N20,nominal,2.0NRT,303.63,2.58,D
8.18431,80.6879,336.06,0.4,0.37,2026-09-01,0807,N20,low,2.0NRT,307.4,2.58,D
8.10587,80.09838,345.37,0.39,0.36,2026-09-01,0807,N20,nominal,2.0NRT,303.63,12.94,D
8.29811,81.02658,340.89,0.41,0.37,2026-09-01,0807,N20,nominal,2.0NRT,308.17,10,D
8.30438,81.02186,347.63,0.41,0.37,2026-09-01,0807,N20,nominal,2.0NRT,307.45,15.76,D
8.30383,81.01815,346.55,0.41,0.37,2026-09-01,0807,N20,nominal,2.0NRT,307.67,7.15,D
8.18809,80.24049,330.04,0.39,0.36,2026-09-01,0807,N20,low,2.0NRT,301.7,2.08,D
8.30779,81.02135,345.12,0.41,0.37,2026-09-01,0807,N20,nominal,2.0NRT,305.98,15.76,D
8.30724,81.01763,338.69,0.41,0.37,2026-09-01,0807,N20,nominal,2.0NRT,305.75,7.15,D
8.25999,80.58377,336.94,0.4,0.37,2026-09-01,0807,N20,nominal,2.0NRT,304.74,4.62,D
8.25945,80.58018,332.21,0.4,0.37,2026-09-01,0807,N20,low,2.0NRT,304.69,4.62,D
8.39032,81.17722,340.33,0.42,0.37,2026-09-01,0807,N20,nominal,2.0NRT,299.18,6.48,D
8.37586,80.74799,336.48,0.4,0.37,2026-09-01,0807,N20,nominal,2.0NRT,303.02,3.77,D
8.31002,80.2835,348.31,0.39,0.36,2026-09-01,0807,N20,nominal,2.0NRT,306.24,6.63,D
8.28878,80.14186,346.12,0.39,0.36,2026-09-01,0807,N20,nominal,2.0NRT,303.83,3.88,D
8.29211,80.14137,333.18,0.39,0.36,2026-09-01,0807,N20,nominal,2.0NRT,302.69,3.88,D
8.37608,80.61057,334.78,0.4,0.37,2026-09-01,0807,N20,low,2.0NRT,306.1,2.99,D
8.40346,80.6324,345.42,0.4,0.37,2026-09-01,0807,N20,nominal,2.0NRT,307.1,10.1,D
8.42383,80.72218,339.1,0.4,0.37,2026-09-01,0807,N20,nominal,2.0NRT,307.16,7.42,D
8.41248,80.62364,343.83,0.4,0.37,2026-09-01,0807,N20,nominal,2.0NRT,307.8,5.89,D
8.41407,80.62293,339.76,0.4,0.37,2026-09-01,0807,N20,nominal,2.0NRT,307.29,4.07,D
8.36313,80.27856,337.58,0.39,0.36,2026-09-01,0807,N20,low,2.0NRT,307.93,6.93,D
8.37702,80.28011,340.69,0.39,0.36,2026-09-01,0807,N20,nominal,2.0NRT,307.75,5.07,D
8.4261,80.58783,339.16,0.4,0.37,2026-09-01,0807,N20,nominal,2.0NRT,305.58,6.97,D
8.42556,80.58421,334.18,0.4,0.37,2026-09-01,0807,N20,low,2.0NRT,305.33,6.97,D
8.38387,80.25729,344.44,0.39,0.36,2026-09-01,0807,N20,nominal,2.0NRT,306.01,21.15,D
8.47568,80.83,340.1,0.41,0.37,2026-09-01,0807,N20,nominal,2.0NRT,304.2,5.45,D
8.42314,80.45207,344.39,0.4,0.37,2026-09-01,0807,N20,nominal,2.0NRT,307.15,5.59,D
8.42116,80.41576,331.15,0.4,0.37,2026-09-01,0807,N20,nominal,2.0NRT,300.88,1.64,D
8.47067,80.72593,339.66,0.4,0.37,2026-09-01,0807,N20,nominal,2.0NRT,307.72,6.3,D
8.43802,80.48289,333.34,0.4,0.37,2026-09-01,0807,N20,low,2.0NRT,306.69,3.08,D
8.42199,80.37539,338.45,0.4,0.37,2026-09-01,0807,N20,nominal,2.0NRT,305.32,3.67,D
8.40496,80.26138,330.51,0.39,0.36,2026-09-01,0807,N20,low,2.0NRT,302.17,4.21,D
8.40777,80.25732,344.36,0.39,0.36,2026-09-01,0807,N20,nominal,2.0NRT,305.63,6.41,D
8.40724,80.25377,337.37,0.39,0.36,2026-09-01,0807,N20,nominal,2.0NRT,305.74,5.48,D
8.49494,80.81963,342.19,0.41,0.37,2026-09-01,0807,N20,nominal,2.0NRT,307.37,8.99,D
8.48353,80.74271,339.29,0.4,0.37,2026-09-01,0807,N20,nominal,2.0NRT,305.16,4.51,D
8.41058,80.25326,339.92,0.39,0.36,2026-09-01,0807,N20,nominal,2.0NRT,303.66,5.48,D
8.40632,80.22485,334.09,0.39,0.36,2026-09-01,0807,N20,nominal,2.0NRT,301.8,2.55,D
8.49833,80.81913,342.21,0.41,0.37,2026-09-01,0807,N20,nominal,2.0NRT,311.13,37.72,D
8.49778,80.81545,337.1,0.41,0.37,2026-09-01,0807,N20,low,2.0NRT,308.07,20.36,D
8.51189,80.81709,337.95,0.41,0.37,2026-09-01,0807,N20,nominal,2.0NRT,304.49,3.26,D
8.52678,80.89388,333.03,0.41,0.37,2026-09-01,0807,N20,nominal,2.0NRT,299.26,1.85,D
8.51638,80.82394,338.12,0.41,0.37,2026-09-01,0807,N20,nominal,2.0NRT,307.5,4.31,D
8.45641,80.39947,337.44,0.4,0.37,2026-09-01,0807,N20,nominal,2.0NRT,304.29,3.25,D
8.5281,80.85604,335.85,0.41,0.37,2026-09-01,0807,N20,low,2.0NRT,306.51,5.17,D
8.45976,80.39896,337.31,0.4,0.37,2026-09-01,0807,N20,nominal,2.0NRT,305.07,3.25,D
8.46419,80.40561,341.92,0.4,0.37,2026-09-01,0807,N20,nominal,2.0NRT,304.94,6.91,D
8.46311,80.39846,333.45,0.4,0.37,2026-09-01,0807,N20,low,2.0NRT,304.64,2.91,D
8.47723,80.46968,333.63,0.4,0.37,2026-09-01,0807,N20,low,2.0NRT,304.51,3.12,D
8.47669,80.46609,340.3,0.4,0.37,2026-09-01,0807,N20,nominal,2.0NRT,304.76,3.12,D
8.46767,80.38315,338.54,0.4,0.37,2026-09-01,0807,N20,nominal,2.0NRT,303.59,4.79,D
8.46713,80.37957,331.05,0.4,0.37,2026-09-01,0807,N20,low,2.0NRT,302.95,4.79,D
8.51537,80.67827,335.57,0.4,0.37,2026-09-01,0807,N20,nominal,2.0NRT,304.66,4.58,D
8.47263,80.39338,341.6,0.4,0.37,2026-09-01,0807,N20,nominal,2.0NRT,303.82,5.03,D
8.55636,80.85937,348.82,0.41,0.37,2026-09-01,0807,N20,nominal,2.0NRT,309.36,9.05,D
8.51689,80.59644,349.77,0.4,0.37,2026-09-01,0807,N20,nominal,2.0NRT,309.22,8.18,D
8.55724,80.85863,342.73,0.41,0.37,2026-09-01,0807,N20,nominal,2.0NRT,308.82,6.63,D
8.51914,80.59909,349.1,0.4,0.37,2026-09-01,0807,N20,nominal,2.0NRT,307.86,6.67,D
8.51861,80.59547,339.44,0.4,0.37,2026-09-01,0807,N20,nominal,2.0NRT,307.74,8.91,D
8.52305,80.60222,341.68,0.4,0.37,2026-09-01,0807,N20,nominal,2.0NRT,305.4,6.67,D
8.52251,80.59859,344.72,0.4,0.37,2026-09-01,0807,N20,nominal,2.0NRT,307.41,6.67,D
8.52091,80.58773,336.98,0.4,0.37,2026-09-01,0807,N20,low,2.0NRT,307.89,3.42,D
8.54302,80.71444,337.21,0.4,0.37,2026-09-01,0807,N20,nominal,2.0NRT,300.45,2.65,D
8.52482,80.59085,340.95,0.4,0.37,2026-09-01,0807,N20,nominal,2.0NRT,308.75,18.05,D
8.52428,80.58723,350.87,0.4,0.37,2026-09-01,0807,N20,nominal,2.0NRT,313.39,16.67,D
8.52765,80.58673,339.2,0.4,0.37,2026-09-01,0807,N20,nominal,2.0NRT,306.89,16.67,D
8.56056,80.7867,337.47,0.41,0.37,2026-09-01,0807,N20,nominal,2.0NRT,306.61,4.67,D
8.55854,80.74949,337.21,0.4,0.37,2026-09-01,0807,N20,nominal,2.0NRT,305.07,3.14,D
8.54886,80.68374,340.39,0.4,0.37,2026-09-01,0807,N20,nominal,2.0NRT,305.95,5.04,D
8.53385,80.5821,337.32,0.4,0.37,2026-09-01,0807,N20,nominal,2.0NRT,304.62,3.94,D
8.51517,80.45588,338.05,0.4,0.37,2026-09-01,0807,N20,nominal,2.0NRT,303.92,5.6,D
8.59665,80.98523,332.8,0.41,0.37,2026-09-01,0807,N20,low,2.0NRT,305.63,2.99,D
8.55331,80.69052,336.36,0.4,0.37,2026-09-01,0807,N20,low,2.0NRT,306.71,2.76,D
8.5714,80.7663,336.88,0.41,0.37,2026-09-01,0807,N20,nominal,2.0NRT,305.52,8.29,D
8.57086,80.76264,347.81,0.41,0.37,2026-09-01,0807,N20,nominal,2.0NRT,309.48,8.29,D
8.60798,80.99117,335.7,0.41,0.37,2026-09-01,0807,N20,low,2.0NRT,306.98,4.51,D
8.56938,80.72919,337.86,0.4,0.37,2026-09-01,0807,N20,nominal,2.0NRT,303.44,4.97,D
8.56884,80.72552,336.31,0.4,0.37,2026-09-01,0807,N20,nominal,2.0NRT,305.58,4.97,D
8.53768,80.51505,339.58,0.4,0.37,2026-09-01,0807,N20,nominal,2.0NRT,305.81,7.23,D
8.53715,80.51145,336.31,0.4,0.37,2026-09-01,0807,N20,nominal,2.0NRT,305.02,4.28,D
8.63507,81.15186,340.72,0.42,0.37,2026-09-01,0807,N20,nominal,2.0NRT,305.38,7.26,D
8.61468,81.01301,333.4,0.41,0.37,2026-09-01,0807,N20,low,2.0NRT,306.02,5.49,D
8.56359,80.66665,340.52,0.4,0.37,2026-09-01,0807,N20,nominal,2.0NRT,303.1,3.58,D
8.52662,80.41747,336.83,0.4,0.37,2026-09-01,0807,N20,nominal,2.0NRT,304.23,8.12,D
8.60903,80.90376,341.37,0.41,0.37,2026-09-01,0807,N20,nominal,2.0NRT,309.84,5.32,D
8.62285,80.97375,336.77,0.41,0.37,2026-09-01,0807,N20,nominal,2.0NRT,306.74,7.33,D
8.60819,80.85102,347.73,0.41,0.37,2026-09-01,0807,N20,nominal,2.0NRT,307.17,6.77,D
8.55732,80.50842,340.06,0.4,0.37,2026-09-01,0807,N20,nominal,2.0NRT,307.71,9.25,D
8.57251,80.58739,351.23,0.4,0.37,2026-09-01,0807,N20,nominal,2.0NRT,306.82,4.9,D
8.57197,80.58377,338.4,0.4,0.37,2026-09-01,0807,N20,nominal,2.0NRT,305.33,4.9,D
8.57588,80.58688,346.83,0.4,0.37,2026-09-01,0807,N20,nominal,2.0NRT,307.29,4.9,D
8.58736,80.6408,343.59,0.4,0.37,2026-09-01,0807,N20,nominal,2.0NRT,305.4,3.05,D
8.56471,80.48888,345.44,0.4,0.37,2026-09-01,0807,N20,nominal,2.0NRT,305.21,6.7,D
8.63396,80.90764,348.39,0.41,0.37,2026-09-01,0807,N20,nominal,2.0NRT,309.58,15.72,D
8.61914,80.80795,354.82,0.41,0.37,2026-09-01,0807,N20,nominal,2.0NRT,308.42,18.64,D
8.6506,80.99627,333.05,0.41,0.37,2026-09-01,0807,N20,low,2.0NRT,305.24,5.41,D
8.61599,80.64768,338.63,0.4,0.37,2026-09-01,0807,N20,nominal,2.0NRT,304.88,6.81,D
8.65842,80.88509,338.62,0.41,0.37,2026-09-01,0807,N20,nominal,2.0NRT,306.41,7.67,D
8.63531,80.73058,342.73,0.4,0.37,2026-09-01,0807,N20,nominal,2.0NRT,306.81,11.61,D
8.65189,80.81818,347.69,0.41,0.37,2026-09-01,0807,N20,nominal,2.0NRT,308.94,8.19,D
8.6272,80.65345,341.32,0.4,0.37,2026-09-01,0807,N20,nominal,2.0NRT,306.85,5.44,D
8.62611,80.64617,332.06,0.4,0.37,2026-09-01,0807,N20,low,2.0NRT,305.21,4.73,D
8.62447,80.63522,335.17,0.4,0.37,2026-09-01,0807,N20,nominal,2.0NRT,302.37,3.56,D
8.60546,80.50855,334.31,0.4,0.37,2026-09-01,0807,N20,nominal,2.0NRT,300.57,3.04,D
8.67137,80.89798,345.82,0.41,0.37,2026-09-01,0807,N20,nominal,2.0NRT,305.69,6.26,D
8.67478,80.89748,343.88,0.41,0.37,2026-09-01,0807,N20,nominal,2.0NRT,307.36,6.26,D
8.66396,80.82355,339.11,0.41,0.37,2026-09-01,0807,N20,nominal,2.0NRT,305.99,1.81,D
8.63976,80.65855,335.24,0.4,0.37,2026-09-01,0807,N20,nominal,2.0NRT,302.2,2.2,D
8.70351,81.02254,339.27,0.41,0.37,2026-09-01,0807,N20,nominal,2.0NRT,305.47,10.21,D
8.70296,81.0188,345.32,0.41,0.37,2026-09-01,0807,N20,nominal,2.0NRT,303.15,9.54,D
8.68282,80.88114,345.29,0.41,0.37,2026-09-01,0807,N20,nominal,2.0NRT,305.41,4.82,D
8.67686,80.84047,337.36,0.41,0.37,2026-09-01,0807,N20,nominal,2.0NRT,306.35,6.18,D
8.65634,80.70087,337.48,0.4,0.37,2026-09-01,0807,N20,nominal,2.0NRT,302.35,4.07,D
8.67701,80.81786,339.55,0.41,0.37,2026-09-01,0807,N20,nominal,2.0NRT,307.17,7.59,D
8.66689,80.7255,339.66,0.4,0.37,2026-09-01,0807,N20,nominal,2.0NRT,306.81,6.36,D
8.6634,80.65504,331.92,0.4,0.37,2026-09-01,0807,N20,low,2.0NRT,304.05,2.94,D
8.66732,80.65819,337.42,0.4,0.37,2026-09-01,0807,N20,nominal,2.0NRT,305.72,5.68,D
8.66678,80.65455,333.71,0.4,0.37,2026-09-01,0807,N20,low,2.0NRT,306.1,2.94,D
8.67517,80.3873,343.64,0.4,0.37,2026-09-01,0807,N20,nominal,2.0NRT,297.56,3.67,D
8.74081,80.71076,333.79,0.4,0.37,2026-09-01,0807,N20,nominal,2.0NRT,299.36,2.58,D
8.78731,80.87704,338.04,0.41,0.37,2026-09-01,0807,N20,nominal,2.0NRT,304.74,4.18,D
8.73148,80.40436,336.04,0.4,0.37,2026-09-01,0807,N20,nominal,2.0NRT,303.78,6.84,D
8.8137,80.82015,339.12,0.41,0.37,2026-09-01,0807,N20,nominal,2.0NRT,306.61,2.83,D
8.74022,80.18744,342.44,0.39,0.36,2026-09-01,0807,N20,nominal,2.0NRT,305.13,7.03,D
8.74355,80.18694,331.5,0.39,0.36,2026-09-01,0807,N20,low,2.0NRT,302.81,3.66,D
8.90149,80.91673,339.32,0.41,0.37,2026-09-01,0807,N20,nominal,2.0NRT,299.95,3.86,D
8.84481,80.46053,343.37,0.4,0.37,2026-09-01,0807,N20,nominal,2.0NRT,307.36,9.13,D
8.87422,80.58953,331.63,0.4,0.37,2026-09-01,0807,N20,low,2.0NRT,304.54,4.26,D
8.89543,80.70979,350.54,0.41,0.37,2026-09-01,0807,N20,nominal,2.0NRT,311.29,12.28,D
8.87737,80.44827,334.96,0.4,0.37,2026-09-01,0807,N20,nominal,2.0NRT,301.86,4.35,D
8.89203,80.43133,339.06,0.4,0.37,2026-09-01,0807,N20,nominal,2.0NRT,305.92,6.34,D
8.89432,80.42362,345.24,0.4,0.37,2026-09-01,0807,N20,nominal,2.0NRT,306.22,18.82,D
8.9477,80.75841,335.01,0.41,0.37,2026-09-01,0807,N20,low,2.0NRT,305.61,3.49,D
8.96467,80.75588,333.45,0.41,0.37,2026-09-01,0807,N20,low,2.0NRT,304.86,5.39,D
9.06342,80.6434,336.9,0.4,0.37,2026-09-01,0807,N20,nominal,2.0NRT,306.03,6.95,D
9.06238,80.53422,343.91,0.4,0.37,2026-09-01,0807,N20,nominal,2.0NRT,306.38,8.27,D
9.02534,80.1679,341.66,0.39,0.37,2026-09-01,0807,N20,nominal,2.0NRT,305.55,4.67,D
9.05294,80.28446,334.44,0.4,0.37,2026-09-01,0807,N20,low,2.0NRT,308.78,4.57,D
9.05223,80.14198,335.7,0.39,0.36,2026-09-01,0807,N20,nominal,2.0NRT,305.56,3.51,D
9.09813,80.28868,333.47,0.4,0.37,2026-09-01,0807,N20,low,2.0NRT,308.16,1.91,D
9.11382,80.27898,334.75,0.4,0.37,2026-09-01,0807,N20,low,2.0NRT,307.21,1.78,D
19.56675,71.35735,339.78,0.39,0.44,2026-09-01,0811,N20,nominal,2.0NRT,288.85,6.62,D
9.11328,80.27539,338.28,0.4,0.37,2026-09-01,0807,N20,low,2.0NRT,308.53,2.38,D
9.15841,80.5534,332.67,0.4,0.37,2026-09-01,0807,N20,low,2.0NRT,305.49,2.95,D
27.44247,72.41804,340.62,0.41,0.37,2026-09-01,0813,N20,nominal,2.0NRT,309.17,3.09,D
9.0851,79.74976,338.52,0.39,0.36,2026-09-01,0807,N20,nominal,2.0NRT,305.02,5.33,D
27.52248,72.41055,367,0.41,0.37,2026-09-01,0813,N20,high,2.0NRT,311.22,5.92,D
9.23818,80.27795,338.23,0.4,0.37,2026-09-01,0807,N20,low,2.0NRT,308.77,6.16,D
27.52065,68.33736,336.04,0.42,0.45,2026-09-01,0813,N20,nominal,2.0NRT,303.58,5.64,D
9.25496,80.27543,337.77,0.4,0.37,2026-09-01,0807,N20,low,2.0NRT,308.37,6.41,D
27.84187,67.36549,334.72,0.47,0.48,2026-09-01,0813,N20,nominal,2.0NRT,304.54,3.44,D
9.37964,80.50117,330.76,0.4,0.37,2026-09-01,0807,N20,low,2.0NRT,304.42,1.09,D
9.38624,80.52262,332.76,0.4,0.37,2026-09-01,0807,N20,low,2.0NRT,304.4,1.86,D
27.84376,67.3663,336.63,0.47,0.48,2026-09-01,0813,N20,nominal,2.0NRT,304.24,2.9,D
9.3874,80.43667,334.17,0.4,0.37,2026-09-01,0807,N20,low,2.0NRT,306.26,2.22,D
28.22674,67.79078,341.46,0.44,0.46,2026-09-01,0813,N20,nominal,2.0NRT,305.11,2.55,D
9.39131,80.4398,344.68,0.4,0.37,2026-09-01,0807,N20,nominal,2.0NRT,306.92,4.75,D
29.91186,72.50246,335.6,0.39,0.37,2026-09-01,0813,N20,nominal,2.0NRT,299.35,2.61,D
9.39077,80.43616,347.24,0.4,0.37,2026-09-01,0807,N20,nominal,2.0NRT,307.8,4.75,D
30.66109,76.31641,334.5,0.43,0.38,2026-09-01,0813,N20,nominal,2.0NRT,298.08,3.62,D
9.39468,80.43929,339.79,0.4,0.37,2026-09-01,0807,N20,nominal,2.0NRT,306.75,4.75,D
31.13703,74.91448,330.19,0.4,0.37,2026-09-01,0813,N20,low,2.0NRT,305.04,6.71,D
9.39415,80.43565,344.17,0.4,0.37,2026-09-01,0807,N20,nominal,2.0NRT,308.14,4.75,D
31.12613,74.62209,336.29,0.39,0.36,2026-09-01,0813,N20,nominal,2.0NRT,298.91,8,D
9.41465,80.48103,336,0.4,0.37,2026-09-01,0807,N20,low,2.0NRT,307.55,2,D
30.14401,67.36311,338.12,0.42,0.46,2026-09-01,0816,N20,nominal,2.0NRT,302.81,3.93,D
9.40118,80.39004,336.08,0.4,0.37,2026-09-01,0807,N20,nominal,2.0NRT,305.16,1.44,D
31.62152,73.99264,332.44,0.39,0.36,2026-09-01,0816,N20,nominal,2.0NRT,297.98,1.96,D
9.41344,80.40305,334.15,0.4,0.37,2026-09-01,0807,N20,low,2.0NRT,307.35,2.25,D
32.28323,73.32689,340.06,0.38,0.36,2026-09-01,0816,N20,nominal,2.0NRT,298.15,3.61,D
9.41681,80.40254,337.45,0.4,0.37,2026-09-01,0807,N20,low,2.0NRT,307.74,2.25,D
35.28516,60.71699,367,0.38,0.59,2026-09-01,0816,N20,high,2.0NRT,311.86,18.48,D
9.41573,80.39528,341.46,0.4,0.37,2026-09-01,0807,N20,nominal,2.0NRT,308.04,9.16,D
35.29036,60.71508,367,0.38,0.59,2026-09-01,0816,N20,high,2.0NRT,311.67,15.96,D
9.41088,80.36264,340.99,0.4,0.37,2026-09-01,0807,N20,nominal,2.0NRT,305.85,3.29,D
37.03294,62.41511,343.79,0.56,0.52,2026-09-01,0818,N20,nominal,2.0NRT,313.28,12.7,D
9.42126,80.40929,335.5,0.4,0.37,2026-09-01,0807,N20,low,2.0NRT,305.83,3.37,D
37.03106,62.41908,345.26,0.56,0.51,2026-09-01,0818,N20,nominal,2.0NRT,312.3,14.23,D
9.42571,80.41607,337.49,0.4,0.37,2026-09-01,0807,N20,nominal,2.0NRT,307.46,2.53,D
38.55249,68.77795,339.8,0.41,0.37,2026-09-01,0818,N20,nominal,2.0NRT,307.01,2.51,D
9.42517,80.41243,348.9,0.4,0.37,2026-09-01,0807,N20,nominal,2.0NRT,308.83,3.37,D
37.98349,65.37352,334.68,0.57,0.43,2026-09-01,0818,N20,low,2.0NRT,307.26,2.58,D
9.42463,80.4088,333.85,0.4,0.37,2026-09-01,0807,N20,low,2.0NRT,306.2,3.37,D
37.98735,65.37224,335.87,0.57,0.43,2026-09-01,0818,N20,low,2.0NRT,309.12,2.58,D
9.42921,80.39326,338.85,0.4,0.37,2026-09-01,0807,N20,nominal,2.0NRT,306.82,3.02,D
37.39745,60.76356,333.98,0.34,0.56,2026-09-01,0818,N20,low,2.0NRT,307.42,3.1,D
9.42813,80.38601,337.1,0.4,0.37,2026-09-01,0807,N20,nominal,2.0NRT,305.5,1.83,D
37.39644,60.76474,340.26,0.34,0.56,2026-09-01,0818,N20,nominal,2.0NRT,307.58,2.78,D
9.44342,80.46554,339.83,0.4,0.37,2026-09-01,0807,N20,nominal,2.0NRT,308.91,3.41,D
37.54787,60.55887,330.38,0.34,0.56,2026-09-01,0818,N20,low,2.0NRT,305.34,2.69,D
9.43649,80.39588,332.58,0.4,0.37,2026-09-01,0807,N20,low,2.0NRT,305.37,1.61,D
37.54693,60.55516,340.85,0.34,0.56,2026-09-01,0818,N20,nominal,2.0NRT,308.71,4.51,D
9.43595,80.39226,335.72,0.4,0.37,2026-09-01,0807,N20,low,2.0NRT,306.94,1.61,D
37.54599,60.55146,339.14,0.34,0.56,2026-09-01,0818,N20,nominal,2.0NRT,308.4,4.51,D
9.208,78.37176,338.92,0.39,0.36,2026-09-01,0807,N20,nominal,2.0NRT,308.25,6.24,D
37.7435,60.72353,336.39,0.33,0.55,2026-09-01,0818,N20,nominal,2.0NRT,305.53,3.83,D
9.53295,80.38469,351.36,0.4,0.37,2026-09-01,0807,N20,nominal,2.0NRT,310.41,30.17,D
9.64446,80.31156,336.76,0.4,0.37,2026-09-01,0807,N20,nominal,2.0NRT,305.65,6.58,D
39.54598,66.76833,334.26,0.47,0.39,2026-09-01,0818,N20,low,2.0NRT,307.06,1.72,D
9.64103,80.21964,330.9,0.4,0.37,2026-09-01,0807,N20,low,2.0NRT,303.44,1.97,D
9.60998,79.98971,350.49,0.39,0.36,2026-09-01,0807,N20,nominal,2.0NRT,306.89,8.36,D
37.84322,59.02179,339.27,0.4,0.6,2026-09-01,0818,N20,nominal,2.0NRT,293.43,4.17,D
9.792,80.23696,345.76,0.4,0.37,2026-09-01,0807,N20,nominal,2.0NRT,305.76,5.6,D
9.73185,78.95364,339.67,0.38,0.36,2026-09-01,0807,N20,nominal,2.0NRT,309.4,7.88,D
10.16487,79.23363,332.5,0.39,0.36,2026-09-01,0809,N20,low,2.0NRT,303.93,4.19,D
10.04949,77.92572,342.23,0.39,0.36,2026-09-01,0809,N20,low,2.0NRT,310.22,24.12,D
10.53186,79.39458,336.41,0.39,0.36,2026-09-01,0809,N20,low,2.0NRT,308.6,4.3,D
10.67378,79.27847,337.66,0.39,0.36,2026-09-01,0809,N20,nominal,2.0NRT,307.5,3.46,D
10.85916,79.8132,333.86,0.4,0.37,2026-09-01,0809,N20,nominal,2.0NRT,303.25,1.98,D
10.89396,79.54767,331.55,0.39,0.36,2026-09-01,0809,N20,low,2.0NRT,304.62,2.42,D
10.86964,79.29421,338.56,0.39,0.36,2026-09-01,0809,N20,low,2.0NRT,309.91,3.41,D
10.88104,79.32494,339.46,0.39,0.36,2026-09-01,0809,N20,low,2.0NRT,310.8,2.56,D
10.96822,79.74831,330.42,0.39,0.37,2026-09-01,0809,N20,low,2.0NRT,302.13,3.13,D
10.94656,79.55784,330.16,0.39,0.36,2026-09-01,0809,N20,low,2.0NRT,302.62,3.76,D
11.01856,79.83994,338.87,0.4,0.37,2026-09-01,0809,N20,nominal,2.0NRT,305.96,3.22,D
11.00979,79.4135,341.18,0.39,0.36,2026-09-01,0809,N20,nominal,2.0NRT,308.25,3.37,D
11.06238,79.42599,342.69,0.39,0.36,2026-09-01,0809,N20,nominal,2.0NRT,308.14,3.87,D
11.19052,79.69118,331.18,0.39,0.37,2026-09-01,0809,N20,low,2.0NRT,301.92,2.07,D
11.14982,78.03407,340.69,0.39,0.36,2026-09-01,0809,N20,nominal,2.0NRT,308.1,6.75,D
11.33965,79.0102,340.85,0.39,0.36,2026-09-01,0809,N20,nominal,2.0NRT,309.77,8.93,D
11.47595,79.2412,333.51,0.39,0.36,2026-09-01,0809,N20,low,2.0NRT,304.48,3.37,D
11.69631,79.12608,349.14,0.39,0.36,2026-09-01,0809,N20,nominal,2.0NRT,310.78,13.01,D
11.84283,78.90457,340.49,0.39,0.36,2026-09-01,0809,N20,low,2.0NRT,311.25,8.25,D
11.99543,79.53955,338.87,0.4,0.37,2026-09-01,0809,N20,nominal,2.0NRT,307.58,9.74,D
12.05794,79.8463,335.54,0.4,0.37,2026-09-01,0809,N20,nominal,2.0NRT,302.75,2.41,D
12.06666,79.58771,338.45,0.4,0.37,2026-09-01,0809,N20,nominal,2.0NRT,305.63,2.7,D
12.09079,79.56552,341.42,0.4,0.37,2026-09-01,0809,N20,nominal,2.0NRT,308.34,10.37,D
12.32097,79.67798,336.31,0.4,0.37,2026-09-01,0809,N20,nominal,2.0NRT,304.35,4.51,D
12.32043,79.67432,334.36,0.4,0.37,2026-09-01,0809,N20,low,2.0NRT,304.79,3.47,D
11.83702,75.93494,331.71,0.43,0.38,2026-09-01,0809,N20,nominal,2.0NRT,292.59,2.87,D
12.33565,78.99867,348.36,0.39,0.36,2026-09-01,0809,N20,nominal,2.0NRT,312.93,22.47,D
12.41561,79.51421,334.56,0.4,0.37,2026-09-01,0809,N20,nominal,2.0NRT,304.89,1.9,D
12.33323,78.84695,345.02,0.39,0.36,2026-09-01,0809,N20,nominal,2.0NRT,310.36,6.94,D
12.55405,79.97852,336.83,0.41,0.37,2026-09-01,0809,N20,nominal,2.0NRT,306.29,6.11,D
12.13971,77.07882,345.6,0.4,0.37,2026-09-01,0809,N20,low,2.0NRT,298.79,12.97,D
12.63377,79.85988,341.37,0.41,0.37,2026-09-01,0809,N20,nominal,2.0NRT,307,4.43,D
12.65339,79.39956,341.11,0.4,0.37,2026-09-01,0809,N20,nominal,2.0NRT,308.72,4.69,D
12.15436,75.98641,282.59,0.42,0.38,2026-09-01,0809,N20,low,2.0NRT,294.41,179.92,D
12.15781,75.98586,351.45,0.42,0.38,2026-09-01,0809,N20,nominal,2.0NRT,287.19,179.92,D
12.82766,79.75002,338.87,0.4,0.37,2026-09-01,0809,N20,nominal,2.0NRT,304.9,4.74,D
12.61144,77.64263,330.97,0.39,0.36,2026-09-01,0809,N20,low,2.0NRT,301.86,2.62,D
12.9165,79.43965,338.17,0.4,0.37,2026-09-01,0809,N20,nominal,2.0NRT,304.79,6.57,D
12.54359,76.83745,331.47,0.4,0.37,2026-09-01,0809,N20,nominal,2.0NRT,296.4,3.7,D
12.39398,75.85985,335.37,0.43,0.38,2026-09-01,0809,N20,nominal,2.0NRT,290.63,11.18,D
12.98432,79.59767,333.27,0.4,0.37,2026-09-01,0809,N20,nominal,2.0NRT,302.23,4.21,D
13.0373,79.91235,332.05,0.41,0.37,2026-09-01,0809,N20,low,2.0NRT,303.39,2.44,D
13.05037,79.42616,339.02,0.4,0.37,2026-09-01,0809,N20,nominal,2.0NRT,304.46,6.5,D
13.15914,79.90918,337.13,0.41,0.37,2026-09-01,0809,N20,nominal,2.0NRT,297.14,4.29,D
13.16089,79.89739,338.36,0.41,0.37,2026-09-01,0809,N20,nominal,2.0NRT,300.66,6.29,D
13.2257,80.26954,335.92,0.42,0.38,2026-09-01,0809,N20,nominal,2.0NRT,300.66,3.64,D
12.78816,76.8565,337.86,0.4,0.37,2026-09-01,0809,N20,nominal,2.0NRT,296.43,9.55,D
13.15988,79.22352,338.59,0.39,0.37,2026-09-01,0809,N20,nominal,2.0NRT,304.49,4.52,D
12.69653,75.9088,340.08,0.42,0.38,2026-09-01,0809,N20,low,2.0NRT,292.13,7.3,D
13.61584,78.73156,340.21,0.39,0.36,2026-09-01,0809,N20,nominal,2.0NRT,303.16,5.53,D
13.77332,79.77724,332.02,0.41,0.37,2026-09-01,0809,N20,nominal,2.0NRT,299.05,1.38,D
13.85828,79.33337,344.08,0.4,0.37,2026-09-01,0809,N20,nominal,2.0NRT,300.18,5.53,D
14.07877,80.00418,333.7,0.42,0.38,2026-09-01,0809,N20,nominal,2.0NRT,299.9,2.4,D
14.06871,78.78734,334.46,0.39,0.36,2026-09-01,0809,N20,nominal,2.0NRT,298.21,2.33,D
14.19711,79.17576,336.17,0.4,0.37,2026-09-01,0809,N20,nominal,2.0NRT,299.77,1.97,D
14.26449,79.09801,335.36,0.4,0.37,2026-09-01,0809,N20,nominal,2.0NRT,298.67,1.7,D
14.26657,79.09671,336.51,0.4,0.37,2026-09-01,0809,N20,nominal,2.0NRT,300,8.39,D
14.53993,79.6837,343.87,0.41,0.37,2026-09-01,0809,N20,nominal,2.0NRT,301.86,5.01,D
14.71761,79.5095,339.25,0.41,0.37,2026-09-01,0809,N20,nominal,2.0NRT,300.74,3.16,D
14.81743,79.59486,337.92,0.41,0.37,2026-09-01,0809,N20,nominal,2.0NRT,302.29,3.1,D
14.77542,78.97616,337.08,0.4,0.37,2026-09-01,0809,N20,nominal,2.0NRT,299.76,3.41,D
15.16986,80.03432,340.61,0.43,0.38,2026-09-01,0809,N20,nominal,2.0NRT,302.93,7.16,D
15.17334,80.03379,344.88,0.43,0.38,2026-09-01,0809,N20,nominal,2.0NRT,300.34,4.72,D
15.17278,80.02982,350.37,0.43,0.38,2026-09-01,0809,N20,nominal,2.0NRT,304.02,4.72,D
15.17682,80.03327,334.42,0.43,0.38,2026-09-01,0809,N20,nominal,2.0NRT,299.6,4.72,D
15.17626,80.0293,339.89,0.43,0.38,2026-09-01,0809,N20,nominal,2.0NRT,302.75,4.72,D
15.30314,78.21335,332.79,0.39,0.36,2026-09-01,0809,N20,nominal,2.0NRT,300.01,2.01,D
15.17819,77.3232,334.22,0.38,0.36,2026-09-01,0809,N20,nominal,2.0NRT,299.81,2.35,D
15.17716,76.65712,340.96,0.39,0.36,2026-09-01,0809,N20,nominal,2.0NRT,297.93,4.07,D
15.36116,76.70337,331.68,0.39,0.36,2026-09-01,0809,N20,low,2.0NRT,298.57,5.18,D
15.88581,79.82314,340.5,0.43,0.38,2026-09-01,0809,N20,nominal,2.0NRT,303.44,5.52,D
15.88524,79.81916,337.62,0.43,0.38,2026-09-01,0809,N20,nominal,2.0NRT,302.11,5.52,D
15.88765,79.82237,342.72,0.43,0.38,2026-09-01,0809,N20,nominal,2.0NRT,304.43,10.4,D
15.64317,77.96676,333.94,0.39,0.36,2026-09-01,0809,N20,nominal,2.0NRT,295.75,4.13,D
15.91319,79.80233,347.16,0.43,0.38,2026-09-01,0809,N20,nominal,2.0NRT,304.48,8.73,D
15.90596,79.6264,337.02,0.42,0.38,2026-09-01,0809,N20,nominal,2.0NRT,302.4,16.99,D
15.90541,79.62249,342.05,0.42,0.38,2026-09-01,0809,N20,nominal,2.0NRT,305.56,16.99,D
16.23223,80.54265,330.61,0.46,0.39,2026-09-01,0809,N20,nominal,2.0NRT,294.34,2.07,D
16.19392,80.10727,338.44,0.44,0.38,2026-09-01,0809,N20,nominal,2.0NRT,297.1,3.72,D
16.17905,80.00101,336.14,0.44,0.38,2026-09-01,0809,N20,nominal,2.0NRT,298.23,4.45,D
16.33996,77.79362,330.08,0.39,0.36,2026-09-01,0809,N20,nominal,2.0NRT,292.57,1.63,D
16.79762,80.1647,336.05,0.45,0.39,2026-09-01,0809,N20,nominal,2.0NRT,295.72,3.51,D
17.64225,82.57277,341.11,0.41,0.45,2026-09-01,0809,N20,nominal,2.0NRT,296.41,3.78,D
17.95593,80.79787,331.58,0.49,0.41,2026-09-01,0809,N20,nominal,2.0NRT,293.05,5.56,D
17.99069,74.74986,333.18,0.42,0.38,2026-09-01,0811,N20,nominal,2.0NRT,299.54,2.95,D
22.87888,55.92921,353.36,0.4,0.44,2026-09-01,0954,N20,nominal,2.0NRT,324.76,1.76,D
22.87841,55.9253,367,0.4,0.44,2026-09-01,0954,N20,low,2.0NRT,325.66,1.76,D
22.88249,55.92475,367,0.4,0.44,2026-09-01,0954,N20,low,2.0NRT,325.46,0.5,D
22.78057,54.73123,349.12,0.52,0.41,2026-09-01,0954,N20,low,2.0NRT,323.54,6.48,D
24.98878,55.62764,351.17,0.41,0.45,2026-09-01,0954,N20,nominal,2.0NRT,322.98,3.52,D
25.56867,60.1088,333.88,0.4,0.6,2026-09-01,0954,N20,nominal,2.0NRT,301.39,1.27,D
27.15979,56.10173,348.05,0.47,0.47,2026-09-01,0956,N20,nominal,2.0NRT,310.51,16.38,D
27.16842,56.05778,349.31,0.46,0.47,2026-09-01,0956,N20,nominal,2.0NRT,311.86,18.01,D
27.16792,56.0531,346.62,0.46,0.47,2026-09-01,0956,N20,nominal,2.0NRT,312.68,17.33,D
29.99006,55.85388,351.07,0.49,0.48,2026-09-01,0956,N20,nominal,2.0NRT,318.49,8.84,D
37.03407,62.42295,335.51,0.68,0.74,2026-09-01,0958,N20,nominal,2.0NRT,302.78,5.07,D
37.11515,62.36751,337.14,0.67,0.74,2026-09-01,0958,N20,nominal,2.0NRT,305.74,7.34,D
37.11585,62.3663,335.71,0.67,0.74,2026-09-01,0958,N20,low,2.0NRT,306.01,5.33,D
37.54775,60.55005,343.79,0.54,0.68,2026-09-01,0958,N20,nominal,2.0NRT,304.36,6.9,D
37.37637,56.96417,338.15,0.34,0.56,2026-09-01,0958,N20,nominal,2.0NRT,303.09,3.61,D
37.83136,58.98278,333.83,0.44,0.63,2026-09-01,0958,N20,nominal,2.0NRT,297.09,2.38,D
37.83715,58.98243,332.2,0.44,0.63,2026-09-01,0958,N20,nominal,2.0NRT,297.57,2.38,D
39.27322,56.27824,367,0.32,0.55,2026-09-01,0958,N20,high,2.0NRT,303.07,3.52,D
39.27345,56.28205,330.75,0.32,0.55,2026-09-01,0958,N20,nominal,2.0NRT,300.35,3.52,D
39.27805,56.27398,341.94,0.32,0.55,2026-09-01,0958,N20,nominal,2.0NRT,302.53,2.69,D
39.28383,56.28486,338.57,0.32,0.55,2026-09-01,0958,N20,nominal,2.0NRT,301.06,2.76,D
19.26909,56.17625,344.3,0.56,0.43,2026-09-01,0952,N20,low,2.0NRT,316.58,1.65,D
20.3757,55.93656,349.38,0.56,0.43,2026-09-01,0954,N20,nominal,2.0NRT,317.18,2.87,D
21.30472,57.80035,343.79,0.5,0.49,2026-09-01,0954,N20,low,2.0NRT,316.31,1.97,D
21.31007,57.74699,346.63,0.5,0.49,2026-09-01,0954,N20,low,2.0NRT,317.18,3.5,D
21.30588,57.70884,341.57,0.49,0.49,2026-09-01,0954,N20,low,2.0NRT,314.62,0.78,D
21.3209,57.7214,341.59,0.5,0.49,2026-09-01,0954,N20,low,2.0NRT,315.81,1.48,D
21.29016,57.10024,346.93,0.45,0.47,2026-09-01,0954,N20,low,2.0NRT,318.18,1.41,D
21.33302,56.69932,351.74,0.43,0.46,2026-09-01,0954,N20,nominal,2.0NRT,323.04,13.34,D
21.65958,56.41468,348.87,0.42,0.45,2026-09-01,0954,N20,nominal,2.0NRT,318.84,1.75,D
21.79939,57.09252,345.82,0.46,0.47,2026-09-01,0954,N20,low,2.0NRT,319.66,1.91,D
21.83391,56.68274,346.73,0.43,0.46,2026-09-01,0954,N20,low,2.0NRT,319.62,2.69,D
21.93568,57.07637,346.26,0.46,0.47,2026-09-01,0954,N20,low,2.0NRT,318.02,3.2,D
22.32664,56.49232,347.81,0.43,0.46,2026-09-01,0954,N20,low,2.0NRT,322.34,2.58,D
22.33203,56.46629,348.93,0.43,0.46,2026-09-01,0954,N20,low,2.0NRT,322.17,2.25,D
22.32506,56.47163,346.59,0.43,0.46,2026-09-01,0954,N20,low,2.0NRT,321.41,1.6,D
22.33299,56.46652,350.53,0.43,0.46,2026-09-01,0954,N20,nominal,2.0NRT,322.57,1.97,D
22.40469,56.98928,346.91,0.46,0.47,2026-09-01,0954,N20,nominal,2.0NRT,318.16,1.72,D
22.44148,56.70039,349.85,0.44,0.46,2026-09-01,0954,N20,nominal,2.0NRT,321.35,18.76,D
21.57817,96.23173,304,0.55,0.43,2026-09-01,1900,N20,nominal,2.0NRT,287.65,1.17,N
14.73789,101.03709,301.94,0.4,0.37,2026-09-01,1902,N20,nominal,2.0NRT,284.85,0.63,N
14.64967,101.03812,309.9,0.4,0.37,2026-09-01,1902,N20,nominal,2.0NRT,286.46,1.02,N
14.64907,101.04182,308.87,0.4,0.37,2026-09-01,1902,N20,nominal,2.0NRT,287.11,1.02,N
14.63291,101.07693,321.3,0.4,0.37,2026-09-01,1902,N20,nominal,2.0NRT,288.01,2.12,N
14.62923,101.09929,308.17,0.4,0.37,2026-09-01,1902,N20,nominal,2.0NRT,289.32,0.93,N
14.67479,100.80016,297.72,0.4,0.37,2026-09-01,1902,N20,nominal,2.0NRT,278.29,0.8,N
14.6742,100.80379,307.73,0.4,0.37,2026-09-01,1902,N20,nominal,2.0NRT,279.47,0.8,N
13.31771,99.64008,305.56,0.39,0.36,2026-09-01,1902,N20,nominal,2.0NRT,279.72,1.3,N
12.92046,99.7625,304.93,0.39,0.36,2026-09-01,1902,N20,nominal,2.0NRT,286.77,0.75,N
7.91139,99.20631,307.83,0.4,0.37,2026-09-01,1904,N20,nominal,2.0NRT,282.64,0.65,N
39.86216,98.25274,310.09,0.47,0.48,2026-09-01,1853,N20,nominal,2.0NRT,292.65,1.59,N
39.84272,98.27219,299.14,0.47,0.48,2026-09-01,1853,N20,nominal,2.0NRT,288.07,0.47,N
39.82321,98.24184,302.91,0.47,0.48,2026-09-01,1853,N20,nominal,2.0NRT,291.1,0.91,N
39.81413,98.29558,304.35,0.47,0.47,2026-09-01,1853,N20,nominal,2.0NRT,294.19,1.98,N
39.80929,98.30034,313.42,0.47,0.47,2026-09-01,1853,N20,nominal,2.0NRT,292.17,1.46,N
38.84459,100.17059,299.27,0.55,0.43,2026-09-01,1856,N20,nominal,2.0NRT,289.04,0.88,N
36.89174,101.74916,298.71,0.45,0.39,2026-09-01,1856,N20,nominal,2.0NRT,285.27,1.11,N
36.65717,101.6366,302.4,0.45,0.39,2026-09-01,1856,N20,nominal,2.0NRT,281.37,0.39,N
36.5896,101.48816,301.14,0.46,0.39,2026-09-01,1856,N20,nominal,2.0NRT,283.38,1.04,N
36.56664,101.52566,296.19,0.46,0.39,2026-09-01,1856,N20,nominal,2.0NRT,279.89,0.94,N
36.26934,100.57683,296.88,0.49,0.41,2026-09-01,1856,N20,nominal,2.0NRT,283.32,0.98,N
36.38394,94.95297,367,0.33,0.55,2026-09-01,1856,N20,high,2.0NRT,289.71,4.45,N
36.38369,94.95661,309.96,0.33,0.55,2026-09-01,1856,N20,nominal,2.0NRT,286.76,4.45,N
36.37888,94.95243,309.84,0.33,0.55,2026-09-01,1856,N20,nominal,2.0NRT,284.58,4.45,N
36.37862,94.95608,295.91,0.33,0.55,2026-09-01,1856,N20,nominal,2.0NRT,282.94,4.45,N
29.79168,91.60483,296.02,0.44,0.63,2026-09-01,1858,N20,nominal,2.0NRT,280.78,0.96,N
29.66238,90.90275,296.8,0.49,0.65,2026-09-01,1858,N20,nominal,2.0NRT,281.33,1.44,N
29.26718,91.92398,299.36,0.42,0.61,2026-09-01,1858,N20,nominal,2.0NRT,283.22,1.66,N
29.26387,91.92117,298.23,0.42,0.61,2026-09-01,1858,N20,nominal,2.0NRT,281.38,1.34,N
29.26356,91.92513,301.34,0.42,0.61,2026-09-01,1858,N20,nominal,2.0NRT,283.08,1.34,N
39.86279,98.25013,297.6,0.67,0.74,2026-09-01,2034,N20,nominal,2.0NRT,282.48,0.9,N
39.84381,98.27293,300.15,0.67,0.74,2026-09-01,2034,N20,nominal,2.0NRT,284.44,0.74,N
39.81314,98.29919,302.14,0.68,0.74,2026-09-01,2034,N20,nominal,2.0NRT,290.58,2.82,N
36.38007,94.95184,339.51,0.58,0.7,2026-09-01,2036,N20,nominal,2.0NRT,283.48,12.69,N
36.37826,94.95792,343.83,0.58,0.7,2026-09-01,2036,N20,nominal,2.0NRT,281.84,12.19,N
39.85461,66.19709,298.52,0.53,0.67,2026-09-01,2036,N20,nominal,2.0NRT,287.06,0.56,N
38.77832,65.62963,315.41,0.56,0.69,2026-09-01,2036,N20,nominal,2.0NRT,285.14,1.39,N
38.77654,65.63196,313.92,0.56,0.69,2026-09-01,2036,N20,nominal,2.0NRT,285.06,1.46,N
38.5618,65.94623,297.48,0.54,0.68,2026-09-01,2036,N20,nominal,2.0NRT,287.39,0.87,N
38.55201,65.94456,301.78,0.54,0.68,2026-09-01,2036,N20,nominal,2.0NRT,287.05,0.94,N
38.39777,69.11098,301.68,0.36,0.57,2026-09-01,2036,N20,nominal,2.0NRT,290.58,0.66,N
38.45911,65.79835,297.36,0.55,0.68,2026-09-01,2036,N20,nominal,2.0NRT,286.48,1.12,N
38.05233,67.26239,367,0.45,0.63,2026-09-01,2036,N20,high,2.0NRT,293.13,12.73,N
38.05256,67.25735,306.1,0.45,0.63,2026-09-01,2036,N20,nominal,2.0NRT,289.24,7.57,N
38.05716,64.88225,296.56,0.61,0.71,2026-09-01,2038,N20,nominal,2.0NRT,286.32,0.74,N
33.68767,72.71169,304.8,0.41,0.45,2026-09-01,2038,N20,nominal,2.0NRT,291.2,2.31,N
33.29781,71.1855,306.06,0.49,0.48,2026-09-01,2038,N20,nominal,2.0NRT,291.19,0.72,N
29.26415,91.92255,297.76,0.61,0.71,2026-09-01,2038,N20,nominal,2.0NRT,281.82,1.93,N
32.10409,74.17372,316.46,0.49,0.41,2026-09-01,2038,N20,nominal,2.0NRT,293.24,1.86,N
32.10223,74.17729,318.25,0.49,0.41,2026-09-01,2038,N20,nominal,2.0NRT,293.85,1.77,N
29.12574,75.77645,309.75,0.41,0.37,2026-09-01,2040,N20,nominal,2.0NRT,295.3,0.88,N
28.66423,77.57953,309.48,0.38,0.36,2026-09-01,2040,N20,nominal,2.0NRT,286.91,1.35,N
27.79342,75.33019,305.85,0.41,0.37,2026-09-01,2040,N20,nominal,2.0NRT,293.56,0.88,N
28.42459,69.69779,311.51,0.52,0.5,2026-09-01,2040,N20,nominal,2.0NRT,295.89,1.12,N
28.42467,69.70132,307.12,0.52,0.5,2026-09-01,2040,N20,nominal,2.0NRT,295.58,1.7,N
26.87395,73.51712,307.3,0.47,0.39,2026-09-01,2040,N20,nominal,2.0NRT,292.74,2.78,N
26.60596,73.68502,304.46,0.46,0.39,2026-09-01,2040,N20,nominal,2.0NRT,291.98,1.07,N
24.9335,74.63455,306.77,0.41,0.37,2026-09-01,2040,N20,nominal,2.0NRT,288.92,0.59,N
24.76563,74.60811,313.59,0.41,0.37,2026-09-01,2040,N20,nominal,2.0NRT,289.3,1.49,N
25.38734,68.57868,307.45,0.56,0.52,2026-09-01,2040,N20,nominal,2.0NRT,290.55,1.19,N
23.51416,72.41415,324.85,0.48,0.4,2026-09-01,2040,N20,nominal,2.0NRT,289.19,2.19,N
23.43207,68.71054,305.54,0.52,0.5,2026-09-01,2040,N20,nominal,2.0NRT,291.03,1.08,N
23.25649,70.26151,301.47,0.42,0.45,2026-09-01,2040,N20,nominal,2.0NRT,280.96,0.55,N
23.12223,70.08524,315.36,0.43,0.46,2026-09-01,2040,N20,nominal,2.0NRT,285.85,1.37,N
21.10774,72.64625,339.47,0.45,0.39,2026-09-01,2042,N20,nominal,2.0NRT,293.54,5.93,N
21.10893,72.63769,312.71,0.45,0.39,2026-09-01,2042,N20,nominal,2.0NRT,292.29,2.98,N
21.10419,72.64568,323.91,0.45,0.39,2026-09-01,2042,N20,nominal,2.0NRT,291.88,4.03,N
21.10184,72.63655,324.85,0.45,0.39,2026-09-01,2042,N20,nominal,2.0NRT,291.8,3.51,N
20.90987,71.45919,310.64,0.5,0.41,2026-09-01,2042,N20,nominal,2.0NRT,287.94,1.46,N
20.9094,71.45667,304.49,0.5,0.41,2026-09-01,2042,N20,nominal,2.0NRT,287.34,0.79,N
19.93619,73.71277,304.74,0.4,0.37,2026-09-01,2042,N20,nominal,2.0NRT,279.38,1,N
18.73721,74.40431,305.19,0.39,0.36,2026-09-01,2042,N20,nominal,2.0NRT,288.23,0.68,N
18.69181,73.0416,313.51,0.41,0.37,2026-09-01,2042,N20,nominal,2.0NRT,290.51,2.54,N
18.6867,73.02881,317.53,0.41,0.37,2026-09-01,2042,N20,nominal,2.0NRT,290.4,1.16,N
18.68613,73.0327,304.88,0.41,0.37,2026-09-01,2042,N20,nominal,2.0NRT,290.31,1.16,N
18.50696,74.2235,303.35,0.39,0.36,2026-09-01,2042,N20,nominal,2.0NRT,288.01,0.68,N
18.68271,73.03214,308.23,0.41,0.37,2026-09-01,2042,N20,nominal,2.0NRT,290.21,1.16,N
18.68214,73.03605,306.31,0.41,0.37,2026-09-01,2042,N20,nominal,2.0NRT,290.95,1.55,N
18.68157,73.03994,307.51,0.41,0.37,2026-09-01,2042,N20,nominal,2.0NRT,290.16,1.55,N
15.33847,76.27747,312.43,0.41,0.37,2026-09-01,2044,N20,nominal,2.0NRT,289.17,1.74,N
15.33782,76.2813,313.9,0.42,0.37,2026-09-01,2044,N20,nominal,2.0NRT,288.64,1.2,N
15.33378,76.28451,308.62,0.42,0.37,2026-09-01,2044,N20,nominal,2.0NRT,287.94,1.2,N
15.30256,76.21996,302.03,0.41,0.37,2026-09-01,2044,N20,nominal,2.0NRT,287.24,0.59,N
15.30218,76.2206,304.1,0.41,0.37,2026-09-01,2044,N20,nominal,2.0NRT,287.53,0.62,N
15.65856,73.98801,311.54,0.38,0.36,2026-09-01,2044,N20,nominal,2.0NRT,278.13,1.34,N
15.18178,76.66653,330.83,0.43,0.38,2026-09-01,2044,N20,nominal,2.0NRT,286.3,5.15,N
15.18044,76.67444,312.89,0.43,0.38,2026-09-01,2044,N20,nominal,2.0NRT,287.2,2.96,N
15.18232,76.6422,329.29,0.43,0.38,2026-09-01,2044,N20,nominal,2.0NRT,287.46,3.16,N
15.18032,76.65404,306.82,0.43,0.38,2026-09-01,2044,N20,nominal,2.0NRT,286.7,1.81,N
15.17631,76.67775,304.74,0.43,0.38,2026-09-01,2044,N20,nominal,2.0NRT,286.6,1.08,N
15.17364,76.69354,314.15,0.43,0.38,2026-09-01,2044,N20,nominal,2.0NRT,286.11,0.98,N
15.17686,76.65341,320.45,0.43,0.38,2026-09-01,2044,N20,nominal,2.0NRT,286.85,1.81,N
15.1762,76.65736,323.45,0.43,0.38,2026-09-01,2044,N20,nominal,2.0NRT,287.88,1.81,N
15.17021,76.37886,307.57,0.42,0.38,2026-09-01,2044,N20,nominal,2.0NRT,288.04,1.79,N
15.16355,76.37809,303.43,0.42,0.38,2026-09-01,2044,N20,nominal,2.0NRT,287.16,0.81,N
15.52438,73.99835,300.48,0.38,0.36,2026-09-01,2044,N20,nominal,2.0NRT,279.78,0.58,N
13.13984,80.18926,313.12,0.48,0.48,2026-09-01,2044,N20,nominal,2.0NRT,285.09,5.12,N
12.55545,76.66816,301.12,0.46,0.39,2026-09-01,2044,N20,nominal,2.0NRT,289.18,0.48,N
12.03402,79.0584,312.73,0.42,0.45,2026-09-01,2044,N20,nominal,2.0NRT,289.62,2.18,N
11.97294,78.38143,304.35,0.38,0.43,2026-09-01,2044,N20,nominal,2.0NRT,285.39,1.53,N
11.81575,77.91618,308.23,0.54,0.42,2026-09-01,2044,N20,nominal,2.0NRT,290.91,1.73,N
11.26949,80.00465,313.54,0.5,0.49,2026-09-01,2044,N20,nominal,2.0NRT,290.41,1.05,N
11.59199,77.27399,317.63,0.5,0.41,2026-09-01,2044,N20,nominal,2.0NRT,288.37,2.61,N
11.58907,77.26868,310.31,0.5,0.41,2026-09-01,2044,N20,nominal,2.0NRT,287.92,1.16,N
11.43284,77.16509,304.91,0.5,0.41,2026-09-01,2044,N20,nominal,2.0NRT,292.31,1.98,N
11.43157,77.16232,305.54,0.5,0.41,2026-09-01,2044,N20,nominal,2.0NRT,291.95,1.47,N
10.92422,78.5191,317.32,0.4,0.45,2026-09-01,2044,N20,nominal,2.0NRT,291.99,2.65,N
10.4508,77.30746,311.85,0.52,0.42,2026-09-01,2044,N20,nominal,2.0NRT,291.67,1.69,N
9.56806,77.53657,310.02,0.56,0.43,2026-09-01,2044,N20,nominal,2.0NRT,261.72,0.97,N
8.66958,77.99236,302.64,0.41,0.45,2026-09-01,2044,N20,nominal,2.0NRT,285.61,0.66,N
7.88926,81.19068,305.5,0.34,0.56,2026-09-01,2044,N20,nominal,2.0NRT,292.9,1.3,N
7.37896,81.18066,320.58,0.35,0.57,2026-09-01,2044,N20,nominal,2.0NRT,293.32,1.43,N
7.24263,80.88314,308.87,0.34,0.56,2026-09-01,2044,N20,nominal,2.0NRT,292.14,0.34,N
6.97439,81.59026,321.02,0.38,0.59,2026-09-01,2044,N20,nominal,2.0NRT,291.96,1.35,N
6.97377,81.59367,308.84,0.38,0.59,2026-09-01,2044,N20,nominal,2.0NRT,291.77,1.35,N
6.97675,81.59061,307.69,0.38,0.59,2026-09-01,2044,N20,nominal,2.0NRT,291.51,0.96,N
6.97616,81.59402,308.71,0.38,0.59,2026-09-01,2044,N20,nominal,2.0NRT,292,0.96,N
6.97141,81.58964,309.54,0.38,0.59,2026-09-01,2044,N20,nominal,2.0NRT,291.77,0.96,N
7.07938,80.81964,298.62,0.33,0.56,2026-09-01,2044,N20,nominal,2.0NRT,288.3,0.63,N
6.85618,81.53663,307.62,0.38,0.59,2026-09-01,2044,N20,nominal,2.0NRT,292.54,0.93,N
6.9596,79.95436,304.8,0.58,0.52,2026-09-01,2044,N20,nominal,2.0NRT,291.83,2.12,N
6.77275,81.0032,299.91,0.35,0.57,2026-09-01,2044,N20,nominal,2.0NRT,288.23,0.62,N
6.36566,80.74343,303.89,0.34,0.56,2026-09-01,2046,N20,nominal,2.0NRT,292.18,0.43,N
37.59465,61.53115,300.37,0.41,0.45,2026-09-01,2218,N20,nominal,2.0NRT,287.38,0.84,N
37.58794,61.56247,300.42,0.41,0.45,2026-09-01,2218,N20,nominal,2.0NRT,288.52,0.89,N
37.42459,62.3117,315.81,0.45,0.47,2026-09-01,2218,N20,nominal,2.0NRT,286.39,1.63,N
37.59163,61.52531,298.13,0.41,0.45,2026-09-01,2218,N20,nominal,2.0NRT,285.79,0.84,N
37.57996,61.55972,297.77,0.41,0.45,2026-09-01,2218,N20,nominal,2.0NRT,287.14,0.6,N
37.51377,61.78569,310.21,0.42,0.45,2026-09-01,2218,N20,nominal,2.0NRT,285.49,1.32,N
37.50067,61.84568,304.25,0.42,0.45,2026-09-01,2218,N20,nominal,2.0NRT,288.92,1.27,N
37.49662,61.84428,307.52,0.42,0.45,2026-09-01,2218,N20,nominal,2.0NRT,288.95,1.27,N
37.49561,61.84892,313.66,0.42,0.45,2026-09-01,2218,N20,nominal,2.0NRT,289.8,1.27,N
37.51007,61.01525,302.44,0.38,0.44,2026-09-01,2218,N20,nominal,2.0NRT,288.68,0.68,N
37.50346,61.02664,302.22,0.39,0.44,2026-09-01,2218,N20,nominal,2.0NRT,288.88,0.71,N
37.63624,60.34179,302.47,0.53,0.42,2026-09-01,2218,N20,nominal,2.0NRT,286.93,1.36,N
37.40495,61.34184,299.48,0.4,0.44,2026-09-01,2218,N20,nominal,2.0NRT,288.04,0.79,N
37.94687,58.58922,302.25,0.45,0.39,2026-09-01,2218,N20,nominal,2.0NRT,288.88,0.49,N
37.94114,58.56103,305.27,0.45,0.39,2026-09-01,2218,N20,nominal,2.0NRT,289.15,0.68,N
37.34886,61.36528,307.78,0.4,0.44,2026-09-01,2218,N20,nominal,2.0NRT,288.76,1.29,N
37.11866,62.36391,325.81,0.46,0.47,2026-09-01,2218,N20,nominal,2.0NRT,289.02,3.64,N
37.11447,62.36243,305.99,0.46,0.47,2026-09-01,2218,N20,nominal,2.0NRT,288.58,3.64,N
37.48904,60.45702,304.45,0.54,0.42,2026-09-01,2218,N20,nominal,2.0NRT,285,1.1,N
37.32904,61.09908,296.56,0.39,0.44,2026-09-01,2218,N20,nominal,2.0NRT,286.43,1.09,N
37.03595,62.41911,302.34,0.46,0.47,2026-09-01,2218,N20,nominal,2.0NRT,289.48,2,N
37.03173,62.41762,335.53,0.46,0.47,2026-09-01,2218,N20,nominal,2.0NRT,290.76,6.23,N
37.82814,58.38211,305.01,0.44,0.39,2026-09-01,2218,N20,nominal,2.0NRT,288.86,0.67,N
37.18047,60.86415,298.56,0.38,0.43,2026-09-01,2218,N20,nominal,2.0NRT,286.52,0.54,N
37.18148,60.86735,297.82,0.38,0.43,2026-09-01,2218,N20,nominal,2.0NRT,287.7,0.35,N
37.45364,57.68927,303.45,0.43,0.38,2026-09-01,2218,N20,nominal,2.0NRT,291.09,0.37,N
37.34017,58.04876,301.91,0.44,0.38,2026-09-01,2218,N20,nominal,2.0NRT,288.99,0.97,N
36.47654,61.62186,298.85,0.43,0.46,2026-09-01,2218,N20,nominal,2.0NRT,287.57,1.79,N
36.43731,61.21906,308.86,0.41,0.45,2026-09-01,2218,N20,nominal,2.0NRT,289.98,1.3,N
36.43897,61.2172,308.78,0.41,0.45,2026-09-01,2218,N20,nominal,2.0NRT,289.36,1.2,N
36.99039,56.23225,303.44,0.4,0.37,2026-09-01,2218,N20,nominal,2.0NRT,290.11,0.57,N
36.23738,59.73209,300.63,0.53,0.42,2026-09-01,2218,N20,nominal,2.0NRT,287.98,1,N
36.1766,57.70078,303.23,0.44,0.38,2026-09-01,2218,N20,nominal,2.0NRT,291.86,0.7,N
36.48074,54.90347,302.23,0.38,0.36,2026-09-01,2218,N20,nominal,2.0NRT,291.5,0.45,N
36.32521,54.61773,304.5,0.38,0.36,2026-09-01,2218,N20,nominal,2.0NRT,291.42,0.27,N
36.2981,54.78682,310.18,0.38,0.36,2026-09-01,2218,N20,nominal,2.0NRT,291.81,0.99,N
36.32184,54.18728,304.85,0.38,0.36,2026-09-01,2218,N20,nominal,2.0NRT,286.93,0.7,N
35.14698,59.77867,304.42,0.56,0.43,2026-09-01,2218,N20,nominal,2.0NRT,287.37,1.26,N
33.75567,59.14687,299.57,0.55,0.43,2026-09-01,2220,N20,nominal,2.0NRT,286.52,1.11,N
33.75185,59.14574,301.09,0.55,0.43,2026-09-01,2220,N20,nominal,2.0NRT,284.95,1.11,N
32.63719,59.75819,295.68,0.41,0.45,2026-09-01,2220,N20,nominal,2.0NRT,284.93,0.8,N
33.04136,56.85051,309.55,0.45,0.39,2026-09-01,2220,N20,nominal,2.0NRT,297.91,2.78,N
32.33359,54.08731,306.6,0.39,0.36,2026-09-01,2220,N20,nominal,2.0NRT,293.27,1.15,N
31.70518,55.44735,311.15,0.42,0.37,2026-09-01,2220,N20,nominal,2.0NRT,299.36,2.07,N
31.94127,54.04505,306.82,0.39,0.36,2026-09-01,2220,N20,nominal,2.0NRT,296.71,1.1,N
31.86792,54.44361,308.44,0.39,0.36,2026-09-01,2220,N20,nominal,2.0NRT,295.78,1.27,N
31.62221,54.74527,305.31,0.4,0.37,2026-09-01,2220,N20,nominal,2.0NRT,294.73,1.49,N
31.62242,54.72373,313.37,0.4,0.37,2026-09-01,2220,N20,nominal,2.0NRT,295.22,1.74,N
30.75652,56.65487,304.3,0.47,0.4,2026-09-01,2220,N20,nominal,2.0NRT,294.12,1.55,N
30.75561,56.65967,306.58,0.47,0.4,2026-09-01,2220,N20,nominal,2.0NRT,292.92,1.84,N
30.66479,56.61949,306.31,0.47,0.4,2026-09-01,2220,N20,nominal,2.0NRT,289.24,1.48,N
30.73399,55.38694,305.11,0.42,0.38,2026-09-01,2220,N20,nominal,2.0NRT,292.82,0.83,N
29.47612,60.80499,302.13,0.55,0.51,2026-09-01,2220,N20,nominal,2.0NRT,291.25,1.05,N
30.23494,56.90927,319.71,0.49,0.4,2026-09-01,2220,N20,nominal,2.0NRT,294.3,3.62,N
30.37007,56.12708,317.16,0.45,0.39,2026-09-01,2220,N20,nominal,2.0NRT,292.31,1.53,N
30.39102,55.77468,303.24,0.44,0.38,2026-09-01,2220,N20,nominal,2.0NRT,292.29,0.74,N
30.32516,55.97348,302.85,0.45,0.39,2026-09-01,2220,N20,nominal,2.0NRT,291.78,0.67,N
30.32166,55.9726,301.96,0.45,0.39,2026-09-01,2220,N20,nominal,2.0NRT,291.19,0.55,N
29.92743,56.73385,313.57,0.49,0.4,2026-09-01,2220,N20,nominal,2.0NRT,293.43,2.39,N
30.08238,55.39691,302.83,0.43,0.38,2026-09-01,2220,N20,nominal,2.0NRT,291.99,2.02,N
30.08159,55.4013,302.21,0.43,0.38,2026-09-01,2220,N20,nominal,2.0NRT,291.2,1.33,N
29.99291,55.85264,340.18,0.45,0.39,2026-09-01,2220,N20,nominal,2.0NRT,293.31,8.31,N
30.00111,55.19764,306,0.42,0.38,2026-09-01,2220,N20,nominal,2.0NRT,291.85,1.04,N
29.99428,55.19603,305.49,0.42,0.38,2026-09-01,2220,N20,nominal,2.0NRT,291.41,0.62,N
29.5135,55.79667,305.7,0.45,0.39,2026-09-01,2220,N20,nominal,2.0NRT,294.01,0.53,N
29.15364,55.36846,310.31,0.44,0.38,2026-09-01,2220,N20,nominal,2.0NRT,294.5,1.44,N
29.2023,54.48195,306.91,0.41,0.37,2026-09-01,2220,N20,nominal,2.0NRT,290.49,1.05,N
29.17181,54.61553,306.28,0.42,0.37,2026-09-01,2220,N20,nominal,2.0NRT,294.16,1.47,N
27.30318,56.30125,319.19,0.51,0.41,2026-09-01,2220,N20,nominal,2.0NRT,299.18,4.24,N
27.30193,56.3043,317.2,0.51,0.41,2026-09-01,2220,N20,nominal,2.0NRT,298.82,3.84,N
27.1691,56.09859,326.1,0.5,0.41,2026-09-01,2220,N20,nominal,2.0NRT,300.71,5.92,N
27.1702,56.05226,337.63,0.5,0.41,2026-09-01,2220,N20,nominal,2.0NRT,300.08,4.76,N
27.16926,56.05722,333.8,0.5,0.41,2026-09-01,2220,N20,nominal,2.0NRT,299.99,8.15,N
27.16077,56.10183,340.15,0.5,0.41,2026-09-01,2220,N20,nominal,2.0NRT,300.42,10.34,N
27.16651,56.05141,320.52,0.5,0.41,2026-09-01,2220,N20,nominal,2.0NRT,298.91,4.76,N
27.1618,56.07619,311.36,0.5,0.41,2026-09-01,2220,N20,nominal,2.0NRT,299.24,4.28,N
25.97285,56.06899,317.51,0.52,0.41,2026-09-01,2222,N20,nominal,2.0NRT,302.78,2.51,N
25.96534,56.06726,315.06,0.52,0.41,2026-09-01,2222,N20,nominal,2.0NRT,301.95,1.29,N
25.55813,55.98616,314.71,0.52,0.42,2026-09-01,2222,N20,nominal,2.0NRT,301.95,1.79,N
24.99191,55.62815,322.67,0.51,0.41,2026-09-01,2222,N20,nominal,2.0NRT,300.66,1.92,N
25.06306,55.12103,315.28,0.48,0.4,2026-09-01,2222,N20,nominal,2.0NRT,302.83,0.83,N
24.50812,56.60629,312.95,0.39,0.44,2026-09-01,2222,N20,nominal,2.0NRT,299.13,2.02,N
24.50415,56.60537,338.28,0.39,0.44,2026-09-01,2222,N20,nominal,2.0NRT,299.73,2.02,N
24.5061,56.60698,341.74,0.39,0.44,2026-09-01,2222,N20,nominal,2.0NRT,300.73,4.67,N
24.45478,56.55121,315.17,0.39,0.44,2026-09-01,2222,N20,nominal,2.0NRT,299.03,1.35,N
24.32903,54.46893,314.31,0.46,0.39,2026-09-01,2222,N20,nominal,2.0NRT,303.06,1.39,N
24.31995,54.45769,314.24,0.46,0.39,2026-09-01,2222,N20,nominal,2.0NRT,303.73,1.38,N
23.0402,57.32232,312.72,0.46,0.47,2026-09-01,2222,N20,nominal,2.0NRT,299.19,1.64,N
23.19362,55.45722,318.18,0.53,0.42,2026-09-01,2222,N20,nominal,2.0NRT,300.23,1.48,N
23.19264,55.46233,310.39,0.53,0.42,2026-09-01,2222,N20,nominal,2.0NRT,300.06,1.48,N
23.18982,55.45638,321.15,0.53,0.42,2026-09-01,2222,N20,nominal,2.0NRT,300.6,3.34,N
23.19063,55.45954,327.48,0.53,0.42,2026-09-01,2222,N20,nominal,2.0NRT,301.94,3.48,N
23.31358,54.1796,320.86,0.46,0.39,2026-09-01,2222,N20,nominal,2.0NRT,300.25,1.42,N
23.31001,54.17885,314.26,0.46,0.39,2026-09-01,2222,N20,nominal,2.0NRT,300.15,1.42,N
22.88001,55.92471,313.93,0.57,0.43,2026-09-01,2222,N20,nominal,2.0NRT,300.23,1.22,N
22.87894,55.93019,310.32,0.57,0.43,2026-09-01,2222,N20,nominal,2.0NRT,300.13,1.22,N
22.40505,56.98965,332.97,0.45,0.47,2026-09-01,2222,N20,nominal,2.0NRT,297.9,2.28,N
22.32778,56.48793,326.23,0.42,0.45,2026-09-01,2222,N20,nominal,2.0NRT,297.9,2.24,N
22.32701,56.49191,323.82,0.42,0.45,2026-09-01,2222,N20,nominal,2.0NRT,298.62,2.38,N
22.3268,56.47083,313.64,0.42,0.45,2026-09-01,2222,N20,nominal,2.0NRT,298.78,0.8,N
22.29055,56.52533,308.27,0.42,0.45,2026-09-01,2222,N20,nominal,2.0NRT,297.78,0.72,N
22.61284,54.05835,311.5,0.46,0.39,2026-09-01,2222,N20,nominal,2.0NRT,300.86,1.82,N
22.52335,54.0507,316.36,0.46,0.39,2026-09-01,2222,N20,nominal,2.0NRT,300.05,1.5,N
21.93755,57.07107,326.47,0.46,0.47,2026-09-01,2222,N20,nominal,2.0NRT,293.91,2.47,N
21.93666,57.07546,306.94,0.46,0.47,2026-09-01,2222,N20,nominal,2.0NRT,293.68,2.47,N
22.01123,56.42841,316.41,0.42,0.45,2026-09-01,2222,N20,nominal,2.0NRT,296.18,1.05,N
21.89083,56.84544,320.91,0.45,0.47,2026-09-01,2222,N20,nominal,2.0NRT,294.5,3.76,N
21.83568,56.68008,315.5,0.44,0.46,2026-09-01,2222,N20,nominal,2.0NRT,290.29,1.97,N
21.33322,56.69634,338.87,0.45,0.47,2026-09-01,2222,N20,nominal,2.0NRT,298.58,6.88,N
20.98961,56.77316,309.36,0.46,0.47,2026-09-01,2222,N20,nominal,2.0NRT,295.43,0.79,N
20.37635,55.93305,338.98,0.42,0.45,2026-09-01,2222,N20,nominal,2.0NRT,298.34,3.35,N
20.38727,55.66121,330.96,0.4,0.45,2026-09-01,2222,N20,nominal,2.0NRT,297.29,2.85,N
20.38612,55.64516,313.72,0.4,0.45,2026-09-01,2222,N20,nominal,2.0NRT,297.22,1.43,N
20.38539,55.64896,309.48,0.4,0.45,2026-09-01,2222,N20,nominal,2.0NRT,297.61,1.46,N
20.21308,55.71309,316.43,0.41,0.45,2026-09-01,2222,N20,nominal,2.0NRT,296.44,1.92,N
18.69069,55.5045,335.76,0.42,0.45,2026-09-01,2225,N20,nominal,2.0NRT,295.24,2.91,N
18.68583,55.50758,308.12,0.42,0.45,2026-09-01,2225,N20,nominal,2.0NRT,293.9,1.04,N
18.32001,55.10512,327.33,0.41,0.45,2026-09-01,2225,N20,nominal,2.0NRT,298.31,2.11,N
18.32071,55.10133,316.32,0.41,0.45,2026-09-01,2225,N20,nominal,2.0NRT,297.18,2.11,N
18.01309,54.57146,335.93,0.57,0.43,2026-09-01,2225,N20,nominal,2.0NRT,302.42,15.09,N
39.85347,66.1975,296.76,0.62,0.54,2026-09-01,2216,N20,nominal,2.0NRT,286.51,0.88,N
38.32528,68.98576,300.31,0.47,0.64,2026-09-01,2216,N20,nominal,2.0NRT,289.84,0.65,N
39.1824,65.31268,304.44,0.58,0.52,2026-09-01,2218,N20,nominal,2.0NRT,287.39,1.28,N
39.97801,61.68406,295.58,0.56,0.43,2026-09-01,2218,N20,nominal,2.0NRT,285.41,0.4,N
38.70295,66.01577,297.56,0.32,0.55,2026-09-01,2218,N20,nominal,2.0NRT,284.45,0.33,N
38.77468,65.63283,315.02,0.62,0.54,2026-09-01,2218,N20,nominal,2.0NRT,285.88,2.92,N
38.68688,65.95399,296,0.32,0.55,2026-09-01,2218,N20,nominal,2.0NRT,285.78,0.78,N
38.68115,65.95551,306.18,0.32,0.55,2026-09-01,2218,N20,nominal,2.0NRT,286.89,0.78,N
38.54964,65.94742,304.37,0.32,0.55,2026-09-01,2218,N20,nominal,2.0NRT,286.39,0.83,N
38.54961,65.9468,300.93,0.33,0.55,2026-09-01,2218,N20,nominal,2.0NRT,286.23,0.47,N
39.17001,63.27419,304.75,0.46,0.47,2026-09-01,2218,N20,nominal,2.0NRT,286.63,1.23,N
39.17749,63.22163,302.58,0.45,0.47,2026-09-01,2218,N20,nominal,2.0NRT,286.48,0.77,N
39.16934,63.25727,300.01,0.46,0.47,2026-09-01,2218,N20,nominal,2.0NRT,284.76,1.16,N
39.12592,63.30764,296.9,0.46,0.47,2026-09-01,2218,N20,nominal,2.0NRT,283.92,0.49,N
39.11457,63.33694,304.63,0.46,0.47,2026-09-01,2218,N20,nominal,2.0NRT,287.79,1.11,N
38.05367,67.26295,298.61,0.39,0.6,2026-09-01,2218,N20,nominal,2.0NRT,288.46,1.07,N
38.05247,67.26741,304.08,0.39,0.6,2026-09-01,2218,N20,nominal,2.0NRT,289.32,1.42,N
38.6523,63.97902,296.26,0.51,0.49,2026-09-01,2218,N20,nominal,2.0NRT,285.6,0.34,N
38.43107,64.19263,296.4,0.53,0.5,2026-09-01,2218,N20,nominal,2.0NRT,285.62,0.55,N
37.9662,65.00291,298.88,0.6,0.53,2026-09-01,2218,N20,nominal,2.0NRT,287.17,0.77,N
37.51654,66.41129,301.02,0.37,0.58,2026-09-01,2218,N20,nominal,2.0NRT,290.59,0.77,N
39.5112,54.32952,308.41,0.39,0.36,2026-09-01,2218,N20,nominal,2.0NRT,291.63,0.82,N
37.79814,62.54916,315.64,0.45,0.47,2026-09-01,2218,N20,nominal,2.0NRT,287.34,2.07,N
37.78788,62.53473,295.94,0.45,0.47,2026-09-01,2218,N20,nominal,2.0NRT,285.86,0.83,N
37.78677,62.5397,302.69,0.45,0.47,2026-09-01,2218,N20,nominal,2.0NRT,286.63,0.83,N
37.78484,62.52826,296.61,0.45,0.47,2026-09-01,2218,N20,nominal,2.0NRT,285.5,0.48,N
37.88894,62.02083,303.13,0.42,0.45,2026-09-01,2218,N20,nominal,2.0NRT,286.1,1.19,N
37.77614,62.02917,298.73,0.43,0.46,2026-09-01,2218,N20,nominal,2.0NRT,285.5,0.73,N
37.74503,62.12997,296.47,0.43,0.46,2026-09-01,2218,N20,nominal,2.0NRT,285.91,0.57,N
37.72687,62.09295,308.29,0.43,0.46,2026-09-01,2218,N20,nominal,2.0NRT,286.73,0.86,N
37.67213,62.23815,306.9,0.44,0.46,2026-09-01,2218,N20,nominal,2.0NRT,285.99,1.22,N
37.74941,61.85495,301.79,0.42,0.45,2026-09-01,2218,N20,nominal,2.0NRT,285.82,0.44,N
37.66282,62.24005,299.97,0.44,0.46,2026-09-01,2218,N20,nominal,2.0NRT,285.82,0.66,N
37.65761,62.2434,295.59,0.44,0.46,2026-09-01,2218,N20,nominal,2.0NRT,284.9,0.59,N
37.66202,62.24215,299.65,0.44,0.46,2026-09-01,2218,N20,nominal,2.0NRT,286.16,1.07,N
37.79446,61.4946,304.66,0.4,0.44,2026-09-01,2218,N20,nominal,2.0NRT,286.12,0.94,N
37.63964,62.20307,299.81,0.44,0.46,2026-09-01,2218,N20,nominal,2.0NRT,285.29,1.03,N
37.62822,62.21454,305.21,0.44,0.46,2026-09-01,2218,N20,nominal,2.0NRT,287.99,1.39,N
37.62552,62.167,303.04,0.44,0.46,2026-09-01,2218,N20,nominal,2.0NRT,287.83,1.23,N
37.68394,61.88363,295.83,0.42,0.45,2026-09-01,2218,N20,nominal,2.0NRT,285.16,0.35,N
37.62583,62.12598,298.95,0.43,0.46,2026-09-01,2218,N20,nominal,2.0NRT,285.99,0.84,N
37.62264,62.14025,298.57,0.43,0.46,2026-09-01,2218,N20,nominal,2.0NRT,287.46,1.06,N
37.61855,62.13881,308.22,0.43,0.46,2026-09-01,2218,N20,nominal,2.0NRT,288.26,1.06,N
37.65656,61.90896,299.2,0.42,0.45,2026-09-01,2218,N20,nominal,2.0NRT,287.17,1.56,N
37.62962,61.72428,298.69,0.41,0.45,2026-09-01,2218,N20,nominal,2.0NRT,286.24,0.48,N
37.55784,61.93242,300.01,0.43,0.46,2026-09-01,2218,N20,nominal,2.0NRT,287.09,0.72,N
37.61231,61.60648,312.53,0.41,0.45,2026-09-01,2218,N20,nominal,2.0NRT,288.76,1.59,N
37.61519,61.57376,303.97,0.41,0.45,2026-09-01,2218,N20,nominal,2.0NRT,286.7,0.86,N
37.60831,61.6051,311.01,0.41,0.45,2026-09-01,2218,N20,nominal,2.0NRT,289.18,1.59,N
38.25631,58.39067,309.3,0.44,0.38,2026-09-01,2218,N20,nominal,2.0NRT,292.49,2.05,N
37.60722,61.57102,296.06,0.41,0.45,2026-09-01,2218,N20,nominal,2.0NRT,285.53,0.3,N
37.60317,61.55043,301.97,0.41,0.45,2026-09-01,2218,N20,nominal,2.0NRT,286.39,0.59,N
37.59723,61.55799,308.49,0.41,0.45,2026-09-01,2218,N20,nominal,2.0NRT,287.57,0.99,N
37.50149,61.98845,298.76,0.43,0.46,2026-09-01,2218,N20,nominal,2.0NRT,286.64,0.61,N
37.42477,62.30794,300.08,0.45,0.47,2026-09-01,2218,N20,nominal,2.0NRT,283.78,0.99,N
37.42365,62.31283,303.92,0.45,0.47,2026-09-01,2218,N20,nominal,2.0NRT,286.49,0.99,N
37.59515,61.52851,302.99,0.41,0.45,2026-09-01,2218,N20,nominal,2.0NRT,287.69,0.76,N
37.58826,61.55972,299.69,0.41,0.45,2026-09-01,2218,N20,nominal,2.0NRT,287.17,1.09,N
37.59118,61.52715,297.88,0.41,0.45,2026-09-01,2218,N20,nominal,2.0NRT,286.11,0.76,N
21.00022,101.40742,326.31,0.55,0.43,2026-09-02,0612,N20,low,2.0NRT,300.53,5.24,D
22.82859,101.90321,327.06,0.49,0.4,2026-09-02,0612,N20,nominal,2.0NRT,295.85,5.37,D
26.56236,101.67859,335.7,0.45,0.39,2026-09-02,0614,N20,low,2.0NRT,309.63,9.58,D
26.56508,101.67333,337.36,0.45,0.39,2026-09-02,0614,N20,low,2.0NRT,308.6,6.61,D
26.57485,101.66664,335.45,0.45,0.39,2026-09-02,0614,N20,low,2.0NRT,308.24,7.02,D
26.62107,101.59684,335.04,0.45,0.39,2026-09-02,0614,N20,nominal,2.0NRT,305.53,11.11,D
34.59154,101.85775,328.71,0.39,0.36,2026-09-02,0616,N20,nominal,2.0NRT,301.87,1.71,D
35.85719,101.58044,342.24,0.39,0.36,2026-09-02,0616,N20,nominal,2.0NRT,306.43,3.71,D
35.96913,100.34906,338.06,0.4,0.37,2026-09-02,0616,N20,low,2.0NRT,308.19,2.96,D
36.04648,100.43828,339.31,0.4,0.37,2026-09-02,0616,N20,low,2.0NRT,309.57,3.53,D
36.41733,101.82302,331.38,0.38,0.36,2026-09-02,0616,N20,low,2.0NRT,303.3,2.16,D
36.5758,101.39962,333.24,0.39,0.36,2026-09-02,0616,N20,nominal,2.0NRT,298.99,3.28,D
36.70502,101.87874,335.95,0.38,0.36,2026-09-02,0616,N20,nominal,2.0NRT,309.49,3.09,D
36.78218,101.89204,332.63,0.38,0.36,2026-09-02,0616,N20,nominal,2.0NRT,300.6,1.19,D
36.84482,101.99155,335.74,0.38,0.36,2026-09-02,0616,N20,nominal,2.0NRT,304.07,3.12,D
36.79564,101.65115,331.63,0.38,0.36,2026-09-02,0616,N20,nominal,2.0NRT,300.24,2.64,D
36.82158,101.74747,332.16,0.38,0.36,2026-09-02,0616,N20,low,2.0NRT,304,2.4,D
36.88103,101.75966,333.05,0.38,0.36,2026-09-02,0616,N20,low,2.0NRT,303.92,1.67,D
37.26862,101.35995,333.77,0.39,0.36,2026-09-02,0616,N20,nominal,2.0NRT,296.61,3.19,D
37.30854,100.21436,337.73,0.4,0.37,2026-09-02,0616,N20,nominal,2.0NRT,302.83,3.11,D
38.21865,101.95377,338.99,0.38,0.36,2026-09-02,0616,N20,nominal,2.0NRT,308.61,4.18,D
38.22192,101.95298,337,0.38,0.36,2026-09-02,0616,N20,low,2.0NRT,311.12,4.18,D
39.58822,99.74783,345.61,0.39,0.36,2026-09-02,0616,N20,low,2.0NRT,319.22,9.2,D
39.53551,98.53236,348.32,0.41,0.37,2026-09-02,0616,N20,nominal,2.0NRT,313.64,2.42,D
39.53469,98.52766,346.74,0.41,0.37,2026-09-02,0616,N20,nominal,2.0NRT,313.5,2.42,D
39.53887,98.53135,338.8,0.41,0.37,2026-09-02,0616,N20,low,2.0NRT,312.16,2.42,D
39.53804,98.52666,349.83,0.41,0.37,2026-09-02,0616,N20,nominal,2.0NRT,311.95,2.42,D
39.53722,98.52197,351.16,0.41,0.37,2026-09-02,0616,N20,nominal,2.0NRT,312.42,5.57,D
39.54223,98.53036,346.22,0.41,0.37,2026-09-02,0616,N20,nominal,2.0NRT,311.6,6.32,D
18.88174,101.78564,328.76,0.57,0.43,2026-09-02,0612,N20,nominal,2.0NRT,294.19,3.41,D
20.44092,99.88406,328.6,0.47,0.47,2026-09-02,0612,N20,nominal,2.0NRT,296.18,3.04,D
6.28931,80.85971,335.28,0.48,0.4,2026-09-02,0750,N20,low,2.0NRT,301.8,25.64,D
6.44533,81.13709,334.92,0.47,0.39,2026-09-02,0750,N20,low,2.0NRT,303.97,6.83,D
6.44963,81.09364,330.6,0.47,0.4,2026-09-02,0750,N20,low,2.0NRT,304.91,3.72,D
6.47147,81.10743,336.48,0.47,0.4,2026-09-02,0750,N20,nominal,2.0NRT,304.86,3.74,D
6.55078,80.97083,336.36,0.47,0.4,2026-09-02,0750,N20,low,2.0NRT,304.48,39.92,D
6.59258,80.92933,331.29,0.48,0.4,2026-09-02,0750,N20,low,2.0NRT,303.08,9.57,D
6.67177,81.24264,367,0.46,0.39,2026-09-02,0750,N20,high,2.0NRT,335.64,235.55,D
6.73093,81.59668,344.88,0.44,0.38,2026-09-02,0750,N20,nominal,2.0NRT,308.53,12.4,D
6.71509,81.40263,339.97,0.45,0.39,2026-09-02,0750,N20,low,2.0NRT,308.57,9.05,D
6.75518,81.5201,340.11,0.44,0.39,2026-09-02,0750,N20,low,2.0NRT,309.52,11.43,D
6.69492,81.00688,331.33,0.47,0.4,2026-09-02,0750,N20,nominal,2.0NRT,300.63,2.97,D
6.85859,81.46371,335.43,0.45,0.39,2026-09-02,0750,N20,low,2.0NRT,308,4.51,D
6.97171,81.60432,340.17,0.44,0.38,2026-09-02,0750,N20,low,2.0NRT,306.96,10.87,D
6.97522,81.60376,345.28,0.44,0.38,2026-09-02,0750,N20,low,2.0NRT,305.89,17.16,D
7.01214,81.60999,331.21,0.44,0.38,2026-09-02,0750,N20,low,2.0NRT,305.88,7.18,D
6.99511,81.43445,332.88,0.45,0.39,2026-09-02,0750,N20,nominal,2.0NRT,302.31,4.55,D
7.03934,81.50867,343.23,0.44,0.39,2026-09-02,0750,N20,nominal,2.0NRT,303.15,6.89,D
7.06687,81.49669,335.47,0.44,0.39,2026-09-02,0750,N20,nominal,2.0NRT,301.21,3.58,D
7.06373,81.34168,334.45,0.45,0.39,2026-09-02,0750,N20,nominal,2.0NRT,300.7,5.83,D
7.27136,81.78403,334.39,0.43,0.38,2026-09-02,0750,N20,low,2.0NRT,305.28,1.87,D
7.26735,81.71343,330.8,0.43,0.38,2026-09-02,0750,N20,low,2.0NRT,304.54,3.08,D
7.27857,81.7394,338.01,0.43,0.38,2026-09-02,0750,N20,nominal,2.0NRT,305,2.68,D
7.19846,81.01058,332.64,0.46,0.39,2026-09-02,0750,N20,low,2.0NRT,305.68,7.01,D
7.35732,81.84159,347.27,0.43,0.38,2026-09-02,0750,N20,nominal,2.0NRT,304.63,7.21,D
7.34471,81.71753,336.4,0.43,0.38,2026-09-02,0750,N20,low,2.0NRT,304.88,2.45,D
7.36965,81.71751,343.15,0.43,0.38,2026-09-02,0750,N20,nominal,2.0NRT,305.99,4.07,D
7.39067,81.73791,337.33,0.43,0.38,2026-09-02,0750,N20,low,2.0NRT,304.55,4.04,D
7.39,81.64273,330.9,0.43,0.38,2026-09-02,0750,N20,low,2.0NRT,303.65,3.3,D
7.32026,81.10555,342.36,0.46,0.39,2026-09-02,0750,N20,low,2.0NRT,311.24,6.66,D
7.38808,81.55547,334.26,0.44,0.38,2026-09-02,0750,N20,low,2.0NRT,303.57,7.02,D
7.32855,81.14262,337.72,0.46,0.39,2026-09-02,0750,N20,low,2.0NRT,309.94,10.57,D
7.35702,81.29594,339.35,0.45,0.39,2026-09-02,0750,N20,low,2.0NRT,309.75,14.8,D
7.34071,81.19511,343.32,0.45,0.39,2026-09-02,0750,N20,low,2.0NRT,312.67,11.81,D
7.34688,81.21069,343.41,0.45,0.39,2026-09-02,0750,N20,low,2.0NRT,309.24,5.97,D
7.4366,81.74654,338.66,0.43,0.38,2026-09-02,0750,N20,low,2.0NRT,307.53,4.99,D
7.37502,81.22704,336.8,0.45,0.39,2026-09-02,0750,N20,nominal,2.0NRT,307.51,3.74,D
7.33251,80.93956,339,0.47,0.39,2026-09-02,0750,N20,nominal,2.0NRT,305.66,8.59,D
7.39341,81.1824,341.46,0.45,0.39,2026-09-02,0750,N20,low,2.0NRT,312.62,9.08,D
7.37671,81.00835,342.73,0.46,0.39,2026-09-02,0750,N20,nominal,2.0NRT,308.25,5.52,D
7.40896,81.14233,340.44,0.46,0.39,2026-09-02,0750,N20,low,2.0NRT,312.57,8.42,D
7.48413,81.20615,367,0.45,0.39,2026-09-02,0750,N20,high,2.0NRT,311.02,40.62,D
7.47624,80.90385,346.83,0.47,0.39,2026-09-02,0750,N20,nominal,2.0NRT,306.98,7.72,D
7.62752,80.83766,337.9,0.47,0.4,2026-09-02,0750,N20,low,2.0NRT,307.68,8.77,D
7.78327,81.56092,333.39,0.43,0.38,2026-09-02,0750,N20,low,2.0NRT,306.1,4.63,D
7.74461,81.15666,350.8,0.45,0.39,2026-09-02,0750,N20,low,2.0NRT,310.15,10.47,D
7.68484,79.81175,330.04,0.53,0.42,2026-09-02,0750,N20,nominal,2.0NRT,298.95,2.92,D
7.94013,81.31534,336.94,0.44,0.38,2026-09-02,0750,N20,low,2.0NRT,308.5,28.57,D
7.94302,81.31081,345.85,0.44,0.38,2026-09-02,0750,N20,low,2.0NRT,312.95,38.88,D
7.94048,81.29494,342.25,0.44,0.39,2026-09-02,0750,N20,low,2.0NRT,311.33,6.37,D
7.93985,81.29096,340.28,0.44,0.39,2026-09-02,0750,N20,low,2.0NRT,310.99,6.37,D
7.944,81.29437,336.53,0.44,0.39,2026-09-02,0750,N20,low,2.0NRT,308.5,6.37,D
7.78796,80.06335,332.88,0.51,0.41,2026-09-02,0750,N20,low,2.0NRT,299.06,4.47,D
7.80048,80.11751,336.6,0.51,0.41,2026-09-02,0750,N20,nominal,2.0NRT,298.84,4.65,D
7.8957,80.64471,336.19,0.47,0.4,2026-09-02,0750,N20,nominal,2.0NRT,300.74,4.73,D
7.92456,80.65868,340.81,0.47,0.4,2026-09-02,0750,N20,nominal,2.0NRT,304.44,28.55,D
8.07892,80.59462,347.99,0.48,0.4,2026-09-02,0750,N20,low,2.0NRT,307.15,24.02,D
8.13972,80.86044,338.08,0.46,0.39,2026-09-02,0750,N20,nominal,2.0NRT,302.92,3.69,D
8.3426,81.02217,338.58,0.45,0.39,2026-09-02,0750,N20,low,2.0NRT,306.57,11.41,D
8.35098,81.02911,334.87,0.45,0.39,2026-09-02,0750,N20,low,2.0NRT,305.66,7.53,D
8.36901,81.05103,338.3,0.45,0.39,2026-09-02,0750,N20,nominal,2.0NRT,303.39,3.91,D
8.34095,80.68102,330.67,0.47,0.39,2026-09-02,0750,N20,low,2.0NRT,302.17,6.55,D
8.34524,80.68464,334.46,0.47,0.39,2026-09-02,0750,N20,low,2.0NRT,301.62,10.59,D
8.4097,80.83187,333.58,0.46,0.39,2026-09-02,0750,N20,low,2.0NRT,301.54,7.57,D
8.41087,80.79353,338.9,0.46,0.39,2026-09-02,0750,N20,nominal,2.0NRT,304.71,8.38,D
8.43632,80.81481,340.78,0.46,0.39,2026-09-02,0750,N20,low,2.0NRT,301.51,2.72,D
8.44888,80.7319,331.31,0.46,0.39,2026-09-02,0750,N20,low,2.0NRT,303.17,10.96,D
8.47726,80.82609,344.56,0.46,0.39,2026-09-02,0750,N20,low,2.0NRT,300.99,6.34,D
8.47857,80.76656,336.93,0.46,0.39,2026-09-02,0750,N20,low,2.0NRT,302.03,10.9,D
8.52054,80.84437,346.57,0.46,0.39,2026-09-02,0750,N20,nominal,2.0NRT,303.32,11.02,D
8.53829,80.79509,336.74,0.46,0.39,2026-09-02,0750,N20,low,2.0NRT,303.15,38.29,D
8.52261,80.67409,331.82,0.47,0.39,2026-09-02,0750,N20,low,2.0NRT,302.03,3.25,D
8.54006,80.71404,331.64,0.46,0.39,2026-09-02,0750,N20,low,2.0NRT,303.7,3.7,D
8.56824,80.84503,335.83,0.46,0.39,2026-09-02,0750,N20,nominal,2.0NRT,301.85,3.16,D
8.55528,80.63876,354.07,0.47,0.39,2026-09-02,0750,N20,nominal,2.0NRT,305.71,24.27,D
8.50252,80.31813,333.29,0.48,0.4,2026-09-02,0750,N20,low,2.0NRT,300.05,3.83,D
8.59139,80.76956,342.62,0.46,0.39,2026-09-02,0750,N20,nominal,2.0NRT,301.46,9.46,D
8.57827,80.64365,340.22,0.47,0.39,2026-09-02,0750,N20,low,2.0NRT,304.82,11.49,D
8.62666,80.80608,339.17,0.46,0.39,2026-09-02,0750,N20,low,2.0NRT,304.72,9.67,D
8.57435,80.41315,342.31,0.48,0.4,2026-09-02,0750,N20,nominal,2.0NRT,301.23,7.7,D
8.62844,80.65692,331.77,0.46,0.39,2026-09-02,0750,N20,low,2.0NRT,299.69,3.3,D
8.60975,80.51718,332.8,0.47,0.4,2026-09-02,0750,N20,low,2.0NRT,302.76,5.95,D
8.63537,80.49111,331.27,0.47,0.4,2026-09-02,0750,N20,low,2.0NRT,299.58,4.17,D
8.73495,80.96078,331.78,0.45,0.39,2026-09-02,0750,N20,low,2.0NRT,297.84,2.58,D
8.7351,80.78097,342.49,0.46,0.39,2026-09-02,0750,N20,low,2.0NRT,303.88,10.38,D
8.76801,80.8721,337.16,0.45,0.39,2026-09-02,0750,N20,nominal,2.0NRT,301.93,6.34,D
9.04794,80.18987,334.01,0.48,0.4,2026-09-02,0750,N20,nominal,2.0NRT,300.86,4.76,D
8.68932,78.05498,340.2,0.44,0.46,2026-09-02,0750,N20,nominal,2.0NRT,301.18,2.1,D
9.18971,80.67551,346.35,0.46,0.39,2026-09-02,0750,N20,nominal,2.0NRT,299.08,10.53,D
8.89923,78.11224,348.39,0.43,0.46,2026-09-02,0750,N20,nominal,2.0NRT,303.39,5.21,D
8.83889,77.73864,333.26,0.46,0.47,2026-09-02,0750,N20,nominal,2.0NRT,303.09,3.42,D
9.41712,80.38377,351.2,0.47,0.4,2026-09-02,0750,N20,nominal,2.0NRT,302.83,10.24,D
9.43381,80.37231,333.83,0.47,0.4,2026-09-02,0750,N20,low,2.0NRT,302.92,5.75,D
9.12443,78.19585,342.43,0.42,0.45,2026-09-02,0750,N20,nominal,2.0NRT,303.93,4.68,D
9.12683,78.19602,344.99,0.42,0.45,2026-09-02,0750,N20,nominal,2.0NRT,304.8,7.28,D
9.06449,76.54559,331.58,0.54,0.51,2026-09-02,0750,N20,nominal,2.0NRT,294.83,3.75,D
9.06309,76.54379,331.72,0.54,0.51,2026-09-02,0750,N20,nominal,2.0NRT,295.09,3.23,D
9.28854,77.59671,346.91,0.46,0.47,2026-09-02,0750,N20,nominal,2.0NRT,305.91,12.3,D
9.44911,77.67039,342.56,0.45,0.47,2026-09-02,0750,N20,nominal,2.0NRT,306.29,19.35,D
9.56955,77.54256,333.91,0.46,0.47,2026-09-02,0750,N20,nominal,2.0NRT,296.6,4.47,D
9.81357,78.67178,332.31,0.38,0.44,2026-09-02,0750,N20,nominal,2.0NRT,301.02,4.68,D
9.83309,78.53201,334.38,0.39,0.44,2026-09-02,0750,N20,nominal,2.0NRT,303.16,3.08,D
9.81627,78.26504,335.11,0.41,0.45,2026-09-02,0750,N20,nominal,2.0NRT,298.32,2.01,D
9.99262,79.18792,333.35,0.53,0.42,2026-09-02,0750,N20,nominal,2.0NRT,297.52,1.47,D
9.78422,77.80275,338.92,0.44,0.46,2026-09-02,0750,N20,nominal,2.0NRT,302.83,5.37,D
9.98763,77.44791,351.24,0.46,0.47,2026-09-02,0750,N20,nominal,2.0NRT,304.93,13.21,D
10.51527,78.92046,332.79,0.54,0.42,2026-09-02,0750,N20,nominal,2.0NRT,297,2.76,D
10.42062,77.4873,343.63,0.45,0.47,2026-09-02,0750,N20,nominal,2.0NRT,302.08,6.15,D
10.86362,77.56113,342.21,0.43,0.46,2026-09-02,0750,N20,nominal,2.0NRT,304.49,9.3,D
10.86017,77.56201,341.44,0.43,0.46,2026-09-02,0750,N20,nominal,2.0NRT,304.23,9.43,D
10.85615,77.46578,335.41,0.44,0.46,2026-09-02,0750,N20,nominal,2.0NRT,300.19,2.42,D
11.14817,78.0351,356.46,0.4,0.44,2026-09-02,0750,N20,nominal,2.0NRT,299.53,12.06,D
11.11218,77.13387,334.45,0.46,0.47,2026-09-02,0750,N20,nominal,2.0NRT,298.44,3.76,D
11.12016,76.91273,342.38,0.47,0.48,2026-09-02,0750,N20,nominal,2.0NRT,297.55,12.59,D
12.17468,79.01917,336.76,0.51,0.41,2026-09-02,0750,N20,low,2.0NRT,300.42,4.05,D
12.19443,78.03655,335.76,0.39,0.44,2026-09-02,0750,N20,nominal,2.0NRT,297.46,2.58,D
12.00362,76.78979,335.07,0.47,0.48,2026-09-02,0750,N20,nominal,2.0NRT,298.64,5.23,D
12.09333,76.95873,331.52,0.45,0.47,2026-09-02,0750,N20,nominal,2.0NRT,293.45,2.39,D
12.42062,78.77126,334.62,0.52,0.42,2026-09-02,0750,N20,nominal,2.0NRT,298.09,9.7,D
14.29297,77.98297,330.87,0.54,0.42,2026-09-02,0752,N20,nominal,2.0NRT,295.71,4.37,D
14.80575,77.70475,336.23,0.55,0.43,2026-09-02,0752,N20,nominal,2.0NRT,298.83,5.17,D
14.8058,77.7021,334.23,0.55,0.43,2026-09-02,0752,N20,nominal,2.0NRT,298.04,2,D
15.17519,76.65701,334.72,0.42,0.45,2026-09-02,0752,N20,nominal,2.0NRT,296.11,4.69,D
15.18141,76.66771,337.29,0.42,0.45,2026-09-02,0752,N20,nominal,2.0NRT,296.2,5.19,D
15.9894,78.40038,333.48,0.49,0.4,2026-09-02,0752,N20,nominal,2.0NRT,286.97,4.33,D
16.01283,78.38216,338.02,0.49,0.4,2026-09-02,0752,N20,nominal,2.0NRT,288.89,8.35,D
16.01212,78.38377,333.84,0.49,0.4,2026-09-02,0752,N20,low,2.0NRT,288.69,6.07,D
17.47544,76.39265,330.49,0.4,0.44,2026-09-02,0752,N20,nominal,2.0NRT,293.24,2.59,D
17.67695,75.30758,341.2,0.46,0.47,2026-09-02,0752,N20,nominal,2.0NRT,295.72,7.62,D
26.25158,73.33974,334.79,0.43,0.46,2026-09-02,0756,N20,nominal,2.0NRT,301.21,5.6,D
25.84687,68.94135,335.19,0.4,0.6,2026-09-02,0756,N20,nominal,2.0NRT,296.47,5.2,D
27.4374,70.85754,333.41,0.57,0.52,2026-09-02,0756,N20,low,2.0NRT,303.63,2.38,D
27.45672,70.78687,352.55,0.57,0.52,2026-09-02,0756,N20,nominal,2.0NRT,304.5,9.37,D
27.4573,70.78467,345.02,0.57,0.52,2026-09-02,0756,N20,nominal,2.0NRT,304.69,9.55,D
27.49222,68.25951,346.92,0.41,0.6,2026-09-02,0756,N20,nominal,2.0NRT,297.55,8.69,D
27.49127,68.25554,332.55,0.41,0.6,2026-09-02,0756,N20,nominal,2.0NRT,296.98,7.78,D
28.2292,67.89808,330.95,0.41,0.61,2026-09-02,0756,N20,nominal,2.0NRT,299.28,1.91,D
30.20646,72.49904,340.94,0.4,0.44,2026-09-02,0756,N20,nominal,2.0NRT,297.37,4.9,D
31.37824,72.49757,337.71,0.38,0.43,2026-09-02,0756,N20,nominal,2.0NRT,298.35,3.39,D
31.44563,72.22283,330.44,0.39,0.44,2026-09-02,0756,N20,nominal,2.0NRT,298.15,3.06,D
31.74076,72.19408,341.47,0.39,0.44,2026-09-02,0756,N20,nominal,2.0NRT,299.89,6.45,D
38.05065,67.2653,354.44,0.52,0.5,2026-09-02,0758,N20,nominal,2.0NRT,313.08,17.89,D
38.05121,67.26409,348.21,0.52,0.5,2026-09-02,0758,N20,nominal,2.0NRT,313.54,20.67,D
37.0295,62.41781,339.04,0.5,0.66,2026-09-02,0758,N20,nominal,2.0NRT,306.9,4.7,D
37.92453,65.62953,336.12,0.32,0.55,2026-09-02,0758,N20,nominal,2.0NRT,304.69,2.41,D
37.11989,62.36308,335.75,0.5,0.66,2026-09-02,0758,N20,low,2.0NRT,306.36,3.38,D
37.14716,61.36975,345.19,0.56,0.69,2026-09-02,0758,N20,nominal,2.0NRT,298.78,8.08,D
39.87988,67.48934,343.79,0.46,0.47,2026-09-02,0758,N20,nominal,2.0NRT,301.23,4.29,D
25.97353,56.06952,340.71,0.4,0.37,2026-09-02,0934,N20,low,2.0NRT,313.59,10.92,D
27.16775,56.05676,344.17,0.41,0.37,2026-09-02,0934,N20,nominal,2.0NRT,310.32,8.5,D
27.16717,56.05263,349.33,0.41,0.37,2026-09-02,0934,N20,nominal,2.0NRT,310.56,8.5,D
28.20458,57.50461,341.36,0.47,0.4,2026-09-02,0934,N20,low,2.0NRT,316.14,1.32,D
37.0335,62.42006,345.79,0.37,0.58,2026-09-02,0937,N20,nominal,2.0NRT,307.72,4.73,D
37.11636,62.36713,352.59,0.37,0.58,2026-09-02,0937,N20,nominal,2.0NRT,309.04,6.38,D
37.11959,62.36695,342.75,0.37,0.58,2026-09-02,0937,N20,nominal,2.0NRT,308.6,4.84,D
37.1498,61.36499,332.38,0.32,0.55,2026-09-02,0937,N20,low,2.0NRT,305.67,2.38,D
37.21941,60.3581,345.8,0.57,0.52,2026-09-02,0937,N20,nominal,2.0NRT,307.83,7.11,D
37.49481,61.8497,332.48,0.35,0.56,2026-09-02,0937,N20,low,2.0NRT,305.12,2.07,D
37.61888,62.14187,330.4,0.36,0.57,2026-09-02,0939,N20,low,2.0NRT,304.81,1.62,D
37.55349,60.74785,343.42,0.6,0.53,2026-09-02,0939,N20,nominal,2.0NRT,307.1,18.14,D
37.60736,61.60861,332.26,0.34,0.56,2026-09-02,0939,N20,low,2.0NRT,305.82,1.74,D
37.55044,60.74083,341.13,0.6,0.53,2026-09-02,0939,N20,nominal,2.0NRT,309.85,7.07,D
37.55582,60.74718,343.28,0.6,0.53,2026-09-02,0939,N20,nominal,2.0NRT,308.43,43.01,D
37.80832,60.17415,334.79,0.56,0.52,2026-09-02,0939,N20,low,2.0NRT,306.19,2.48,D
37.80866,60.17243,332.12,0.56,0.52,2026-09-02,0939,N20,low,2.0NRT,306.69,3.37,D
38.65465,64.38041,367,0.49,0.65,2026-09-02,0939,N20,high,2.0NRT,299.62,7.53,D
38.68894,61.88012,353.12,0.36,0.57,2026-09-02,0939,N20,nominal,2.0NRT,308.95,4.21,D
38.71125,62.08875,333.66,0.37,0.58,2026-09-02,0939,N20,low,2.0NRT,306.73,1.37,D
39.46644,62.98837,356.47,0.41,0.61,2026-09-02,0939,N20,nominal,2.0NRT,295.9,7.94,D
39.46384,62.99001,346.76,0.42,0.61,2026-09-02,0939,N20,nominal,2.0NRT,294.37,8.67,D
21.31058,57.74517,341.78,0.42,0.38,2026-09-02,0934,N20,nominal,2.0NRT,310.14,14.45,D
21.93678,57.07576,342.65,0.41,0.37,2026-09-02,0934,N20,low,2.0NRT,316.46,4.54,D
22.32804,56.49127,348.15,0.39,0.37,2026-09-02,0934,N20,low,2.0NRT,318.99,2.69,D
22.32527,56.47219,347.28,0.39,0.37,2026-09-02,0934,N20,low,2.0NRT,317.98,1.74,D
22.88008,55.92876,350.72,0.39,0.36,2026-09-02,0934,N20,low,2.0NRT,324.64,2.29,D
24.50376,56.60748,348.14,0.41,0.37,2026-09-02,0937,N20,nominal,2.0NRT,310.41,16.51,D
