latitude,longitude,bright_ti4,scan,track,acq_date,acq_time,satellite,confidence,version,bright_ti5,frp,daynight
26.57399,101.66541,329.46,0.55,0.51,2026-08-26,0550,N21,nominal,2.0NRT,297.43,3.86,D
26.57857,101.66425,338.97,0.55,0.51,2026-08-26,0550,N21,nominal,2.0NRT,293.71,3.86,D
13.77896,100.92517,326.42,0.56,0.69,2026-08-26,0546,N21,nominal,2.0NRT,283.7,3.98,D
14.0812,100.40951,325.54,0.6,0.7,2026-08-26,0546,N21,nominal,2.0NRT,281.63,3.81,D
29.76867,72.26379,333.72,0.41,0.6,2026-08-26,0731,N21,nominal,2.0NRT,297.6,6.15,D
29.76768,72.25974,348.33,0.41,0.6,2026-08-26,0731,N21,nominal,2.0NRT,297.98,8.22,D
29.64449,71.71342,330.87,0.44,0.62,2026-08-26,0731,N21,nominal,2.0NRT,296.26,2.84,D
29.33118,70.35696,330,0.54,0.68,2026-08-26,0731,N21,nominal,2.0NRT,298.5,2.09,D
30.34867,74.23013,338.78,0.6,0.53,2026-08-26,0731,N21,nominal,2.0NRT,299.85,6.85,D
30.64766,73.95101,334.29,0.62,0.54,2026-08-26,0731,N21,nominal,2.0NRT,299.95,6.69,D
30.65028,73.94928,332.22,0.62,0.54,2026-08-26,0731,N21,nominal,2.0NRT,299.86,6.71,D
30.89061,73.20031,330.44,0.34,0.56,2026-08-26,0731,N21,low,2.0NRT,304.85,7.27,D
31.6122,72.50623,331.82,0.36,0.57,2026-08-26,0731,N21,nominal,2.0NRT,297.45,1.45,D
31.62439,72.42012,331.17,0.36,0.57,2026-08-26,0731,N21,nominal,2.0NRT,296.93,2.94,D
33.26753,71.30682,333.29,0.38,0.59,2026-08-26,0731,N21,nominal,2.0NRT,296.65,1.67,D
39.71105,78.50077,347.99,0.4,0.37,2026-08-26,0733,N21,nominal,2.0NRT,316.04,9.68,D
39.89231,79.53008,340.61,0.39,0.36,2026-08-26,0733,N21,low,2.0NRT,311.47,6.32,D
39.76025,78.62658,347.79,0.4,0.37,2026-08-26,0733,N21,nominal,2.0NRT,313.12,7.96,D
5.53966,95.76719,345.5,0.48,0.48,2026-08-26,0724,N21,nominal,2.0NRT,299.9,30.7,D
39.40381,75.89041,337.66,0.49,0.4,2026-08-26,0733,N21,low,2.0NRT,310.36,5.59,D
5.53983,95.76853,340.32,0.48,0.48,2026-08-26,0724,N21,nominal,2.0NRT,298.43,14.92,D
5.53921,95.76406,335.41,0.48,0.48,2026-08-26,0724,N21,nominal,2.0NRT,298.65,14.92,D
38.05276,67.26369,367,0.47,0.64,2026-08-26,0733,N21,high,2.0NRT,318.74,22.47,D
8.23048,80.7622,332.97,0.62,0.54,2026-08-26,0726,N21,nominal,2.0NRT,287.73,8.01,D
8.22948,80.75656,331.79,0.62,0.54,2026-08-26,0726,N21,nominal,2.0NRT,286.42,8.01,D
8.24221,80.80006,339.73,0.62,0.54,2026-08-26,0726,N21,nominal,2.0NRT,289.42,17.43,D
8.37619,81.05578,342.02,0.59,0.53,2026-08-26,0726,N21,nominal,2.0NRT,282.19,19.03,D
8.4115,81.06059,331.68,0.59,0.53,2026-08-26,0726,N21,nominal,2.0NRT,288.35,5.23,D
8.40953,80.51969,335.49,0.32,0.55,2026-08-26,0726,N21,nominal,2.0NRT,287.25,3.13,D
8.40903,80.51687,332.19,0.32,0.55,2026-08-26,0726,N21,nominal,2.0NRT,286.87,3.13,D
8.47969,80.36192,332.81,0.33,0.55,2026-08-26,0726,N21,nominal,2.0NRT,284.05,10.08,D
8.48021,80.36486,355.46,0.33,0.55,2026-08-26,0726,N21,low,2.0NRT,283.93,10.44,D
8.67752,80.97379,329.78,0.59,0.53,2026-08-26,0726,N21,nominal,2.0NRT,291.95,5.94,D
8.85957,80.99957,340.35,0.58,0.52,2026-08-26,0726,N21,nominal,2.0NRT,293.58,11.11,D
8.84246,80.37051,367,0.32,0.55,2026-08-26,0726,N21,high,2.0NRT,290.49,7.96,D
8.9117,80.47472,338.16,0.63,0.54,2026-08-26,0726,N21,nominal,2.0NRT,289.9,11.6,D
9.23741,80.32394,332.77,0.32,0.55,2026-08-26,0726,N21,nominal,2.0NRT,290.25,1.76,D
9.27424,80.15481,330.55,0.33,0.55,2026-08-26,0726,N21,nominal,2.0NRT,289.88,2.74,D
9.34347,80.16696,346.15,0.33,0.55,2026-08-26,0726,N21,nominal,2.0NRT,290.17,6.12,D
9.44243,80.49594,331.63,0.62,0.54,2026-08-26,0726,N21,nominal,2.0NRT,293.33,5.77,D
9.43175,80.37721,330.8,0.63,0.54,2026-08-26,0726,N21,nominal,2.0NRT,291.89,7.51,D
9.45706,80.49337,343.5,0.62,0.54,2026-08-26,0726,N21,nominal,2.0NRT,293.49,18.95,D
9.45557,80.49669,340.96,0.62,0.54,2026-08-26,0726,N21,nominal,2.0NRT,293.67,16.03,D
9.45457,80.4912,333.31,0.62,0.54,2026-08-26,0726,N21,nominal,2.0NRT,292.57,16.03,D
9.39075,78.88336,336.06,0.4,0.6,2026-08-26,0726,N21,nominal,2.0NRT,291.74,2.89,D
10.38894,79.17622,330.34,0.37,0.58,2026-08-26,0726,N21,nominal,2.0NRT,292.83,5,D
11.7447,79.05466,333.07,0.35,0.57,2026-08-26,0726,N21,nominal,2.0NRT,295.21,1.51,D
11.74077,78.97653,347.16,0.36,0.57,2026-08-26,0726,N21,nominal,2.0NRT,294.02,3.99,D
15.62631,79.17872,330.99,0.59,0.53,2026-08-26,0729,N21,nominal,2.0NRT,291.27,4.14,D
15.62259,79.18162,334.29,0.59,0.53,2026-08-26,0729,N21,nominal,2.0NRT,292.53,6.57,D
16.40067,79.36681,335.24,0.55,0.51,2026-08-26,0729,N21,nominal,2.0NRT,293.52,8.29,D
16.83534,79.16514,330.52,0.56,0.51,2026-08-26,0729,N21,nominal,2.0NRT,291.87,3.28,D
17.60913,83.20387,331.24,0.47,0.4,2026-08-26,0729,N21,low,2.0NRT,296.24,9.96,D
21.67331,84.0409,329.78,0.4,0.37,2026-08-26,0729,N21,low,2.0NRT,295.02,4.73,D
21.67999,84.03966,332.83,0.4,0.37,2026-08-26,0729,N21,low,2.0NRT,296.61,9.21,D
22.21023,84.86258,331.63,0.39,0.36,2026-08-26,0729,N21,nominal,2.0NRT,293.69,3.63,D
22.21468,84.8694,334.29,0.39,0.36,2026-08-26,0729,N21,nominal,2.0NRT,293.07,5.23,D
22.21391,84.84286,330.93,0.39,0.36,2026-08-26,0729,N21,nominal,2.0NRT,291.89,3.38,D
22.21333,84.83915,330.66,0.39,0.36,2026-08-26,0729,N21,nominal,2.0NRT,291.48,2.79,D
21.10038,72.63611,334.04,0.61,0.71,2026-08-26,0731,N21,nominal,2.0NRT,287.11,6.31,D
25.99178,98.46295,332.11,0.66,0.73,2026-08-26,0731,N21,nominal,2.0NRT,288.25,11.82,D
18.01457,54.5731,346.56,0.47,0.48,2026-08-26,0909,N21,low,2.0NRT,318.18,14.52,D
18.32135,55.10671,346.49,0.43,0.46,2026-08-26,0909,N21,low,2.0NRT,317.26,1.82,D
21.10633,72.64521,332.78,0.55,0.68,2026-08-26,0909,N21,nominal,2.0NRT,288.69,6.43,D
21.10424,72.64529,332.55,0.55,0.68,2026-08-26,0909,N21,nominal,2.0NRT,288.95,7.18,D
23.27795,54.25907,351.39,0.4,0.44,2026-08-26,0909,N21,low,2.0NRT,326.11,14.1,D
24.50629,56.60725,341.41,0.44,0.38,2026-08-26,0911,N21,low,2.0NRT,315.22,18.69,D
24.51049,54.0191,341.17,0.39,0.44,2026-08-26,0911,N21,nominal,2.0NRT,306.37,6.72,D
28.80681,71.14798,333.4,0.53,0.67,2026-08-26,0911,N21,nominal,2.0NRT,297.69,2.24,D
27.15941,56.10268,345.96,0.43,0.38,2026-08-26,0911,N21,low,2.0NRT,312.94,13.57,D
33.75373,59.14787,343.06,0.41,0.37,2026-08-26,0913,N21,low,2.0NRT,318.05,7.47,D
37.03253,62.41895,355.14,0.4,0.44,2026-08-26,0913,N21,nominal,2.0NRT,322.01,16.19,D
37.81702,60.65202,348.66,0.5,0.41,2026-08-26,0913,N21,low,2.0NRT,322.66,36.39,D
37.13834,55.10251,337.59,0.39,0.36,2026-08-26,0913,N21,low,2.0NRT,308.05,5.66,D
39.26064,56.2815,349.55,0.39,0.36,2026-08-26,0915,N21,nominal,2.0NRT,317.87,5.94,D
39.35632,55.74767,346.89,0.39,0.36,2026-08-26,0915,N21,low,2.0NRT,320.84,16.97,D
39.35959,55.74686,346.23,0.39,0.36,2026-08-26,0915,N21,low,2.0NRT,320.36,10.82,D
14.67437,100.80187,307.88,0.62,0.54,2026-08-26,1817,N21,nominal,2.0NRT,282.84,2.61,N
14.56818,100.76437,305.35,0.63,0.54,2026-08-26,1817,N21,nominal,2.0NRT,284.67,2.13,N
14.56684,100.76334,305.53,0.63,0.54,2026-08-26,1817,N21,nominal,2.0NRT,284.12,2.6,N
7.81544,99.80431,312.04,0.59,0.53,2026-08-26,1819,N21,nominal,2.0NRT,291.07,2.17,N
7.816,99.80264,306.57,0.59,0.53,2026-08-26,1819,N21,nominal,2.0NRT,290.86,2.36,N
6.9884,100.61983,304.04,0.5,0.49,2026-08-26,1819,N21,nominal,2.0NRT,291.21,0.74,N
26.62157,101.45345,301.31,0.4,0.6,2026-08-26,1815,N21,nominal,2.0NRT,281.77,2.1,N
35.97725,79.16998,303.84,0.32,0.55,2026-08-26,1953,N21,nominal,2.0NRT,275.15,0.88,N
31.40888,97.76285,295.31,0.33,0.55,2026-08-26,1953,N21,nominal,2.0NRT,277.85,0.78,N
31.40834,97.76369,297.27,0.33,0.55,2026-08-26,1953,N21,nominal,2.0NRT,278.13,0.68,N
30.94955,97.36366,303.92,0.32,0.55,2026-08-26,1953,N21,nominal,2.0NRT,286.42,0.82,N
30.94848,97.36194,298.7,0.32,0.55,2026-08-26,1953,N21,nominal,2.0NRT,286.59,0.98,N
24.14523,86.33312,317.53,0.38,0.36,2026-08-26,1957,N21,nominal,2.0NRT,288.81,3.46,N
23.68759,87.12062,303.46,0.39,0.37,2026-08-26,1957,N21,nominal,2.0NRT,283.41,2.11,N
22.47527,91.73382,317.61,0.44,0.46,2026-08-26,1957,N21,nominal,2.0NRT,289.19,2.22,N
22.47416,91.73537,315.17,0.44,0.46,2026-08-26,1957,N21,nominal,2.0NRT,289.21,1.81,N
22.37905,87.27782,312.36,0.41,0.37,2026-08-26,1957,N21,nominal,2.0NRT,283.16,1.47,N
22.37841,87.28172,302.42,0.41,0.37,2026-08-26,1957,N21,nominal,2.0NRT,281.42,1.97,N
22.37569,87.27717,308.06,0.41,0.37,2026-08-26,1957,N21,nominal,2.0NRT,288.14,1.47,N
22.35626,87.28948,309.68,0.41,0.37,2026-08-26,1957,N21,nominal,2.0NRT,289.94,1.98,N
22.24414,87.38998,323.61,0.41,0.37,2026-08-26,1957,N21,nominal,2.0NRT,290.59,5.3,N
20.98991,85.12567,300.84,0.38,0.36,2026-08-26,1957,N21,nominal,2.0NRT,285.29,0.71,N
20.88999,84.98014,310.5,0.38,0.36,2026-08-26,1957,N21,nominal,2.0NRT,286.79,1.28,N
20.88613,84.98322,326.31,0.38,0.36,2026-08-26,1957,N21,nominal,2.0NRT,287.05,4.18,N
20.86797,84.99133,305.97,0.38,0.36,2026-08-26,1957,N21,nominal,2.0NRT,288.27,1.49,N
20.86411,84.99441,322.59,0.38,0.36,2026-08-26,1957,N21,nominal,2.0NRT,289.01,3.46,N
20.86524,84.98709,310.12,0.38,0.36,2026-08-26,1957,N21,nominal,2.0NRT,288.65,2.02,N
20.86468,84.99075,316.09,0.38,0.36,2026-08-26,1957,N21,nominal,2.0NRT,289.13,2.02,N
20.86195,84.98651,328.95,0.38,0.36,2026-08-26,1957,N21,nominal,2.0NRT,288.09,2.02,N
20.79946,85.25735,306.59,0.38,0.36,2026-08-26,1957,N21,nominal,2.0NRT,278.15,0.78,N
17.02574,81.12362,305.54,0.45,0.39,2026-08-26,2000,N21,nominal,2.0NRT,291.23,1.64,N
17.02656,81.12515,305.65,0.45,0.39,2026-08-26,2000,N21,nominal,2.0NRT,291,1.45,N
15.84632,80.17049,316.79,0.49,0.4,2026-08-26,2000,N21,nominal,2.0NRT,292.15,6.76,N
15.01244,79.80169,322.25,0.5,0.41,2026-08-26,2000,N21,nominal,2.0NRT,291.52,6.81,N
15.65726,73.98717,305.45,0.4,0.6,2026-08-26,2000,N21,nominal,2.0NRT,290.46,1.46,N
15.65695,73.98811,308.16,0.4,0.6,2026-08-26,2000,N21,nominal,2.0NRT,290.45,1.29,N
15.33406,76.28747,307.41,0.56,0.51,2026-08-26,2000,N21,nominal,2.0NRT,290.89,2,N
15.17911,77.10237,305.35,0.49,0.49,2026-08-26,2000,N21,nominal,2.0NRT,288.52,1.45,N
15.17996,77.10442,304.53,0.49,0.49,2026-08-26,2000,N21,nominal,2.0NRT,288.03,1.88,N
15.1761,77.09933,304.79,0.49,0.49,2026-08-26,2000,N21,nominal,2.0NRT,288.41,1.4,N
15.18324,76.64272,309.38,0.53,0.5,2026-08-26,2000,N21,nominal,2.0NRT,285.39,2.15,N
15.18025,76.66698,302.76,0.52,0.5,2026-08-26,2000,N21,nominal,2.0NRT,287.54,2.13,N
15.17965,76.67181,304.26,0.52,0.5,2026-08-26,2000,N21,nominal,2.0NRT,288.23,3.57,N
15.17745,76.65191,305.61,0.52,0.5,2026-08-26,2000,N21,nominal,2.0NRT,286.41,1.92,N
15.17685,76.65675,314.98,0.52,0.5,2026-08-26,2000,N21,nominal,2.0NRT,287.7,1.92,N
15.17625,76.66158,302.46,0.52,0.5,2026-08-26,2000,N21,nominal,2.0NRT,286.37,2.16,N
15.17265,76.69075,305.8,0.52,0.5,2026-08-26,2000,N21,nominal,2.0NRT,287.56,1.27,N
15.17225,76.6562,303.66,0.52,0.5,2026-08-26,2000,N21,nominal,2.0NRT,286.09,1.92,N
14.60618,78.52363,308.46,0.39,0.44,2026-08-26,2000,N21,nominal,2.0NRT,292.48,2.22,N
11.81676,77.91685,300.49,0.39,0.44,2026-08-26,2000,N21,nominal,2.0NRT,280.09,0.64,N
11.80773,77.92281,307.55,0.39,0.44,2026-08-26,2000,N21,nominal,2.0NRT,279.96,1.42,N
11.26812,80.00212,308.67,0.45,0.39,2026-08-26,2000,N21,nominal,2.0NRT,282.57,1.51,N
7.94468,81.32425,298.83,0.39,0.36,2026-08-26,2002,N21,nominal,2.0NRT,277.69,0.37,N
7.03461,79.89082,302.5,0.42,0.37,2026-08-26,2002,N21,nominal,2.0NRT,282.01,0.32,N
39.18914,76.39972,301.65,0.49,0.65,2026-08-26,1951,N21,nominal,2.0NRT,279.84,1.45,N
32.2946,70.72947,308.11,0.5,0.49,2026-08-26,2136,N21,nominal,2.0NRT,296.67,1.77,N
33.75163,59.14625,318.6,0.48,0.4,2026-08-26,2136,N21,nominal,2.0NRT,289.78,2.64,N
33.75117,59.14857,311.92,0.48,0.4,2026-08-26,2136,N21,nominal,2.0NRT,289.01,2.03,N
33.62944,59.16795,305.78,0.47,0.4,2026-08-26,2136,N21,nominal,2.0NRT,291.44,1.38,N
33.26826,57.53865,302.5,0.56,0.43,2026-08-26,2136,N21,nominal,2.0NRT,290.45,1.12,N
33.04225,56.84791,317.97,0.4,0.44,2026-08-26,2136,N21,nominal,2.0NRT,297.69,2.28,N
32.33383,54.08659,305.46,0.57,0.52,2026-08-26,2136,N21,nominal,2.0NRT,292.19,1.58,N
31.70271,55.44823,309.81,0.46,0.47,2026-08-26,2136,N21,nominal,2.0NRT,298.99,2.39,N
31.43238,56.49183,304.19,0.4,0.44,2026-08-26,2136,N21,nominal,2.0NRT,290.44,0.5,N
30.75293,56.65793,309.49,0.39,0.44,2026-08-26,2136,N21,nominal,2.0NRT,292.59,2.29,N
30.15454,60.73235,308,0.4,0.37,2026-08-26,2138,N21,nominal,2.0NRT,297.13,0.95,N
30.66572,56.62077,309.13,0.39,0.44,2026-08-26,2138,N21,nominal,2.0NRT,291.44,1.21,N
28.42484,69.70112,307.76,0.53,0.5,2026-08-26,2138,N21,nominal,2.0NRT,296.92,1.39,N
30.36885,56.12559,304.74,0.41,0.45,2026-08-26,2138,N21,nominal,2.0NRT,291.21,2.18,N
30.38992,55.76596,302.2,0.43,0.46,2026-08-26,2138,N21,nominal,2.0NRT,290.82,0.31,N
30.37982,55.86322,301.53,0.42,0.46,2026-08-26,2138,N21,nominal,2.0NRT,291.08,0.88,N
30.32481,56.22693,300.61,0.4,0.45,2026-08-26,2138,N21,nominal,2.0NRT,290.55,0.81,N
30.23462,56.90582,314.08,0.56,0.43,2026-08-26,2138,N21,nominal,2.0NRT,292.88,2.58,N
30.32389,55.97318,310.38,0.42,0.45,2026-08-26,2138,N21,nominal,2.0NRT,292.07,1.57,N
30.21538,55.98408,305.67,0.42,0.45,2026-08-26,2138,N21,nominal,2.0NRT,290.53,1.22,N
29.47756,60.80524,302,0.39,0.36,2026-08-26,2138,N21,nominal,2.0NRT,290.67,1.36,N
29.94726,56.73316,312.22,0.56,0.43,2026-08-26,2138,N21,nominal,2.0NRT,288.33,2.3,N
29.94795,56.73207,310.56,0.56,0.43,2026-08-26,2138,N21,nominal,2.0NRT,288.24,2.7,N
30.08104,55.39868,328.1,0.45,0.47,2026-08-26,2138,N21,nominal,2.0NRT,293.4,4.99,N
29.92764,56.73455,306.53,0.56,0.43,2026-08-26,2138,N21,nominal,2.0NRT,291.67,2.77,N
29.98936,55.85543,336.85,0.42,0.45,2026-08-26,2138,N21,nominal,2.0NRT,290.66,10.24,N
29.98566,55.85075,295.97,0.42,0.45,2026-08-26,2138,N21,nominal,2.0NRT,285.86,1.47,N
28.76114,58.8763,312.39,0.44,0.38,2026-08-26,2138,N21,nominal,2.0NRT,296.68,1.65,N
29.15301,55.36797,303.77,0.44,0.46,2026-08-26,2138,N21,nominal,2.0NRT,292.18,1.56,N
29.1347,55.37917,303.58,0.44,0.46,2026-08-26,2138,N21,nominal,2.0NRT,293.44,1.28,N
27.22925,60.48985,319.92,0.39,0.36,2026-08-26,2138,N21,nominal,2.0NRT,301.05,2.81,N
27.42178,56.50118,318.11,0.54,0.42,2026-08-26,2138,N21,nominal,2.0NRT,301.07,2.2,N
25.38613,68.58273,314.44,0.52,0.5,2026-08-26,2138,N21,nominal,2.0NRT,292.53,2.75,N
25.38547,68.5816,307.81,0.52,0.5,2026-08-26,2138,N21,nominal,2.0NRT,291.52,2.48,N
27.30177,56.3026,319.57,0.55,0.43,2026-08-26,2138,N21,nominal,2.0NRT,300.71,2.84,N
27.30166,56.30104,320.09,0.55,0.43,2026-08-26,2138,N21,nominal,2.0NRT,300.69,2.46,N
27.17043,56.09716,322.68,0.56,0.43,2026-08-26,2138,N21,nominal,2.0NRT,301.51,2.19,N
27.17117,56.05676,326.31,0.57,0.43,2026-08-26,2138,N21,nominal,2.0NRT,301.68,3.44,N
27.16648,56.09658,312.89,0.56,0.43,2026-08-26,2138,N21,nominal,2.0NRT,301.87,2.19,N
27.16787,56.05051,320.56,0.57,0.43,2026-08-26,2138,N21,nominal,2.0NRT,301.4,2.58,N
27.16186,56.10167,324.29,0.56,0.43,2026-08-26,2138,N21,nominal,2.0NRT,301.84,2.85,N
27.15791,56.10108,315.6,0.56,0.43,2026-08-26,2138,N21,nominal,2.0NRT,301.04,2.85,N
27.14474,56.11062,313.42,0.56,0.43,2026-08-26,2138,N21,nominal,2.0NRT,301.01,2.7,N
25.15815,67.7029,296.99,0.47,0.48,2026-08-26,2138,N21,nominal,2.0NRT,277.62,1.89,N
26.95743,55.54401,315.47,0.4,0.44,2026-08-26,2138,N21,nominal,2.0NRT,303.14,1.49,N
25.96498,56.06586,315.38,0.55,0.43,2026-08-26,2138,N21,nominal,2.0NRT,304.53,1.37,N
25.90398,54.53007,311.11,0.45,0.47,2026-08-26,2138,N21,nominal,2.0NRT,300.35,1.18,N
25.30772,56.37143,319.23,0.52,0.41,2026-08-26,2138,N21,nominal,2.0NRT,301.64,2.64,N
24.9882,55.62651,328.39,0.56,0.43,2026-08-26,2138,N21,nominal,2.0NRT,303.26,3.65,N
22.4143,69.03838,306.35,0.32,0.55,2026-08-26,2138,N21,nominal,2.0NRT,290.09,0.72,N
24.5066,56.60622,334.53,0.5,0.41,2026-08-26,2138,N21,nominal,2.0NRT,302.37,8.11,N
24.50288,56.60566,317.72,0.5,0.41,2026-08-26,2138,N21,nominal,2.0NRT,302.89,2.42,N
24.47316,56.63086,311.71,0.49,0.41,2026-08-26,2138,N21,nominal,2.0NRT,301.34,1.43,N
24.45497,56.55101,315.6,0.5,0.41,2026-08-26,2138,N21,nominal,2.0NRT,301.8,2.09,N
24.51032,54.01865,333.8,0.46,0.47,2026-08-26,2138,N21,nominal,2.0NRT,303.76,2.79,N
24.33014,54.47138,313.49,0.43,0.46,2026-08-26,2138,N21,nominal,2.0NRT,298.76,5.27,N
24.32173,54.47025,316.15,0.43,0.46,2026-08-26,2138,N21,nominal,2.0NRT,304.12,6.35,N
23.55447,58.20202,315.79,0.42,0.37,2026-08-26,2138,N21,nominal,2.0NRT,302.29,1.07,N
23.48367,58.28174,324.46,0.41,0.37,2026-08-26,2138,N21,nominal,2.0NRT,305.04,1.82,N
23.36747,56.27954,313.58,0.5,0.41,2026-08-26,2138,N21,nominal,2.0NRT,301.52,1.25,N
22.65805,59.40621,315.39,0.39,0.36,2026-08-26,2138,N21,nominal,2.0NRT,301.53,1.38,N
23.19163,55.45761,326.85,0.55,0.43,2026-08-26,2138,N21,nominal,2.0NRT,302.94,2.8,N
23.19095,55.46296,312.3,0.55,0.43,2026-08-26,2138,N21,nominal,2.0NRT,301.82,2.8,N
23.31089,54.17511,323.35,0.44,0.46,2026-08-26,2140,N21,nominal,2.0NRT,302.1,5.21,N
23.31039,54.17937,339,0.44,0.46,2026-08-26,2140,N21,nominal,2.0NRT,302.52,5.21,N
23.27999,54.25677,338.63,0.43,0.46,2026-08-26,2140,N21,nominal,2.0NRT,303.29,6.07,N
22.87712,55.92238,330.45,0.51,0.41,2026-08-26,2140,N21,nominal,2.0NRT,301.72,5.16,N
22.87305,55.61599,308.14,0.53,0.42,2026-08-26,2140,N21,nominal,2.0NRT,287.59,2.31,N
22.78292,55.81435,313.68,0.52,0.42,2026-08-26,2140,N21,nominal,2.0NRT,301.1,1.72,N
22.40413,56.9879,327.99,0.45,0.39,2026-08-26,2140,N21,nominal,2.0NRT,300.57,3.12,N
22.4431,56.69929,317.68,0.47,0.39,2026-08-26,2140,N21,nominal,2.0NRT,300.23,1.38,N
22.32953,56.48867,312.46,0.48,0.4,2026-08-26,2140,N21,nominal,2.0NRT,299.34,0.92,N
22.32588,56.48815,331.12,0.48,0.4,2026-08-26,2140,N21,nominal,2.0NRT,300.11,3.14,N
22.32828,56.46981,317.62,0.48,0.4,2026-08-26,2140,N21,nominal,2.0NRT,300.41,1.61,N
21.93713,57.0751,329.43,0.44,0.39,2026-08-26,2140,N21,nominal,2.0NRT,299.12,4.48,N
21.83289,56.67896,327.16,0.46,0.39,2026-08-26,2140,N21,nominal,2.0NRT,300.27,1.58,N
21.61486,56.05951,314.23,0.49,0.4,2026-08-26,2140,N21,nominal,2.0NRT,302.14,1.09,N
21.33296,57.72125,312.58,0.42,0.37,2026-08-26,2140,N21,nominal,2.0NRT,296.26,1.79,N
21.31869,57.72302,323,0.42,0.37,2026-08-26,2140,N21,nominal,2.0NRT,296.81,2.52,N
21.31243,57.74239,324.45,0.42,0.37,2026-08-26,2140,N21,nominal,2.0NRT,296.21,2.92,N
21.31186,57.74637,328.62,0.42,0.37,2026-08-26,2140,N21,nominal,2.0NRT,296.46,2.92,N
21.30449,57.79799,316.37,0.41,0.37,2026-08-26,2140,N21,nominal,2.0NRT,296.42,1.54,N
21.33478,56.69843,331.65,0.45,0.39,2026-08-26,2140,N21,nominal,2.0NRT,300.89,13.74,N
21.33121,56.69788,334.13,0.45,0.39,2026-08-26,2140,N21,nominal,2.0NRT,300.94,9.57,N
21.00323,56.53139,331.82,0.46,0.39,2026-08-26,2140,N21,nominal,2.0NRT,300.28,4.72,N
21.00086,56.53276,330.32,0.46,0.39,2026-08-26,2140,N21,nominal,2.0NRT,300.54,3.33,N
20.38698,55.66125,325.57,0.5,0.41,2026-08-26,2140,N21,nominal,2.0NRT,298.79,3.38,N
20.38512,55.64642,318.31,0.5,0.41,2026-08-26,2140,N21,nominal,2.0NRT,298.74,2.29,N
20.21326,55.71171,324.33,0.49,0.4,2026-08-26,2140,N21,nominal,2.0NRT,298.23,1.99,N
20.02336,56.15047,310.14,0.47,0.39,2026-08-26,2140,N21,nominal,2.0NRT,297.22,1.27,N
19.34899,56.45789,306.22,0.45,0.39,2026-08-26,2140,N21,nominal,2.0NRT,296.09,0.83,N
18.56074,55.86633,312.02,0.46,0.39,2026-08-26,2140,N21,nominal,2.0NRT,295.37,1.21,N
18.55652,55.87017,305.62,0.46,0.39,2026-08-26,2140,N21,nominal,2.0NRT,294.51,0.75,N
18.3211,55.1029,329.26,0.5,0.41,2026-08-26,2140,N21,nominal,2.0NRT,299.34,2.89,N
18.32047,55.10763,309.48,0.5,0.41,2026-08-26,2140,N21,nominal,2.0NRT,298.14,2.89,N
18.02051,54.57018,331.73,0.53,0.42,2026-08-26,2140,N21,nominal,2.0NRT,300.79,22.9,N
18.02178,54.57347,333.44,0.53,0.42,2026-08-26,2140,N21,nominal,2.0NRT,300.39,18.02,N
18.01407,54.57239,333.12,0.53,0.42,2026-08-26,2140,N21,nominal,2.0NRT,304.28,15.12,N
39.88454,66.31026,332.67,0.39,0.36,2026-08-26,2133,N21,nominal,2.0NRT,289.66,3.24,N
39.85498,66.1986,309.25,0.39,0.36,2026-08-26,2133,N21,nominal,2.0NRT,291.86,1.36,N
39.17642,68.61029,297.4,0.45,0.39,2026-08-26,2133,N21,nominal,2.0NRT,283.93,1.1,N
39.18809,65.28788,310.18,0.38,0.36,2026-08-26,2133,N21,nominal,2.0NRT,296.42,1.59,N
39.18061,65.3134,311.32,0.38,0.36,2026-08-26,2133,N21,nominal,2.0NRT,292.51,1.39,N
39.97308,58.93782,305.1,0.57,0.43,2026-08-26,2133,N21,nominal,2.0NRT,292.3,1.28,N
39.43424,62.99265,314.1,0.4,0.37,2026-08-26,2133,N21,nominal,2.0NRT,290.45,0.66,N
38.32554,68.98598,305.39,0.48,0.4,2026-08-26,2133,N21,nominal,2.0NRT,295.23,1.59,N
39.30606,62.97305,306.42,0.4,0.37,2026-08-26,2133,N21,nominal,2.0NRT,292.75,0.94,N
39.28168,63.0484,315.86,0.4,0.37,2026-08-26,2133,N21,nominal,2.0NRT,292.02,1.71,N
39.2511,63.21647,308.02,0.4,0.37,2026-08-26,2133,N21,nominal,2.0NRT,291.41,0.66,N
39.24841,63.21112,311.81,0.4,0.37,2026-08-26,2133,N21,nominal,2.0NRT,292.51,1.16,N
39.25024,63.17379,303.74,0.4,0.37,2026-08-26,2133,N21,nominal,2.0NRT,292.14,0.57,N
39.78239,58.49327,303.25,0.4,0.44,2026-08-26,2133,N21,nominal,2.0NRT,291.98,0.46,N
39.20465,63.25274,302.23,0.4,0.37,2026-08-26,2133,N21,nominal,2.0NRT,291.86,0.5,N
39.19349,63.28304,302.89,0.4,0.37,2026-08-26,2133,N21,nominal,2.0NRT,291.43,0.63,N
39.18448,63.34663,304.53,0.4,0.37,2026-08-26,2133,N21,nominal,2.0NRT,291.03,0.74,N
39.18051,63.35039,304.23,0.39,0.37,2026-08-26,2133,N21,nominal,2.0NRT,292.06,0.84,N
39.15713,63.46639,300.91,0.39,0.36,2026-08-26,2133,N21,nominal,2.0NRT,290.06,0.73,N
39.17118,63.34352,300.72,0.4,0.37,2026-08-26,2133,N21,nominal,2.0NRT,290.31,0.5,N
39.16769,63.25507,332.07,0.4,0.37,2026-08-26,2133,N21,nominal,2.0NRT,295.4,1.48,N
39.16704,63.25962,304.11,0.4,0.37,2026-08-26,2133,N21,nominal,2.0NRT,292.25,1.48,N
39.16371,63.25885,303.65,0.4,0.37,2026-08-26,2133,N21,nominal,2.0NRT,291.88,1.48,N
39.15527,63.31787,313.67,0.4,0.37,2026-08-26,2133,N21,nominal,2.0NRT,292.03,1.74,N
39.12598,63.30634,307.64,0.4,0.37,2026-08-26,2133,N21,nominal,2.0NRT,291.02,0.97,N
38.70289,66.01538,300.04,0.39,0.36,2026-08-26,2133,N21,nominal,2.0NRT,289.92,0.2,N
39.1148,63.33649,310.1,0.39,0.37,2026-08-26,2133,N21,nominal,2.0NRT,292.12,1.22,N
39.10575,63.39979,306.32,0.39,0.36,2026-08-26,2133,N21,nominal,2.0NRT,289.61,0.68,N
39.08745,63.47937,302.86,0.39,0.36,2026-08-26,2133,N21,nominal,2.0NRT,289.82,0.66,N
39.08551,63.49287,303.36,0.39,0.36,2026-08-26,2133,N21,nominal,2.0NRT,290.93,0.82,N
39.0783,63.51906,303.05,0.39,0.36,2026-08-26,2133,N21,nominal,2.0NRT,290.22,0.74,N
38.68356,65.98692,318.9,0.39,0.36,2026-08-26,2133,N21,nominal,2.0NRT,291.61,1.94,N
38.67887,65.9532,302.08,0.39,0.36,2026-08-26,2133,N21,nominal,2.0NRT,291.22,1.25,N
39.06654,63.38593,303.79,0.39,0.36,2026-08-26,2133,N21,nominal,2.0NRT,291.38,0.91,N
39.05484,63.44376,315.14,0.39,0.36,2026-08-26,2133,N21,nominal,2.0NRT,291.1,1.68,N
39.01731,63.7037,313.94,0.39,0.36,2026-08-26,2133,N21,nominal,2.0NRT,293.41,1.43,N
39.00462,63.53634,309.82,0.39,0.36,2026-08-26,2133,N21,nominal,2.0NRT,289.04,1.16,N
38.98687,63.58772,313.36,0.39,0.36,2026-08-26,2133,N21,nominal,2.0NRT,293.47,1.12,N
38.97379,63.65393,308.19,0.39,0.36,2026-08-26,2133,N21,nominal,2.0NRT,292.78,0.95,N
38.96462,63.69328,309.38,0.39,0.36,2026-08-26,2133,N21,nominal,2.0NRT,291.88,1.19,N
38.95547,63.7556,307.53,0.39,0.36,2026-08-26,2133,N21,nominal,2.0NRT,294.09,0.53,N
38.97234,63.59352,305.51,0.39,0.36,2026-08-26,2133,N21,nominal,2.0NRT,293.03,0.41,N
38.96844,63.62032,305.69,0.39,0.36,2026-08-26,2133,N21,nominal,2.0NRT,292.33,0.96,N
38.9733,63.46864,314.08,0.39,0.36,2026-08-26,2133,N21,nominal,2.0NRT,293.9,1.65,N
38.54949,65.94802,307.13,0.39,0.36,2026-08-26,2133,N21,nominal,2.0NRT,292.36,1.3,N
38.83671,63.82116,308.95,0.39,0.36,2026-08-26,2133,N21,nominal,2.0NRT,291.65,0.64,N
38.78542,63.9141,308.18,0.39,0.36,2026-08-26,2133,N21,nominal,2.0NRT,290.65,0.77,N
38.77281,63.81496,304.57,0.39,0.36,2026-08-26,2133,N21,nominal,2.0NRT,293.36,0.83,N
38.4536,65.80576,308.92,0.39,0.36,2026-08-26,2133,N21,nominal,2.0NRT,291.78,1,N
38.35068,66.31589,302.97,0.4,0.37,2026-08-26,2133,N21,nominal,2.0NRT,291.78,0.8,N
38.65313,63.97908,315.28,0.39,0.36,2026-08-26,2133,N21,nominal,2.0NRT,291.39,1.58,N
38.05032,67.26374,339.67,0.42,0.38,2026-08-26,2133,N21,nominal,2.0NRT,294.5,9.27,N
39.51085,54.32813,314.51,0.32,0.55,2026-08-26,2133,N21,nominal,2.0NRT,299.41,1.29,N
38.40325,64.41132,299.49,0.38,0.36,2026-08-26,2133,N21,nominal,2.0NRT,288.31,0.66,N
38.28523,64.37964,305.13,0.38,0.36,2026-08-26,2133,N21,nominal,2.0NRT,290.93,0.81,N
38.12996,64.67533,316.73,0.38,0.36,2026-08-26,2133,N21,nominal,2.0NRT,292.12,1.59,N
38.06308,65.09544,304.8,0.39,0.36,2026-08-26,2133,N21,nominal,2.0NRT,291.15,0.85,N
38.11728,64.71265,306.83,0.38,0.36,2026-08-26,2133,N21,nominal,2.0NRT,290.97,0.93,N
38.05222,64.90524,317.99,0.38,0.36,2026-08-26,2133,N21,nominal,2.0NRT,293.22,1.2,N
37.92959,65.6396,312.5,0.39,0.36,2026-08-26,2133,N21,nominal,2.0NRT,292.1,1.22,N
37.96479,65.00457,302.47,0.39,0.36,2026-08-26,2133,N21,nominal,2.0NRT,291.06,0.64,N
37.88668,65.08572,310.77,0.39,0.36,2026-08-26,2133,N21,nominal,2.0NRT,291.62,0.69,N
37.83123,65.17524,302.74,0.39,0.36,2026-08-26,2133,N21,nominal,2.0NRT,290.66,0.97,N
37.76555,65.42991,303.63,0.39,0.36,2026-08-26,2133,N21,nominal,2.0NRT,292.3,0.69,N
37.80148,65.19015,311.02,0.39,0.36,2026-08-26,2133,N21,nominal,2.0NRT,291.21,1.11,N
37.76462,65.35252,301.59,0.39,0.36,2026-08-26,2133,N21,nominal,2.0NRT,291.39,0.43,N
37.73348,65.50018,302.31,0.39,0.36,2026-08-26,2133,N21,nominal,2.0NRT,291.57,0.56,N
37.74694,65.20899,301.13,0.39,0.36,2026-08-26,2133,N21,nominal,2.0NRT,290.2,0.6,N
37.66286,65.28413,307.96,0.39,0.36,2026-08-26,2133,N21,nominal,2.0NRT,290.93,1.01,N
38.85156,54.2312,319.14,0.32,0.55,2026-08-26,2133,N21,nominal,2.0NRT,295.97,0.9,N
37.96105,62.66657,305.44,0.4,0.37,2026-08-26,2133,N21,nominal,2.0NRT,293.37,0.88,N
37.99039,61.88207,310.25,0.42,0.37,2026-08-26,2133,N21,nominal,2.0NRT,292.4,1.75,N
38.68008,54.31364,321.79,0.32,0.55,2026-08-26,2133,N21,nominal,2.0NRT,295.62,1.65,N
38.67984,54.31733,308.78,0.32,0.55,2026-08-26,2133,N21,nominal,2.0NRT,295.48,1.25,N
38.64685,54.28039,338.1,0.32,0.55,2026-08-26,2133,N21,nominal,2.0NRT,297.26,2.75,N
37.79784,62.55024,328.88,0.4,0.37,2026-08-26,2133,N21,nominal,2.0NRT,293.55,3.65,N
37.78903,62.53897,322.81,0.4,0.37,2026-08-26,2133,N21,nominal,2.0NRT,291.55,1.88,N
37.78631,62.53371,300.81,0.4,0.37,2026-08-26,2133,N21,nominal,2.0NRT,289.8,1.1,N
37.78568,62.53823,304.74,0.4,0.37,2026-08-26,2133,N21,nominal,2.0NRT,289.91,0.89,N
37.78421,62.52392,305.08,0.4,0.37,2026-08-26,2133,N21,nominal,2.0NRT,290.41,0.75,N
38.25464,58.38822,311.58,0.38,0.44,2026-08-26,2133,N21,nominal,2.0NRT,296.68,1.82,N
38.25659,58.39065,314.64,0.38,0.44,2026-08-26,2133,N21,nominal,2.0NRT,298.24,2.13,N
37.84578,61.60221,304.15,0.42,0.38,2026-08-26,2133,N21,nominal,2.0NRT,291.57,0.56,N
37.77546,62.10033,304.66,0.41,0.37,2026-08-26,2133,N21,nominal,2.0NRT,291.41,0.66,N
37.77812,62.02929,302.09,0.41,0.37,2026-08-26,2133,N21,nominal,2.0NRT,290.74,0.57,N
38.26395,57.65828,309.51,0.42,0.45,2026-08-26,2133,N21,nominal,2.0NRT,298.22,2.84,N
37.74329,62.1315,321.31,0.41,0.37,2026-08-26,2133,N21,nominal,2.0NRT,292.13,2.09,N
38.25054,57.66641,310.37,0.42,0.45,2026-08-26,2133,N21,nominal,2.0NRT,297.04,1.82,N
38.21953,57.98841,314.39,0.4,0.44,2026-08-26,2133,N21,nominal,2.0NRT,294.58,1.64,N
37.74064,62.07383,314.96,0.41,0.37,2026-08-26,2133,N21,nominal,2.0NRT,291.28,1.34,N
38.19616,58.10053,307.07,0.4,0.44,2026-08-26,2133,N21,nominal,2.0NRT,292.92,1.25,N
37.72733,62.0948,327.28,0.41,0.37,2026-08-26,2133,N21,nominal,2.0NRT,293.2,2.96,N
37.79555,61.49813,305.62,0.43,0.38,2026-08-26,2133,N21,nominal,2.0NRT,293.15,0.77,N
37.74891,61.85487,302.54,0.42,0.37,2026-08-26,2133,N21,nominal,2.0NRT,290.58,0.63,N
37.74736,61.84006,313.1,0.42,0.37,2026-08-26,2133,N21,nominal,2.0NRT,293.51,1.96,N
38.14899,58.393,307.32,0.38,0.43,2026-08-26,2133,N21,nominal,2.0NRT,294.28,1.27,N
37.66915,62.2362,322.82,0.41,0.37,2026-08-26,2133,N21,nominal,2.0NRT,292.92,2.34,N
37.66176,62.23932,309.35,0.41,0.37,2026-08-26,2133,N21,nominal,2.0NRT,291.25,1,N
37.65438,62.24244,301.53,0.41,0.37,2026-08-26,2133,N21,nominal,2.0NRT,288.91,0.81,N
37.70318,61.78009,301.32,0.42,0.38,2026-08-26,2133,N21,nominal,2.0NRT,290.6,0.59,N
37.63852,62.20601,317.6,0.41,0.37,2026-08-26,2133,N21,nominal,2.0NRT,291.43,1.81,N
37.62712,62.213,318,0.41,0.37,2026-08-26,2133,N21,nominal,2.0NRT,293.3,2.31,N
37.6265,62.21757,300.35,0.41,0.37,2026-08-26,2133,N21,nominal,2.0NRT,289.67,0.65,N
37.62601,62.17027,319.86,0.41,0.37,2026-08-26,2133,N21,nominal,2.0NRT,292.4,2.54,N
37.65488,61.90491,322.68,0.41,0.37,2026-08-26,2133,N21,nominal,2.0NRT,293.97,1.98,N
37.62487,62.12743,314.29,0.41,0.37,2026-08-26,2133,N21,nominal,2.0NRT,291.2,1.75,N
37.61961,62.14051,326.81,0.41,0.37,2026-08-26,2133,N21,nominal,2.0NRT,294.59,3.12,N
37.62024,62.13591,304.01,0.41,0.37,2026-08-26,2133,N21,nominal,2.0NRT,291.78,1.26,N
38.05728,58.1645,305.48,0.39,0.44,2026-08-26,2133,N21,nominal,2.0NRT,295.27,1.29,N
37.63042,61.72309,305.53,0.42,0.38,2026-08-26,2133,N21,nominal,2.0NRT,291.39,0.89,N
37.60426,61.70795,300.51,0.42,0.38,2026-08-26,2133,N21,nominal,2.0NRT,289.56,0.4,N
37.61058,61.6071,330.19,0.42,0.38,2026-08-26,2133,N21,nominal,2.0NRT,294.69,3.75,N
37.61498,61.57379,306.2,0.42,0.38,2026-08-26,2133,N21,nominal,2.0NRT,291.46,0.97,N
37.61435,61.57855,304.91,0.42,0.38,2026-08-26,2133,N21,nominal,2.0NRT,292.96,0.97,N
37.61246,61.59283,311.81,0.42,0.38,2026-08-26,2133,N21,nominal,2.0NRT,292.86,1.41,N
37.60714,61.60638,323.81,0.42,0.38,2026-08-26,2133,N21,nominal,2.0NRT,294.3,2.74,N
37.60809,61.57236,303.49,0.42,0.38,2026-08-26,2133,N21,nominal,2.0NRT,292.52,1.52,N
37.60746,61.57713,308.56,0.42,0.38,2026-08-26,2133,N21,nominal,2.0NRT,293.81,1.52,N
37.55644,61.93375,308.57,0.41,0.37,2026-08-26,2133,N21,nominal,2.0NRT,292.32,1.1,N
37.57055,61.8024,304.4,0.42,0.37,2026-08-26,2133,N21,nominal,2.0NRT,293.32,1.17,N
37.59557,61.55999,312.2,0.42,0.38,2026-08-26,2133,N21,nominal,2.0NRT,293.04,1.37,N
37.59649,61.52588,320.33,0.42,0.38,2026-08-26,2133,N21,nominal,2.0NRT,292.28,2.06,N
37.59242,61.52995,323.69,0.42,0.38,2026-08-26,2133,N21,nominal,2.0NRT,293.29,2.75,N
37.59304,61.52517,308.94,0.42,0.38,2026-08-26,2133,N21,nominal,2.0NRT,292.91,2.06,N
37.58868,61.55857,307.9,0.42,0.38,2026-08-26,2133,N21,nominal,2.0NRT,292.81,1.04,N
37.58461,61.56262,320.34,0.42,0.38,2026-08-26,2133,N21,nominal,2.0NRT,293.93,1.77,N
37.58773,61.53878,301.9,0.42,0.38,2026-08-26,2133,N21,nominal,2.0NRT,291.56,0.45,N
37.58179,61.55715,306.19,0.42,0.38,2026-08-26,2133,N21,nominal,2.0NRT,291.98,1.77,N
37.58117,61.56191,316.93,0.42,0.38,2026-08-26,2133,N21,nominal,2.0NRT,292.72,1.77,N
37.50026,61.98625,302.81,0.41,0.37,2026-08-26,2133,N21,nominal,2.0NRT,290.93,1.48,N
37.47949,62.01033,307.05,0.41,0.37,2026-08-26,2133,N21,nominal,2.0NRT,291.81,0.96,N
37.49818,61.84737,334.15,0.41,0.37,2026-08-26,2133,N21,nominal,2.0NRT,296.09,4.05,N
37.42434,62.30912,317.68,0.4,0.37,2026-08-26,2133,N21,nominal,2.0NRT,290.21,1.83,N
37.44632,62.07434,304.29,0.41,0.37,2026-08-26,2133,N21,nominal,2.0NRT,290.29,1,N
37.40352,62.30927,305.04,0.4,0.37,2026-08-26,2133,N21,nominal,2.0NRT,290.46,1.21,N
37.39554,62.31686,310.47,0.4,0.37,2026-08-26,2133,N21,nominal,2.0NRT,291.53,1.26,N
37.63358,60.33739,316.39,0.47,0.39,2026-08-26,2133,N21,nominal,2.0NRT,292.37,1.78,N
37.62099,60.44209,302.86,0.46,0.39,2026-08-26,2133,N21,nominal,2.0NRT,291.26,0.95,N
37.8275,58.38451,305.6,0.57,0.43,2026-08-26,2133,N21,nominal,2.0NRT,293.03,1.01,N
37.51018,61.01579,312.7,0.44,0.38,2026-08-26,2133,N21,nominal,2.0NRT,294.19,1.61,N
37.5019,61.02427,310.62,0.44,0.38,2026-08-26,2133,N21,nominal,2.0NRT,293.65,1.37,N
37.48899,60.45761,303.03,0.46,0.39,2026-08-26,2133,N21,nominal,2.0NRT,289.08,0.91,N
37.4871,60.45981,304.77,0.46,0.39,2026-08-26,2133,N21,nominal,2.0NRT,290.61,0.87,N
37.2187,62.39805,300.94,0.4,0.37,2026-08-26,2133,N21,nominal,2.0NRT,289.22,0.62,N
37.3458,61.36398,307.82,0.43,0.38,2026-08-26,2133,N21,nominal,2.0NRT,291.28,1.9,N
37.32692,61.09726,301.64,0.44,0.38,2026-08-26,2133,N21,nominal,2.0NRT,291.22,0.7,N
37.30636,61.11816,306.37,0.43,0.38,2026-08-26,2133,N21,nominal,2.0NRT,290.77,0.89,N
37.11869,62.36021,313.19,0.4,0.37,2026-08-26,2133,N21,nominal,2.0NRT,293,2.78,N
37.11806,62.36469,317.04,0.4,0.37,2026-08-26,2133,N21,nominal,2.0NRT,293.49,2.78,N
37.1147,62.36396,329.4,0.4,0.37,2026-08-26,2133,N21,nominal,2.0NRT,294.41,2.78,N
37.03492,62.41576,309.27,0.4,0.37,2026-08-26,2133,N21,nominal,2.0NRT,292.75,2.32,N
37.03156,62.41504,323.68,0.4,0.37,2026-08-26,2133,N21,nominal,2.0NRT,293.58,2.32,N
37.03094,62.41949,316.23,0.4,0.37,2026-08-26,2133,N21,nominal,2.0NRT,295.57,2.32,N
37.17921,60.86748,301.45,0.44,0.38,2026-08-26,2133,N21,nominal,2.0NRT,290.53,0.96,N
37.21722,60.01947,305.46,0.48,0.4,2026-08-26,2133,N21,nominal,2.0NRT,291.21,1.37,N
37.21659,60.0248,305.91,0.47,0.4,2026-08-26,2133,N21,nominal,2.0NRT,291.79,1.37,N
37.21678,60.02242,320.74,0.47,0.4,2026-08-26,2133,N21,nominal,2.0NRT,293.74,2.34,N
37.45409,57.68726,308.02,0.41,0.45,2026-08-26,2133,N21,nominal,2.0NRT,291.38,1.79,N
36.47832,61.6215,303.89,0.41,0.37,2026-08-26,2133,N21,nominal,2.0NRT,290.97,2.36,N
36.99128,56.23092,301.79,0.48,0.48,2026-08-26,2136,N21,nominal,2.0NRT,290.67,0.72,N
36.43724,61.21989,317.46,0.42,0.38,2026-08-26,2136,N21,nominal,2.0NRT,294.43,1.73,N
36.47602,59.74242,301.2,0.48,0.4,2026-08-26,2136,N21,nominal,2.0NRT,291.15,1.2,N
36.94496,54.88958,316.24,0.57,0.52,2026-08-26,2136,N21,nominal,2.0NRT,295.23,3.39,N
35.98957,62.78284,302.26,0.39,0.36,2026-08-26,2136,N21,nominal,2.0NRT,290.47,0.6,N
35.90821,62.96531,308.36,0.39,0.36,2026-08-26,2136,N21,nominal,2.0NRT,291.17,1.06,N
36.27102,59.6515,304.73,0.48,0.4,2026-08-26,2136,N21,nominal,2.0NRT,292.39,0.58,N
36.29608,54.78453,305.07,0.57,0.52,2026-08-26,2136,N21,nominal,2.0NRT,293.53,1.35,N
35.86159,58.00107,304.02,0.57,0.43,2026-08-26,2136,N21,nominal,2.0NRT,288.34,1.59,N
35.36647,59.30467,308.1,0.49,0.4,2026-08-26,2136,N21,nominal,2.0NRT,290.25,1.33,N
33.29576,71.18638,306.65,0.51,0.49,2026-08-26,2136,N21,nominal,2.0NRT,294.65,0.89,N
33.26831,71.30979,317.41,0.52,0.5,2026-08-26,2136,N21,nominal,2.0NRT,294.17,2.78,N
32.64144,72.97498,307.93,0.33,0.55,2026-08-26,2136,N21,nominal,2.0NRT,297.02,2.24,N
32.89046,71.61523,310.27,0.55,0.51,2026-08-26,2136,N21,nominal,2.0NRT,296.47,4.03,N
32.88595,71.61364,308.23,0.55,0.51,2026-08-26,2136,N21,nominal,2.0NRT,296.32,4.03,N
32.8864,71.6179,315.16,0.55,0.51,2026-08-26,2136,N21,nominal,2.0NRT,296.44,6.02,N
32.0878,74.16367,312.41,0.4,0.6,2026-08-26,2136,N21,nominal,2.0NRT,295.24,1.32,N
32.65414,70.47597,308.38,0.48,0.48,2026-08-26,2136,N21,nominal,2.0NRT,297.49,1.1,N
38.85165,54.23075,308.89,0.52,0.67,2026-08-26,2314,N21,nominal,2.0NRT,293.22,0.72,N
38.68102,54.31556,320.01,0.53,0.67,2026-08-26,2314,N21,nominal,2.0NRT,294.03,1.96,N
38.68035,54.31654,319.4,0.53,0.67,2026-08-26,2316,N21,nominal,2.0NRT,293.75,2.38,N
38.65068,54.28207,327.24,0.53,0.67,2026-08-26,2316,N21,nominal,2.0NRT,293.98,2.62,N
38.64489,54.2792,305.35,0.53,0.67,2026-08-26,2316,N21,nominal,2.0NRT,293.73,2.62,N
32.33126,54.08389,299.67,0.78,0.78,2026-08-26,2316,N21,nominal,2.0NRT,288.3,2.04,N
32.33281,54.08548,302.67,0.78,0.78,2026-08-26,2316,N21,nominal,2.0NRT,288.61,1.84,N
26.577,101.66796,325.57,0.54,0.68,2026-08-27,0529,N21,nominal,2.0NRT,293.57,6.53,D
26.5774,101.66576,328.69,0.54,0.68,2026-08-27,0529,N21,nominal,2.0NRT,293.08,5.22,D
8.32946,99.42499,336.07,0.45,0.47,2026-08-27,0705,N21,nominal,2.0NRT,293.69,2.89,D
9.48785,99.02424,340.19,0.44,0.46,2026-08-27,0705,N21,nominal,2.0NRT,293.04,6.95,D
9.48854,99.02549,345.83,0.44,0.46,2026-08-27,0705,N21,nominal,2.0NRT,292.27,7.49,D
7.91234,81.45569,335.18,0.6,0.71,2026-08-27,0705,N21,nominal,2.0NRT,288.01,12.52,D
7.78368,80.71448,330.27,0.68,0.74,2026-08-27,0705,N21,nominal,2.0NRT,289.47,5.28,D
8.49462,80.63084,347.48,0.67,0.73,2026-08-27,0705,N21,nominal,2.0NRT,287.33,16.57,D
9.41347,80.41784,328.41,0.66,0.73,2026-08-27,0707,N21,nominal,2.0NRT,288.67,3.85,D
14.06227,100.95735,337.02,0.34,0.56,2026-08-27,0707,N21,nominal,2.0NRT,288.56,3.31,D
14.06668,100.95042,331.11,0.34,0.56,2026-08-27,0707,N21,nominal,2.0NRT,289.04,3.11,D
14.19448,100.77528,332.9,0.33,0.56,2026-08-27,0707,N21,nominal,2.0NRT,290.05,3.12,D
14.17589,100.4949,339.24,0.32,0.54,2026-08-27,0707,N21,nominal,2.0NRT,288.42,4.3,D
14.27472,100.51037,334.94,0.32,0.55,2026-08-27,0707,N21,nominal,2.0NRT,288.13,2.82,D
14.31013,100.71883,332.05,0.33,0.55,2026-08-27,0707,N21,nominal,2.0NRT,287.26,3.59,D
14.41167,100.37055,330.5,0.63,0.54,2026-08-27,0707,N21,nominal,2.0NRT,288.74,9.44,D
14.46186,100.67015,346.38,0.33,0.55,2026-08-27,0707,N21,nominal,2.0NRT,285.82,5.56,D
14.55251,100.61689,348.21,0.33,0.55,2026-08-27,0707,N21,nominal,2.0NRT,286.76,5.83,D
14.56846,100.57806,334.52,0.33,0.55,2026-08-27,0707,N21,nominal,2.0NRT,286.03,2.87,D
14.52349,100.19703,338.83,0.62,0.54,2026-08-27,0707,N21,nominal,2.0NRT,286.12,9,D
14.69843,100.38638,330.8,0.32,0.54,2026-08-27,0707,N21,nominal,2.0NRT,288.97,2.45,D
14.71373,100.38744,343.84,0.32,0.54,2026-08-27,0707,N21,nominal,2.0NRT,287.98,5.77,D
14.71338,100.3845,341.19,0.32,0.54,2026-08-27,0707,N21,nominal,2.0NRT,287.97,5.87,D
14.75561,100.69027,343.05,0.33,0.56,2026-08-27,0707,N21,nominal,2.0NRT,288.51,6.65,D
14.70938,100.38604,349.73,0.32,0.54,2026-08-27,0707,N21,nominal,2.0NRT,287.79,4.72,D
14.71436,100.3854,332.55,0.32,0.54,2026-08-27,0707,N21,nominal,2.0NRT,287.65,4.72,D
14.75906,100.68813,332.86,0.33,0.56,2026-08-27,0707,N21,nominal,2.0NRT,288.47,4.45,D
14.74098,100.3969,338.12,0.32,0.55,2026-08-27,0707,N21,nominal,2.0NRT,289.34,5.87,D
14.88793,100.52194,342.68,0.33,0.55,2026-08-27,0707,N21,nominal,2.0NRT,286.63,4.19,D
15.03932,100.07191,339.51,0.61,0.54,2026-08-27,0707,N21,nominal,2.0NRT,283.81,11.92,D
15.08179,100.1358,339.58,0.62,0.54,2026-08-27,0707,N21,nominal,2.0NRT,284.69,9.67,D
15.1289,100.19408,339.69,0.63,0.54,2026-08-27,0707,N21,nominal,2.0NRT,284.73,9.37,D
15.43418,100.57459,335.89,0.34,0.56,2026-08-27,0707,N21,nominal,2.0NRT,283.64,5.6,D
15.76928,100.20821,338.94,0.32,0.55,2026-08-27,0707,N21,nominal,2.0NRT,280.28,4.96,D
15.99674,100.23832,332.26,0.32,0.55,2026-08-27,0707,N21,nominal,2.0NRT,280.77,3.01,D
16.01316,100.24849,329.09,0.32,0.55,2026-08-27,0707,N21,nominal,2.0NRT,282.19,2.22,D
16.07327,100.15295,336.01,0.32,0.55,2026-08-27,0707,N21,nominal,2.0NRT,283.55,3.89,D
16.07755,100.14637,332.4,0.32,0.55,2026-08-27,0707,N21,nominal,2.0NRT,281.71,2.39,D
16.07124,100.0087,340.14,0.63,0.54,2026-08-27,0707,N21,nominal,2.0NRT,286.48,12.85,D
16.07397,100.15434,331.44,0.32,0.55,2026-08-27,0707,N21,nominal,2.0NRT,282.8,2.75,D
16.07266,100.00679,336.61,0.63,0.54,2026-08-27,0707,N21,nominal,2.0NRT,286.3,8.29,D
16.17795,100.09021,336.2,0.32,0.54,2026-08-27,0707,N21,nominal,2.0NRT,282.67,3.89,D
16.17889,100.08944,341.49,0.32,0.54,2026-08-27,0707,N21,nominal,2.0NRT,282.57,2.97,D
16.21919,100.17805,340.55,0.32,0.55,2026-08-27,0707,N21,nominal,2.0NRT,286.44,3.46,D
16.20196,100.02532,339.36,0.63,0.54,2026-08-27,0707,N21,nominal,2.0NRT,284.81,10.15,D
16.24083,100.27969,336.18,0.33,0.55,2026-08-27,0707,N21,nominal,2.0NRT,285.37,6.28,D
16.24165,100.19664,349.55,0.32,0.55,2026-08-27,0707,N21,nominal,2.0NRT,286.91,4.73,D
16.26892,100.08115,328.42,0.32,0.54,2026-08-27,0707,N21,nominal,2.0NRT,285.97,3.83,D
16.49066,100.371,335.1,0.34,0.56,2026-08-27,0707,N21,nominal,2.0NRT,285.67,3.28,D
16.55723,100.33438,337.96,0.33,0.56,2026-08-27,0707,N21,nominal,2.0NRT,282.63,3.21,D
17.20096,99.98772,330.3,0.32,0.55,2026-08-27,0707,N21,nominal,2.0NRT,284.78,2.07,D
20.79259,85.25351,339.62,0.39,0.44,2026-08-27,0709,N21,nominal,2.0NRT,293.3,11.26,D
20.96261,85.16816,330.87,0.39,0.44,2026-08-27,0709,N21,nominal,2.0NRT,293.93,5.52,D
20.96798,85.17476,339.3,0.39,0.44,2026-08-27,0709,N21,nominal,2.0NRT,293.99,9.02,D
24.00296,90.30739,337.7,0.39,0.36,2026-08-27,0709,N21,nominal,2.0NRT,295.62,4.75,D
26.57648,101.66586,367,0.54,0.67,2026-08-27,0709,N21,high,2.0NRT,298.02,24.5,D
27.50346,91.71323,333.87,0.44,0.38,2026-08-27,0712,N21,nominal,2.0NRT,299.61,6.5,D
28.49938,97.02313,329.39,0.57,0.52,2026-08-27,0712,N21,nominal,2.0NRT,292.32,7.68,D
28.90467,89.59788,342.21,0.39,0.36,2026-08-27,0712,N21,nominal,2.0NRT,301.93,5.7,D
34.31184,76.76282,367,0.33,0.55,2026-08-27,0714,N21,high,2.0NRT,307.05,11.73,D
5.54745,95.4981,334.65,0.4,0.37,2026-08-27,0705,N21,low,2.0NRT,304.72,3.99,D
5.60076,95.44295,330.69,0.4,0.37,2026-08-27,0705,N21,low,2.0NRT,302.75,3.51,D
6.7104,100.92073,342.29,0.54,0.5,2026-08-27,0705,N21,nominal,2.0NRT,294.04,17.11,D
9.39247,80.4873,330.79,0.64,0.72,2026-08-27,0848,N21,nominal,2.0NRT,290.24,11,D
9.08281,77.96626,331.57,0.43,0.62,2026-08-27,0848,N21,nominal,2.0NRT,294.28,3.55,D
9.20358,77.94232,343.32,0.43,0.62,2026-08-27,0848,N21,nominal,2.0NRT,296.38,4.47,D
9.18647,77.63859,330.03,0.41,0.6,2026-08-27,0848,N21,nominal,2.0NRT,292.53,0.83,D
10.87824,77.60252,332.96,0.43,0.62,2026-08-27,0848,N21,nominal,2.0NRT,294.52,1.69,D
9.20698,77.93936,332,0.43,0.62,2026-08-27,0848,N21,nominal,2.0NRT,296.61,9.27,D
9.18691,77.63944,331.4,0.41,0.6,2026-08-27,0848,N21,nominal,2.0NRT,291.35,1.26,D
10.97389,77.72894,330.9,0.44,0.62,2026-08-27,0848,N21,nominal,2.0NRT,295.82,4.69,D
9.38556,77.56399,330.37,0.4,0.6,2026-08-27,0848,N21,nominal,2.0NRT,292.71,4.92,D
18.02347,54.57364,338.68,0.49,0.65,2026-08-27,0850,N21,low,2.0NRT,309.17,7.75,D
9.91148,78.28306,333.73,0.46,0.64,2026-08-27,0848,N21,nominal,2.0NRT,291.88,3.22,D
18.02251,54.56922,345.06,0.49,0.65,2026-08-27,0850,N21,nominal,2.0NRT,309.01,8.4,D
10.05289,77.95028,355.42,0.44,0.62,2026-08-27,0848,N21,nominal,2.0NRT,292.05,11.04,D
18.32067,55.10612,354.01,0.44,0.62,2026-08-27,0850,N21,nominal,2.0NRT,317.44,6.57,D
19.33421,56.4704,340.21,0.34,0.56,2026-08-27,0852,N21,low,2.0NRT,311.72,0.88,D
19.26954,56.1734,339.93,0.36,0.57,2026-08-27,0852,N21,low,2.0NRT,312.89,0.54,D
20.378,55.93589,346.08,0.35,0.57,2026-08-27,0852,N21,nominal,2.0NRT,311.75,2.67,D
20.37731,55.93261,352.58,0.35,0.57,2026-08-27,0852,N21,nominal,2.0NRT,311.9,2.67,D
21.00186,56.533,346.5,0.63,0.54,2026-08-27,0852,N21,nominal,2.0NRT,316.25,7.85,D
29.98781,55.85578,344.61,0.46,0.47,2026-08-27,0854,N21,nominal,2.0NRT,315.19,5.59,D
21.00353,56.53027,350.11,0.63,0.54,2026-08-27,0852,N21,nominal,2.0NRT,315.73,3.88,D
21.31091,57.74761,346.06,0.52,0.5,2026-08-27,0852,N21,low,2.0NRT,318.14,2.96,D
21.31444,57.74175,345.62,0.52,0.5,2026-08-27,0852,N21,low,2.0NRT,318.88,5.36,D
21.33342,56.69862,348.7,0.6,0.53,2026-08-27,0852,N21,nominal,2.0NRT,318.63,13.49,D
21.93794,57.07419,346.02,0.56,0.51,2026-08-27,0852,N21,low,2.0NRT,316.45,4.63,D
22.40619,56.99071,345,0.55,0.51,2026-08-27,0852,N21,low,2.0NRT,316.29,2.44,D
22.32653,56.49228,345,0.59,0.53,2026-08-27,0852,N21,low,2.0NRT,316.29,3.95,D
22.34451,56.43492,346.21,0.6,0.53,2026-08-27,0852,N21,low,2.0NRT,316.99,4.13,D
22.4431,56.69726,345.69,0.57,0.52,2026-08-27,0852,N21,low,2.0NRT,317.57,25.47,D
22.44064,56.70044,348.43,0.57,0.52,2026-08-27,0852,N21,nominal,2.0NRT,317.44,27.5,D
22.87933,55.92197,345.97,0.63,0.54,2026-08-27,0852,N21,nominal,2.0NRT,314.56,3.81,D
22.92805,55.80475,367,0.32,0.55,2026-08-27,0852,N21,high,2.0NRT,315.14,4.79,D
22.92739,55.80171,346.98,0.32,0.55,2026-08-27,0852,N21,nominal,2.0NRT,314.81,4.02,D
23.19252,55.45801,355.02,0.33,0.55,2026-08-27,0852,N21,nominal,2.0NRT,318.07,4.89,D
23.2777,54.25964,349.4,0.39,0.6,2026-08-27,0852,N21,nominal,2.0NRT,318.58,1.71,D
26.63483,70.38657,342.14,0.45,0.47,2026-08-27,0852,N21,nominal,2.0NRT,303.32,4.72,D
24.50392,56.61025,338.84,0.53,0.5,2026-08-27,0852,N21,low,2.0NRT,312.42,23.95,D
24.50415,56.60817,345.05,0.53,0.5,2026-08-27,0852,N21,nominal,2.0NRT,312.36,21.44,D
24.50767,54.01684,333.26,0.38,0.59,2026-08-27,0852,N21,nominal,2.0NRT,302.49,3.23,D
27.72861,68.73631,342.73,0.57,0.43,2026-08-27,0852,N21,nominal,2.0NRT,309.5,13.07,D
28.45126,67.8728,340.38,0.52,0.41,2026-08-27,0852,N21,low,2.0NRT,312.16,20.03,D
27.16599,56.04946,339.02,0.51,0.49,2026-08-27,0854,N21,low,2.0NRT,312.77,13.37,D
27.17146,56.0533,342.54,0.51,0.49,2026-08-27,0854,N21,nominal,2.0NRT,312.53,16.01,D
27.24106,56.18575,344.78,0.5,0.49,2026-08-27,0854,N21,nominal,2.0NRT,313.32,10.78,D
30.28489,72.09206,367,0.32,0.54,2026-08-27,0854,N21,high,2.0NRT,303.1,27.4,D
30.28462,72.08875,354.77,0.32,0.54,2026-08-27,0854,N21,nominal,2.0NRT,300.05,18.15,D
37.05894,60.93561,348.02,0.38,0.36,2026-08-27,0856,N21,low,2.0NRT,320.94,7.16,D
37.40179,61.92752,347.18,0.39,0.36,2026-08-27,0856,N21,nominal,2.0NRT,317.38,9.04,D
37.43864,62.06996,346.26,0.39,0.36,2026-08-27,0856,N21,nominal,2.0NRT,316.51,5.72,D
37.18907,59.84528,349.14,0.39,0.36,2026-08-27,0856,N21,nominal,2.0NRT,323.57,4.15,D
37.59292,61.52787,349.4,0.39,0.36,2026-08-27,0856,N21,low,2.0NRT,324.18,10.65,D
37.44624,59.86942,344.28,0.39,0.36,2026-08-27,0856,N21,nominal,2.0NRT,316.42,2.42,D
37.4502,59.8729,349.89,0.39,0.36,2026-08-27,0856,N21,nominal,2.0NRT,318.83,7.3,D
38.9652,56.40516,339.26,0.45,0.39,2026-08-27,0856,N21,low,2.0NRT,313.29,12.97,D
38.96424,56.40007,343.26,0.45,0.39,2026-08-27,0856,N21,nominal,2.0NRT,316.07,20.23,D
38.64906,54.28324,348.08,0.56,0.43,2026-08-27,0856,N21,nominal,2.0NRT,315.68,6.31,D
18.01401,54.57386,355.52,0.76,0.77,2026-08-27,1032,N21,nominal,2.0NRT,307.41,19.65,D
18.02106,54.57327,339.85,0.76,0.77,2026-08-27,1032,N21,nominal,2.0NRT,305.15,6.51,D
18.01207,54.57289,349.23,0.76,0.77,2026-08-27,1032,N21,nominal,2.0NRT,306.88,12.64,D
18.01912,54.57227,354.52,0.76,0.77,2026-08-27,1032,N21,nominal,2.0NRT,305.55,12.64,D
22.52776,54.05319,367,0.78,0.78,2026-08-27,1032,N21,high,2.0NRT,313.81,83.61,D
30.75727,56.65863,304.97,0.37,0.58,2026-08-27,2118,N21,nominal,2.0NRT,291.46,2.06,N
30.66507,56.61948,305.3,0.37,0.58,2026-08-27,2118,N21,nominal,2.0NRT,289.26,0.94,N
30.36877,56.12652,310.41,0.39,0.6,2026-08-27,2118,N21,nominal,2.0NRT,290.01,1.45,N
30.32446,55.97273,308.15,0.4,0.6,2026-08-27,2118,N21,nominal,2.0NRT,290.8,0.98,N
30.23481,56.90632,314.3,0.35,0.57,2026-08-27,2118,N21,nominal,2.0NRT,293.36,2.29,N
30.23453,56.90994,313.49,0.35,0.57,2026-08-27,2118,N21,nominal,2.0NRT,293.05,2.29,N
30.23389,56.90662,321.08,0.35,0.57,2026-08-27,2118,N21,nominal,2.0NRT,295.59,2.34,N
30.2336,56.91024,307,0.35,0.57,2026-08-27,2118,N21,nominal,2.0NRT,292.68,2.34,N
28.34937,70.13097,313.03,0.47,0.4,2026-08-27,2118,N21,nominal,2.0NRT,298.19,1.25,N
28.42327,69.70201,320.81,0.45,0.39,2026-08-27,2118,N21,nominal,2.0NRT,298.4,1.92,N
30.08142,55.39691,300.78,0.43,0.62,2026-08-27,2118,N21,nominal,2.0NRT,290.71,2.11,N
29.98776,55.85571,336.31,0.41,0.6,2026-08-27,2118,N21,nominal,2.0NRT,287.12,5.7,N
29.98802,55.85193,308.84,0.41,0.6,2026-08-27,2118,N21,nominal,2.0NRT,286.66,4.78,N
29.92475,56.73188,299.63,0.36,0.57,2026-08-27,2118,N21,nominal,2.0NRT,289.6,1.48,N
29.92476,56.73221,299.76,0.36,0.57,2026-08-27,2118,N21,nominal,2.0NRT,289.37,1.87,N
29.98836,55.85323,335.96,0.41,0.6,2026-08-27,2118,N21,nominal,2.0NRT,288.82,6.72,N
29.98808,55.857,310.97,0.41,0.6,2026-08-27,2118,N21,nominal,2.0NRT,285.64,5.17,N
29.47703,60.80909,301.71,0.4,0.44,2026-08-27,2118,N21,nominal,2.0NRT,290.63,0.64,N
27.2263,60.49004,316.43,0.4,0.44,2026-08-27,2118,N21,nominal,2.0NRT,300.67,3.12,N
27.42411,56.49975,309.85,0.35,0.56,2026-08-27,2121,N21,nominal,2.0NRT,298.9,0.9,N
27.30254,56.30314,312.76,0.36,0.57,2026-08-27,2121,N21,nominal,2.0NRT,299.43,1.15,N
27.14119,57.01923,308.11,0.32,0.55,2026-08-27,2121,N21,nominal,2.0NRT,298.04,1.44,N
27.14127,57.0184,309.59,0.32,0.54,2026-08-27,2121,N21,nominal,2.0NRT,297.96,0.58,N
27.10941,57.03432,311.46,0.32,0.54,2026-08-27,2121,N21,nominal,2.0NRT,298.13,0.8,N
27.17498,56.05788,310.47,0.37,0.58,2026-08-27,2121,N21,nominal,2.0NRT,300.26,2.33,N
27.17027,56.04998,329.81,0.37,0.58,2026-08-27,2121,N21,nominal,2.0NRT,300.67,3.79,N
27.16996,56.05367,337.39,0.37,0.58,2026-08-27,2121,N21,nominal,2.0NRT,301.21,2.33,N
27.16063,56.10097,325.64,0.36,0.58,2026-08-27,2121,N21,nominal,2.0NRT,300.97,3.27,N
27.1438,56.11018,314.56,0.36,0.58,2026-08-27,2121,N21,nominal,2.0NRT,300.36,1.39,N
26.956,55.5414,311.89,0.39,0.6,2026-08-27,2121,N21,nominal,2.0NRT,301.09,1.41,N
26.955,55.54244,315.92,0.39,0.6,2026-08-27,2121,N21,nominal,2.0NRT,301.53,1.14,N
25.97437,56.06935,323.52,0.36,0.57,2026-08-27,2121,N21,nominal,2.0NRT,303.73,2.24,N
25.96387,56.06822,313.58,0.36,0.57,2026-08-27,2121,N21,nominal,2.0NRT,301.95,1.55,N
25.57262,55.9872,315.28,0.36,0.57,2026-08-27,2121,N21,nominal,2.0NRT,302.1,1.49,N
25.30977,56.37183,324.3,0.33,0.56,2026-08-27,2121,N21,nominal,2.0NRT,302.73,1.72,N
22.92664,70.10658,313.67,0.56,0.43,2026-08-27,2121,N21,nominal,2.0NRT,293.11,2.39,N
24.50729,56.60772,317.46,0.63,0.54,2026-08-27,2121,N21,nominal,2.0NRT,302.2,4.73,N
24.5023,56.60715,321.93,0.63,0.54,2026-08-27,2121,N21,nominal,2.0NRT,301.94,4.71,N
24.50287,56.60091,312.97,0.63,0.54,2026-08-27,2121,N21,nominal,2.0NRT,302.42,3.83,N
24.50667,56.60709,329.27,0.63,0.54,2026-08-27,2121,N21,nominal,2.0NRT,302.27,5.39,N
24.50168,56.60653,312.87,0.63,0.54,2026-08-27,2121,N21,nominal,2.0NRT,301.54,5.39,N
24.32527,54.46882,320.59,0.43,0.62,2026-08-27,2121,N21,nominal,2.0NRT,305.01,3.07,N
23.4844,58.2804,316.36,0.48,0.48,2026-08-27,2121,N21,nominal,2.0NRT,304.71,0.9,N
23.48446,58.28176,316.49,0.48,0.48,2026-08-27,2121,N21,nominal,2.0NRT,304.27,0.61,N
21.1053,72.64713,317.47,0.58,0.52,2026-08-27,2121,N21,nominal,2.0NRT,275.42,5.51,N
21.10285,72.63518,315.13,0.57,0.52,2026-08-27,2121,N21,nominal,2.0NRT,274.69,3.87,N
21.10449,72.64615,317.36,0.58,0.52,2026-08-27,2121,N21,nominal,2.0NRT,274.79,5.35,N
21.10197,72.63417,314.93,0.57,0.52,2026-08-27,2121,N21,nominal,2.0NRT,273.63,6.06,N
23.30936,54.17605,336.99,0.44,0.62,2026-08-27,2121,N21,nominal,2.0NRT,299.6,6.69,N
23.30899,54.18034,316.42,0.44,0.62,2026-08-27,2121,N21,nominal,2.0NRT,298.15,4.48,N
23.1877,55.45705,325.61,0.36,0.57,2026-08-27,2121,N21,nominal,2.0NRT,301.7,4.08,N
22.87458,55.61422,340.13,0.35,0.57,2026-08-27,2121,N21,nominal,2.0NRT,299.13,3.11,N
22.78202,55.81408,313.64,0.34,0.56,2026-08-27,2121,N21,nominal,2.0NRT,298.33,6.63,N
22.44397,56.6967,308.91,0.59,0.53,2026-08-27,2121,N21,nominal,2.0NRT,297.6,7.47,N
22.44336,56.70242,309.77,0.59,0.53,2026-08-27,2121,N21,nominal,2.0NRT,297.99,7.45,N
22.61525,54.05783,302.63,0.44,0.62,2026-08-27,2121,N21,nominal,2.0NRT,281.91,2.14,N
22.60953,54.05703,325.39,0.44,0.62,2026-08-27,2121,N21,nominal,2.0NRT,290.75,2.14,N
22.60919,54.06109,319.71,0.44,0.62,2026-08-27,2121,N21,nominal,2.0NRT,288.33,2.14,N
22.61355,54.05705,313.53,0.44,0.62,2026-08-27,2121,N21,nominal,2.0NRT,289.13,1.7,N
22.61318,54.06115,306.11,0.44,0.62,2026-08-27,2121,N21,nominal,2.0NRT,284.14,1.7,N
22.32948,56.48696,334.61,0.61,0.53,2026-08-27,2121,N21,nominal,2.0NRT,298.1,4.88,N
22.32636,56.46914,322.44,0.61,0.53,2026-08-27,2121,N21,nominal,2.0NRT,299.57,4.36,N
22.29104,56.52426,311.34,0.6,0.53,2026-08-27,2121,N21,nominal,2.0NRT,298.32,1.69,N
21.93753,57.07184,317.76,0.55,0.51,2026-08-27,2121,N21,nominal,2.0NRT,269.66,1.82,N
21.89304,56.84655,314.91,0.57,0.52,2026-08-27,2121,N21,nominal,2.0NRT,298.19,8.98,N
21.83302,56.68199,318.48,0.58,0.52,2026-08-27,2121,N21,nominal,2.0NRT,297.36,8.65,N
21.83338,56.68037,314.23,0.58,0.52,2026-08-27,2121,N21,nominal,2.0NRT,297.17,9.05,N
21.32107,57.72047,305.97,0.49,0.49,2026-08-27,2121,N21,nominal,2.0NRT,288.82,2.11,N
21.33125,56.69522,338.3,0.57,0.52,2026-08-27,2121,N21,nominal,2.0NRT,301.24,14.21,N
21.33067,56.7007,318.98,0.57,0.52,2026-08-27,2121,N21,nominal,2.0NRT,299.2,14.21,N
21.40975,55.74143,309.11,0.33,0.55,2026-08-27,2121,N21,nominal,2.0NRT,298.76,1.49,N
18.40169,74.43215,301.42,0.43,0.62,2026-08-27,2121,N21,nominal,2.0NRT,286.53,1.29,N
21.00348,56.53259,337.96,0.58,0.52,2026-08-27,2121,N21,nominal,2.0NRT,299.46,9.6,N
21.00373,56.53067,334.72,0.58,0.52,2026-08-27,2121,N21,nominal,2.0NRT,299.07,8.99,N
20.55896,56.41924,311.69,0.58,0.52,2026-08-27,2121,N21,nominal,2.0NRT,297.26,1.61,N
20.38724,55.66327,321.6,0.32,0.55,2026-08-27,2121,N21,nominal,2.0NRT,297.56,1.98,N
20.38757,55.66014,313.55,0.32,0.55,2026-08-27,2121,N21,nominal,2.0NRT,297.45,2.01,N
20.38384,55.64705,323.02,0.32,0.55,2026-08-27,2121,N21,nominal,2.0NRT,297.91,1.58,N
20.21433,55.71141,323.84,0.32,0.55,2026-08-27,2121,N21,nominal,2.0NRT,297.29,1.43,N
39.8531,66.19907,305.59,0.45,0.39,2026-08-27,2116,N21,nominal,2.0NRT,293.44,1.44,N
18.3226,55.10481,348.01,0.33,0.55,2026-08-27,2123,N21,nominal,2.0NRT,298.5,5.13,N
18.01812,54.5703,337.81,0.36,0.57,2026-08-27,2123,N21,nominal,2.0NRT,296.59,5.86,N
39.84464,63.16808,315.82,0.4,0.44,2026-08-27,2116,N21,nominal,2.0NRT,293.42,0.89,N
18.01286,54.56972,338.55,0.36,0.57,2026-08-27,2123,N21,nominal,2.0NRT,298.52,8.25,N
39.17624,68.61311,302.52,0.39,0.36,2026-08-27,2116,N21,nominal,2.0NRT,286.38,0.91,N
18.0125,54.57308,333.85,0.36,0.57,2026-08-27,2123,N21,nominal,2.0NRT,298.8,8.25,N
37.303,77.71639,296.98,0.52,0.5,2026-08-27,2116,N21,nominal,2.0NRT,282.6,0.52,N
18.01267,54.57079,353.06,0.36,0.57,2026-08-27,2123,N21,nominal,2.0NRT,301.25,12.09,N
18.01229,54.57414,311.1,0.36,0.57,2026-08-27,2123,N21,nominal,2.0NRT,296.87,6.87,N
39.97122,58.93388,303.91,0.33,0.56,2026-08-27,2116,N21,nominal,2.0NRT,293.56,0.47,N
17.97501,54.52571,336.23,0.36,0.57,2026-08-27,2123,N21,nominal,2.0NRT,295.7,3.31,N
39.18115,65.31498,317.42,0.47,0.4,2026-08-27,2116,N21,nominal,2.0NRT,293.72,1.26,N
38.65175,68.77181,303.68,0.39,0.36,2026-08-27,2116,N21,nominal,2.0NRT,293.32,0.49,N
39.30295,62.97255,303.88,0.4,0.44,2026-08-27,2116,N21,nominal,2.0NRT,293.42,0.99,N
39.28365,63.04508,314.6,0.4,0.44,2026-08-27,2116,N21,nominal,2.0NRT,292.46,1.76,N
39.2835,63.04722,312.69,0.4,0.44,2026-08-27,2116,N21,nominal,2.0NRT,291.77,1.31,N
39.25061,63.20953,306.89,0.39,0.44,2026-08-27,2116,N21,nominal,2.0NRT,292.39,1.54,N
39.16877,63.25136,303.57,0.39,0.44,2026-08-27,2116,N21,nominal,2.0NRT,291.84,1.39,N
39.16833,63.25586,309.73,0.39,0.44,2026-08-27,2116,N21,nominal,2.0NRT,292.37,1.39,N
39.16789,63.26036,303.84,0.39,0.44,2026-08-27,2116,N21,nominal,2.0NRT,291.67,0.63,N
39.16387,63.2597,303.94,0.39,0.44,2026-08-27,2116,N21,nominal,2.0NRT,292.5,0.63,N
39.15414,63.31735,315.9,0.39,0.44,2026-08-27,2116,N21,nominal,2.0NRT,292.93,1.3,N
39.12542,63.30555,305.83,0.39,0.44,2026-08-27,2116,N21,nominal,2.0NRT,291.3,0.83,N
39.11423,63.33543,307.7,0.39,0.44,2026-08-27,2116,N21,nominal,2.0NRT,292.46,1.29,N
39.08702,63.48233,300.46,0.57,0.43,2026-08-27,2116,N21,nominal,2.0NRT,289.83,0.57,N
39.06849,63.38651,305.57,0.38,0.43,2026-08-27,2116,N21,nominal,2.0NRT,290.89,0.9,N
39.05466,63.44353,306.44,0.57,0.43,2026-08-27,2116,N21,nominal,2.0NRT,290.29,1.4,N
38.32634,68.98575,307.77,0.38,0.36,2026-08-27,2116,N21,nominal,2.0NRT,295.67,1.17,N
38.98447,63.58973,304.61,0.56,0.43,2026-08-27,2116,N21,nominal,2.0NRT,291.97,0.97,N
38.9619,63.69038,302.68,0.55,0.43,2026-08-27,2116,N21,nominal,2.0NRT,289.84,0.85,N
38.95519,63.75394,301.56,0.55,0.43,2026-08-27,2116,N21,nominal,2.0NRT,291.15,0.92,N
38.97292,63.46886,308.78,0.57,0.43,2026-08-27,2116,N21,nominal,2.0NRT,293.17,2.14,N
38.68533,65.98901,303.11,0.44,0.39,2026-08-27,2116,N21,nominal,2.0NRT,292.37,0.78,N
38.78333,63.91444,301.47,0.54,0.42,2026-08-27,2116,N21,nominal,2.0NRT,290.98,1.16,N
38.54966,65.94923,304.69,0.44,0.39,2026-08-27,2116,N21,nominal,2.0NRT,291.62,0.77,N
38.7737,63.81787,302.54,0.54,0.42,2026-08-27,2116,N21,nominal,2.0NRT,291.89,0.86,N
39.23083,56.30317,309.42,0.46,0.63,2026-08-27,2116,N21,nominal,2.0NRT,288.87,2.23,N
38.45583,65.80376,315.26,0.45,0.39,2026-08-27,2116,N21,nominal,2.0NRT,293.96,1.61,N
38.65325,63.9792,300.99,0.53,0.42,2026-08-27,2116,N21,nominal,2.0NRT,289.2,0.78,N
39.23175,56.30407,305.05,0.46,0.63,2026-08-27,2116,N21,nominal,2.0NRT,288.4,2.21,N
38.05202,67.26389,333.04,0.4,0.37,2026-08-27,2116,N21,nominal,2.0NRT,294.87,13.7,N
38.10994,65.48384,312.96,0.46,0.39,2026-08-27,2116,N21,nominal,2.0NRT,289.15,1.52,N
38.10638,65.48314,302.44,0.46,0.39,2026-08-27,2116,N21,nominal,2.0NRT,288.88,0.9,N
38.12928,64.67444,309.16,0.49,0.4,2026-08-27,2116,N21,nominal,2.0NRT,292.83,1.56,N
38.11732,64.71198,304.99,0.49,0.4,2026-08-27,2116,N21,nominal,2.0NRT,292.17,0.88,N
38.05365,64.90213,310.53,0.48,0.4,2026-08-27,2116,N21,nominal,2.0NRT,292.02,2.02,N
37.93156,65.64101,300.85,0.45,0.39,2026-08-27,2116,N21,nominal,2.0NRT,289.8,0.78,N
37.8628,65.61523,299.16,0.45,0.39,2026-08-27,2116,N21,nominal,2.0NRT,288.84,0.32,N
38.67843,54.31168,308.13,0.59,0.7,2026-08-27,2116,N21,nominal,2.0NRT,293.03,2.05,N
38.64676,54.28321,312.25,0.59,0.7,2026-08-27,2116,N21,nominal,2.0NRT,292.92,2.24,N
37.88642,65.08888,305.88,0.47,0.4,2026-08-27,2116,N21,nominal,2.0NRT,292.19,0.63,N
38.67768,54.31466,318.78,0.58,0.7,2026-08-27,2116,N21,nominal,2.0NRT,293.06,1.96,N
38.64635,54.27962,325,0.59,0.7,2026-08-27,2116,N21,nominal,2.0NRT,293.12,3.46,N
37.80341,65.18907,304.88,0.46,0.39,2026-08-27,2116,N21,nominal,2.0NRT,292.07,0.73,N
38.25484,58.3877,311.49,0.35,0.56,2026-08-27,2116,N21,nominal,2.0NRT,294.89,1.74,N
38.26115,57.65617,309.95,0.38,0.59,2026-08-27,2116,N21,nominal,2.0NRT,298.12,1.94,N
38.24981,57.66469,312.82,0.38,0.59,2026-08-27,2116,N21,nominal,2.0NRT,297.84,1.81,N
38.2016,58.04597,303.32,0.36,0.57,2026-08-27,2116,N21,nominal,2.0NRT,290.44,0.7,N
37.7987,62.55078,311.83,0.41,0.45,2026-08-27,2116,N21,nominal,2.0NRT,290.98,1.61,N
37.78777,62.53503,313.37,0.41,0.45,2026-08-27,2116,N21,nominal,2.0NRT,290.94,1.76,N
37.78732,62.53964,312.37,0.41,0.45,2026-08-27,2116,N21,nominal,2.0NRT,290.28,1.49,N
37.78458,62.52515,302.28,0.41,0.45,2026-08-27,2116,N21,nominal,2.0NRT,290.36,0.53,N
37.77682,62.02873,301.71,0.43,0.46,2026-08-27,2116,N21,nominal,2.0NRT,290.17,0.92,N
37.74166,62.12741,307.45,0.43,0.46,2026-08-27,2116,N21,nominal,2.0NRT,290.73,0.98,N
37.74262,62.07334,301.4,0.43,0.46,2026-08-27,2116,N21,nominal,2.0NRT,290.05,0.88,N
37.72768,62.09583,317.14,0.43,0.46,2026-08-27,2116,N21,nominal,2.0NRT,291.18,2.02,N
37.74725,61.84329,309.36,0.44,0.46,2026-08-27,2116,N21,nominal,2.0NRT,290.7,0.85,N
37.67167,62.23887,299.97,0.42,0.45,2026-08-27,2116,N21,nominal,2.0NRT,287.79,0.48,N
37.93897,58.56265,313.23,0.34,0.56,2026-08-27,2116,N21,nominal,2.0NRT,294.02,1.48,N
37.65457,62.24114,302.73,0.42,0.45,2026-08-27,2116,N21,nominal,2.0NRT,288.67,1.44,N
37.94151,58.56339,312.66,0.34,0.56,2026-08-27,2116,N21,nominal,2.0NRT,294.71,1.4,N
37.63566,62.20203,301.76,0.42,0.45,2026-08-27,2116,N21,nominal,2.0NRT,288.68,0.88,N
37.65553,61.90872,306.89,0.44,0.46,2026-08-27,2116,N21,nominal,2.0NRT,291.15,1.68,N
37.62592,62.21513,303.73,0.42,0.45,2026-08-27,2116,N21,nominal,2.0NRT,290.63,1.47,N
37.62595,62.17147,306.34,0.42,0.45,2026-08-27,2116,N21,nominal,2.0NRT,291.98,2.11,N
37.62597,62.12756,302.58,0.43,0.46,2026-08-27,2116,N21,nominal,2.0NRT,289.77,0.55,N
37.62039,62.14139,306.52,0.42,0.46,2026-08-27,2116,N21,nominal,2.0NRT,293.25,1.3,N
37.61667,62.13595,303.8,0.43,0.46,2026-08-27,2116,N21,nominal,2.0NRT,291.88,1.3,N
37.62921,61.95999,304.66,0.43,0.46,2026-08-27,2116,N21,nominal,2.0NRT,291.85,0.62,N
37.62978,61.72209,301.55,0.45,0.47,2026-08-27,2116,N21,nominal,2.0NRT,290.92,0.61,N
37.60983,61.60546,328.73,0.45,0.47,2026-08-27,2116,N21,nominal,2.0NRT,295.7,4.38,N
37.61257,61.5745,305.67,0.46,0.47,2026-08-27,2116,N21,nominal,2.0NRT,293.4,1.28,N
37.6112,61.59,309.72,0.45,0.47,2026-08-27,2116,N21,nominal,2.0NRT,292.43,1.47,N
37.60825,61.57389,310.65,0.46,0.47,2026-08-27,2116,N21,nominal,2.0NRT,292.59,1.28,N
37.56215,62.08375,303.54,0.43,0.46,2026-08-27,2116,N21,nominal,2.0NRT,288.1,0.67,N
37.61047,61.57681,305.84,0.45,0.47,2026-08-27,2116,N21,nominal,2.0NRT,293.01,1.98,N
37.60756,61.60769,318.6,0.45,0.47,2026-08-27,2116,N21,nominal,2.0NRT,293.41,3.91,N
37.56131,62.08556,309.66,0.43,0.46,2026-08-27,2116,N21,nominal,2.0NRT,289.16,1.26,N
37.59756,61.52785,312.47,0.46,0.47,2026-08-27,2116,N21,nominal,2.0NRT,290.38,1.82,N
37.59467,61.55889,307.5,0.46,0.47,2026-08-27,2116,N21,nominal,2.0NRT,291.53,1.31,N
37.59324,61.52724,315.56,0.46,0.47,2026-08-27,2116,N21,nominal,2.0NRT,293.65,1.82,N
37.58555,61.56284,308.94,0.46,0.47,2026-08-27,2116,N21,nominal,2.0NRT,292.55,1.46,N
37.58171,61.55708,306.61,0.46,0.47,2026-08-27,2116,N21,nominal,2.0NRT,291.41,1.46,N
37.58123,61.56223,302.3,0.46,0.47,2026-08-27,2116,N21,nominal,2.0NRT,290.59,1.46,N
37.50252,61.98822,304.07,0.43,0.46,2026-08-27,2116,N21,nominal,2.0NRT,290.06,0.94,N
37.49847,61.84781,311.09,0.44,0.46,2026-08-27,2116,N21,nominal,2.0NRT,294.23,3.64,N
37.44651,62.07603,299.84,0.43,0.46,2026-08-27,2116,N21,nominal,2.0NRT,289.12,0.46,N
37.42334,62.30865,307.33,0.41,0.45,2026-08-27,2116,N21,nominal,2.0NRT,289.16,0.77,N
37.40634,62.31083,300.72,0.41,0.45,2026-08-27,2116,N21,nominal,2.0NRT,288.98,0.41,N
37.51016,61.01679,305.38,0.49,0.48,2026-08-27,2116,N21,nominal,2.0NRT,292.59,1.28,N
37.48793,60.46082,300.18,0.52,0.5,2026-08-27,2116,N21,nominal,2.0NRT,289.69,0.89,N
37.48824,60.45983,299.81,0.52,0.5,2026-08-27,2116,N21,nominal,2.0NRT,289.47,1.07,N
37.34617,61.36234,306.16,0.46,0.47,2026-08-27,2116,N21,nominal,2.0NRT,291.3,1.39,N
37.28191,60.66021,318.58,0.51,0.49,2026-08-27,2116,N21,nominal,2.0NRT,289.21,2.56,N
37.1202,62.36095,323.62,0.41,0.45,2026-08-27,2116,N21,nominal,2.0NRT,291.46,5.76,N
37.11565,62.36493,319.47,0.41,0.45,2026-08-27,2116,N21,nominal,2.0NRT,292.11,2.4,N
37.45325,57.68903,303,0.37,0.58,2026-08-27,2116,N21,nominal,2.0NRT,290.7,0.83,N
37.03273,62.41439,335.46,0.41,0.45,2026-08-27,2116,N21,nominal,2.0NRT,294.38,4.57,N
37.03228,62.41895,320.37,0.4,0.45,2026-08-27,2116,N21,nominal,2.0NRT,296.04,4.58,N
37.21708,60.02131,306.24,0.55,0.51,2026-08-27,2116,N21,nominal,2.0NRT,292.24,1.28,N
37.08312,60.19563,302.61,0.53,0.5,2026-08-27,2116,N21,nominal,2.0NRT,292.12,1.28,N
36.99034,56.23127,307,0.45,0.63,2026-08-27,2116,N21,nominal,2.0NRT,289.98,0.72,N
36.47556,61.62243,304.34,0.44,0.46,2026-08-27,2116,N21,nominal,2.0NRT,291.67,2.05,N
36.47386,61.45632,302.89,0.45,0.47,2026-08-27,2116,N21,nominal,2.0NRT,291.6,0.84,N
36.43715,61.21815,303.94,0.46,0.47,2026-08-27,2116,N21,nominal,2.0NRT,292.63,1.24,N
36.47824,59.74659,301.35,0.56,0.51,2026-08-27,2116,N21,nominal,2.0NRT,290.33,0.93,N
35.36816,59.30644,300.2,0.58,0.52,2026-08-27,2116,N21,nominal,2.0NRT,287.28,0.93,N
33.54564,71.54948,311.22,0.46,0.39,2026-08-27,2116,N21,nominal,2.0NRT,298.94,1.54,N
33.29765,71.1862,314.51,0.45,0.39,2026-08-27,2116,N21,nominal,2.0NRT,297.12,1.15,N
34.52795,62.78078,299.03,0.55,0.42,2026-08-27,2116,N21,nominal,2.0NRT,288.53,0.67,N
32.88759,71.61857,318.12,0.47,0.4,2026-08-27,2116,N21,nominal,2.0NRT,299.29,5.23,N
32.29341,70.72932,312.66,0.44,0.39,2026-08-27,2116,N21,nominal,2.0NRT,297.83,2.19,N
32.28827,70.73756,310.68,0.44,0.39,2026-08-27,2116,N21,nominal,2.0NRT,297.96,1.96,N
33.7523,59.14405,307.28,0.56,0.52,2026-08-27,2116,N21,nominal,2.0NRT,287.9,2.27,N
33.75138,59.14333,297.96,0.56,0.52,2026-08-27,2116,N21,nominal,2.0NRT,286.59,1.07,N
33.27105,57.54048,308,0.35,0.56,2026-08-27,2118,N21,nominal,2.0NRT,289.51,0.95,N
32.63508,59.75865,297.57,0.51,0.49,2026-08-27,2118,N21,nominal,2.0NRT,287.17,0.71,N
29.90769,74.95112,324.48,0.53,0.5,2026-08-27,2118,N21,nominal,2.0NRT,295.82,4.03,N
29.45728,76.87041,308.61,0.35,0.57,2026-08-27,2118,N21,nominal,2.0NRT,291.22,1.12,N
32.33411,54.08691,304.38,0.55,0.68,2026-08-27,2118,N21,nominal,2.0NRT,290.06,1.76,N
31.6238,54.72662,302.5,0.49,0.65,2026-08-27,2118,N21,nominal,2.0NRT,292.04,1.05,N
31.43235,56.49022,302.18,0.38,0.59,2026-08-27,2118,N21,nominal,2.0NRT,289.5,0.33,N
37.60942,61.60812,300.99,0.77,0.77,2026-08-27,2257,N21,nominal,2.0NRT,288.98,2.17,N
38.25724,58.39134,309.26,0.51,0.66,2026-08-27,2257,N21,nominal,2.0NRT,294.66,2.15,N
38.25947,57.65614,307.33,0.46,0.64,2026-08-27,2257,N21,nominal,2.0NRT,297.07,2.58,N
38.68089,54.31592,313.06,0.6,0.53,2026-08-27,2257,N21,nominal,2.0NRT,293.1,2.17,N
38.6484,54.2805,333.39,0.6,0.53,2026-08-27,2257,N21,nominal,2.0NRT,293.72,5.41,N
36.29132,59.74853,307.83,0.68,0.74,2026-08-27,2257,N21,nominal,2.0NRT,285.28,1.99,N
36.98892,56.23183,299.26,0.42,0.61,2026-08-27,2257,N21,nominal,2.0NRT,288.01,0.34,N
36.47865,54.9015,302.06,0.37,0.58,2026-08-27,2257,N21,nominal,2.0NRT,290.66,1.03,N
36.29539,54.78729,306.68,0.37,0.58,2026-08-27,2257,N21,nominal,2.0NRT,292.45,1.05,N
23.66109,54.35239,309.62,0.71,0.75,2026-08-27,2259,N21,nominal,2.0NRT,295.63,1.73,N
23.31197,54.18001,308.21,0.7,0.75,2026-08-27,2259,N21,nominal,2.0NRT,297.11,2.15,N
22.67632,54.12579,333.19,0.72,0.76,2026-08-27,2259,N21,nominal,2.0NRT,298.85,18.77,N
22.67459,54.13253,350.11,0.72,0.76,2026-08-27,2259,N21,nominal,2.0NRT,301.55,29.55,N
22.66981,54.12296,308.34,0.72,0.76,2026-08-27,2259,N21,nominal,2.0NRT,297.7,18.77,N
22.66794,54.13023,314.85,0.72,0.76,2026-08-27,2259,N21,nominal,2.0NRT,297.68,29.55,N
22.67536,54.12691,349.24,0.72,0.76,2026-08-27,2259,N21,nominal,2.0NRT,299.91,34.71,N
22.67369,54.13358,349.84,0.72,0.76,2026-08-27,2259,N21,nominal,2.0NRT,300.9,34.71,N
22.61376,54.0561,331.27,0.72,0.75,2026-08-27,2259,N21,nominal,2.0NRT,298.92,20.61,N
22.61195,54.06327,349.58,0.72,0.76,2026-08-27,2259,N21,nominal,2.0NRT,301.51,32.16,N
22.60524,54.06126,323.57,0.72,0.76,2026-08-27,2259,N21,nominal,2.0NRT,298.43,32.16,N
22.60709,54.05399,317.44,0.72,0.75,2026-08-27,2259,N21,nominal,2.0NRT,298.41,20.61,N
22.60416,54.06065,307.83,0.72,0.76,2026-08-27,2259,N21,nominal,2.0NRT,297.61,4.06,N
22.52715,54.05132,329.28,0.72,0.76,2026-08-27,2259,N21,nominal,2.0NRT,297.6,6.58,N
33.62777,59.16869,297.65,0.75,0.77,2026-08-27,2259,N21,nominal,2.0NRT,286.95,1.51,N
32.33565,54.08475,301.25,0.42,0.61,2026-08-27,2259,N21,nominal,2.0NRT,288.57,1.14,N
32.33456,54.08901,300.53,0.42,0.61,2026-08-27,2259,N21,nominal,2.0NRT,288.4,1.33,N
32.14323,54.32994,317.45,0.44,0.63,2026-08-27,2259,N21,nominal,2.0NRT,289.99,1.73,N
31.61977,54.72516,312.4,0.48,0.65,2026-08-27,2259,N21,nominal,2.0NRT,291.52,1.63,N
30.75576,56.65902,305.84,0.65,0.73,2026-08-27,2259,N21,nominal,2.0NRT,290.1,2.82,N
30.23364,56.90936,305.48,0.7,0.75,2026-08-27,2259,N21,nominal,2.0NRT,289.09,2.54,N
30.32175,55.97202,302.63,0.61,0.71,2026-08-27,2259,N21,nominal,2.0NRT,288.48,1.57,N
30.32049,55.97232,302.59,0.61,0.71,2026-08-27,2259,N21,nominal,2.0NRT,288.98,1.29,N
29.92854,56.7325,301.64,0.69,0.74,2026-08-27,2259,N21,nominal,2.0NRT,286.43,2.5,N
29.98634,55.85012,321.87,0.62,0.71,2026-08-27,2259,N21,nominal,2.0NRT,285.71,4.39,N
29.98442,55.85717,299.3,0.62,0.71,2026-08-27,2259,N21,nominal,2.0NRT,285.6,4.39,N
29.13789,55.37531,302.37,0.61,0.71,2026-08-27,2259,N21,nominal,2.0NRT,292.35,1.97,N
27.16029,56.10197,311.59,0.74,0.76,2026-08-27,2301,N21,nominal,2.0NRT,297.27,4.24,N
27.16533,56.05653,322.74,0.74,0.76,2026-08-27,2301,N21,nominal,2.0NRT,297.07,5.01,N
25.97049,56.06915,311.09,0.79,0.78,2026-08-27,2301,N21,nominal,2.0NRT,298.67,3.84,N
25.97287,56.07051,312.23,0.79,0.78,2026-08-27,2301,N21,nominal,2.0NRT,298.83,2.16,N
14.16654,79.82394,342.83,0.63,0.54,2026-08-28,0830,N21,nominal,2.0NRT,295.62,8.73,D
14.35824,77.18724,332.19,0.42,0.46,2026-08-28,0830,N21,low,2.0NRT,302.46,3.29,D
14.50818,76.59798,339.54,0.39,0.44,2026-08-28,0830,N21,nominal,2.0NRT,297.38,3.88,D
16.31585,100.33153,339.55,0.5,0.41,2026-08-28,0650,N21,nominal,2.0NRT,291.67,6.83,D
14.50992,76.59728,333.2,0.39,0.44,2026-08-28,0830,N21,nominal,2.0NRT,299.81,3.17,D
16.3144,100.33333,338.7,0.5,0.41,2026-08-28,0650,N21,nominal,2.0NRT,293,8.09,D
15.00715,79.72668,340.51,0.32,0.55,2026-08-28,0830,N21,nominal,2.0NRT,296.22,2.82,D
15.00776,79.72642,339.73,0.32,0.55,2026-08-28,0830,N21,nominal,2.0NRT,296.21,1.83,D
16.37671,100.01328,332.81,0.48,0.4,2026-08-28,0650,N21,nominal,2.0NRT,292.93,4.16,D
15.08967,79.7764,355.18,0.32,0.55,2026-08-28,0830,N21,nominal,2.0NRT,299.22,7.39,D
16.40762,99.56073,332.63,0.46,0.39,2026-08-28,0650,N21,nominal,2.0NRT,285.27,8.32,D
15.08932,79.77341,333.03,0.32,0.55,2026-08-28,0830,N21,nominal,2.0NRT,298.89,6.01,D
16.41119,99.5602,333.83,0.46,0.39,2026-08-28,0650,N21,nominal,2.0NRT,290.84,8.32,D
14.80563,76.7702,330.63,0.41,0.45,2026-08-28,0830,N21,nominal,2.0NRT,298.49,2.35,D
16.55468,100.19897,336.37,0.49,0.41,2026-08-28,0650,N21,nominal,2.0NRT,294.34,3.12,D
14.65814,75.65547,337.4,0.52,0.42,2026-08-28,0830,N21,nominal,2.0NRT,294.19,5.13,D
16.58246,100.20898,331.78,0.5,0.41,2026-08-28,0650,N21,nominal,2.0NRT,294.19,4.15,D
15.39007,80.13628,330.71,0.34,0.56,2026-08-28,0830,N21,nominal,2.0NRT,296.28,3.37,D
17.08243,100.07005,332.47,0.49,0.41,2026-08-28,0650,N21,nominal,2.0NRT,292.74,3.54,D
15.56243,79.89336,338.27,0.33,0.56,2026-08-28,0830,N21,nominal,2.0NRT,294.8,2.59,D
17.18477,99.61259,335.06,0.47,0.4,2026-08-28,0650,N21,nominal,2.0NRT,292.42,2.83,D
15.17567,76.67754,337.31,0.4,0.45,2026-08-28,0830,N21,nominal,2.0NRT,294.89,4.38,D
15.23541,76.44022,333.74,0.39,0.44,2026-08-28,0830,N21,nominal,2.0NRT,295.41,3.65,D
15.84844,79.11243,333.77,0.6,0.53,2026-08-28,0830,N21,nominal,2.0NRT,297.24,4.29,D
16.03076,79.71768,342.17,0.33,0.55,2026-08-28,0830,N21,nominal,2.0NRT,297.93,3.48,D
16.99839,79.08223,331.13,0.61,0.54,2026-08-28,0830,N21,nominal,2.0NRT,291.49,3.54,D
18.69099,73.04218,333.21,0.43,0.38,2026-08-28,0833,N21,nominal,2.0NRT,292.56,2.95,D
21.7424,83.8442,327.67,0.72,0.76,2026-08-28,0833,N21,nominal,2.0NRT,281.35,7.46,D
19.30396,101.73215,339.54,0.44,0.46,2026-08-28,0650,N21,nominal,2.0NRT,290.95,10.42,D
21.74194,83.84369,327.14,0.73,0.76,2026-08-28,0833,N21,nominal,2.0NRT,280.41,7.65,D
19.3046,101.73267,338.98,0.44,0.46,2026-08-28,0650,N21,nominal,2.0NRT,290.95,9.05,D
19.30412,101.72854,336.66,0.44,0.46,2026-08-28,0650,N21,nominal,2.0NRT,289.88,8,D
21.10448,72.6461,337.3,0.44,0.38,2026-08-28,0833,N21,nominal,2.0NRT,295.3,5.25,D
25.16787,98.90946,342.83,0.53,0.42,2026-08-28,0652,N21,nominal,2.0NRT,302.86,11.46,D
22.92856,70.10652,343.86,0.39,0.36,2026-08-28,0833,N21,nominal,2.0NRT,308.24,12.98,D
23.12482,70.94032,336.71,0.4,0.37,2026-08-28,0833,N21,nominal,2.0NRT,301.49,3.33,D
26.60079,101.45384,331.3,0.52,0.5,2026-08-28,0652,N21,low,2.0NRT,305.37,10.1,D
20.22504,55.74172,337.33,0.74,0.76,2026-08-28,0833,N21,low,2.0NRT,308.14,2.02,D
20.37264,55.93251,340.8,0.72,0.75,2026-08-28,0833,N21,nominal,2.0NRT,306.9,1.69,D
28.11855,95.48516,332.86,0.41,0.37,2026-08-28,0652,N21,nominal,2.0NRT,295.18,3,D
20.37525,55.93512,347.09,0.71,0.75,2026-08-28,0833,N21,nominal,2.0NRT,307.13,1.76,D
21.00022,56.53297,342.75,0.63,0.72,2026-08-28,0833,N21,nominal,2.0NRT,308.85,7.78,D
29.35299,90.68972,332.74,0.42,0.38,2026-08-28,0652,N21,nominal,2.0NRT,302.32,2.25,D
22.40428,56.98952,338.91,0.55,0.68,2026-08-28,0835,N21,nominal,2.0NRT,306.72,5.12,D
22.40393,56.99042,337.94,0.55,0.68,2026-08-28,0835,N21,nominal,2.0NRT,306.85,5.32,D
22.32907,56.49009,346.6,0.6,0.7,2026-08-28,0835,N21,nominal,2.0NRT,309.01,8.69,D
22.33005,56.46649,338.3,0.6,0.7,2026-08-28,0835,N21,low,2.0NRT,308.53,7.93,D
22.4391,56.7002,341.31,0.58,0.69,2026-08-28,0835,N21,nominal,2.0NRT,308.34,22.13,D
22.4425,56.69788,340.01,0.58,0.69,2026-08-28,0835,N21,nominal,2.0NRT,309.02,21.11,D
25.9435,72.19397,337.43,0.47,0.39,2026-08-28,0835,N21,nominal,2.0NRT,303.78,4.28,D
23.19044,55.45757,352.75,0.66,0.73,2026-08-28,0835,N21,nominal,2.0NRT,316.22,6.97,D
23.18923,55.46063,340.97,0.66,0.73,2026-08-28,0835,N21,low,2.0NRT,314.24,5.94,D
27.43725,70.85397,340.27,0.43,0.38,2026-08-28,0835,N21,low,2.0NRT,313.15,3.56,D
28.42323,69.69987,335.15,0.4,0.37,2026-08-28,0835,N21,low,2.0NRT,307.8,4.84,D
26.61705,54.92187,339.1,0.59,0.7,2026-08-28,0835,N21,nominal,2.0NRT,307.86,12.58,D
26.62012,54.92354,343.89,0.59,0.7,2026-08-28,0835,N21,nominal,2.0NRT,307.07,13.56,D
27.16093,56.10226,338.56,0.49,0.65,2026-08-28,0835,N21,nominal,2.0NRT,306.34,4.51,D
27.16772,56.0546,339.96,0.49,0.65,2026-08-28,0835,N21,nominal,2.0NRT,307.46,6.04,D
27.16655,56.04988,340.34,0.49,0.65,2026-08-28,0835,N21,nominal,2.0NRT,308.33,7.41,D
27.45509,56.84775,335.92,0.43,0.62,2026-08-28,0835,N21,low,2.0NRT,308.31,4.9,D
30.43859,73.86054,342.03,0.43,0.46,2026-08-28,0835,N21,nominal,2.0NRT,304.05,3.39,D
30.83061,74.07903,340.17,0.44,0.46,2026-08-28,0835,N21,nominal,2.0NRT,299.54,4.51,D
31.53816,75.11701,339.95,0.52,0.5,2026-08-28,0835,N21,nominal,2.0NRT,297.84,5.36,D
31.53888,75.11586,337.82,0.52,0.5,2026-08-28,0835,N21,nominal,2.0NRT,297.31,7.68,D
30.23514,56.90835,347.47,0.37,0.58,2026-08-28,0837,N21,nominal,2.0NRT,320.13,10.53,D
31.43957,61.24409,351.6,0.39,0.44,2026-08-28,0837,N21,low,2.0NRT,323.04,14.7,D
6.34773,80.94579,336.3,0.59,0.53,2026-08-28,0828,N21,nominal,2.0NRT,292.92,11.4,D
6.34752,80.94455,335.06,0.59,0.53,2026-08-28,0828,N21,nominal,2.0NRT,292.27,3.84,D
6.35231,80.94385,330.71,0.59,0.53,2026-08-28,0828,N21,nominal,2.0NRT,293.85,3.84,D
6.54393,81.05405,334.41,0.6,0.53,2026-08-28,0828,N21,nominal,2.0NRT,294.15,3.62,D
6.79759,81.44216,336.98,0.32,0.55,2026-08-28,0828,N21,nominal,2.0NRT,294.13,4.85,D
6.81724,81.43688,341.35,0.32,0.55,2026-08-28,0828,N21,nominal,2.0NRT,294.52,3.91,D
6.84022,81.52897,367,0.33,0.55,2026-08-28,0828,N21,high,2.0NRT,296.94,12.09,D
6.83981,81.52601,351.53,0.33,0.55,2026-08-28,0828,N21,nominal,2.0NRT,295,12.19,D
6.84526,81.52831,345.17,0.33,0.55,2026-08-28,0828,N21,nominal,2.0NRT,295.36,12.09,D
6.84506,81.4536,353.77,0.32,0.55,2026-08-28,0828,N21,nominal,2.0NRT,293.39,8.06,D
7.27415,81.30084,337.25,0.32,0.55,2026-08-28,0828,N21,nominal,2.0NRT,295.32,3.98,D
7.28009,81.34009,339.93,0.32,0.55,2026-08-28,0828,N21,nominal,2.0NRT,289.85,6.45,D
7.41949,81.646,344.25,0.34,0.56,2026-08-28,0828,N21,nominal,2.0NRT,292.95,5.03,D
7.41742,81.6457,331.86,0.34,0.56,2026-08-28,0828,N21,nominal,2.0NRT,292.7,4.45,D
7.38557,81.28701,339.98,0.32,0.55,2026-08-28,0828,N21,nominal,2.0NRT,289.25,4.91,D
7.38517,81.284,331.17,0.32,0.55,2026-08-28,0828,N21,nominal,2.0NRT,288.92,4.91,D
7.40131,81.29066,346.59,0.32,0.55,2026-08-28,0828,N21,nominal,2.0NRT,288.92,3.64,D
8.08367,81.38351,351.19,0.33,0.56,2026-08-28,0828,N21,nominal,2.0NRT,285.6,13.51,D
8.08326,81.3805,352.44,0.33,0.55,2026-08-28,0828,N21,nominal,2.0NRT,286.83,15.18,D
8.38569,80.18303,330.97,0.56,0.51,2026-08-28,0828,N21,nominal,2.0NRT,289.07,3.06,D
8.56521,80.78231,332.22,0.61,0.54,2026-08-28,0828,N21,nominal,2.0NRT,282.48,6.46,D
8.49315,80.21699,334.7,0.56,0.52,2026-08-28,0828,N21,nominal,2.0NRT,291.02,5.37,D
8.55665,80.50257,338.05,0.59,0.53,2026-08-28,0828,N21,nominal,2.0NRT,288.77,9.58,D
8.55711,80.50637,338.24,0.59,0.53,2026-08-28,0828,N21,nominal,2.0NRT,289.12,5.59,D
8.60504,80.46202,341.86,0.59,0.52,2026-08-28,0828,N21,nominal,2.0NRT,291.89,29.81,D
8.60984,80.46139,341.14,0.59,0.52,2026-08-28,0828,N21,nominal,2.0NRT,291.11,13.78,D
8.67904,80.7544,332.12,0.61,0.54,2026-08-28,0828,N21,nominal,2.0NRT,285.87,5.34,D
8.85495,80.46632,341.25,0.59,0.53,2026-08-28,0828,N21,nominal,2.0NRT,293.81,7.05,D
8.89673,80.66447,344.52,0.61,0.53,2026-08-28,0828,N21,nominal,2.0NRT,292.79,18.02,D
8.80825,80.01944,335.42,0.55,0.51,2026-08-28,0828,N21,nominal,2.0NRT,293.06,5.55,D
8.89463,80.66376,341.91,0.61,0.53,2026-08-28,0828,N21,nominal,2.0NRT,293.08,14.44,D
8.81104,80.01739,339.67,0.55,0.51,2026-08-28,0828,N21,nominal,2.0NRT,292.45,5.76,D
8.56604,78.08351,332.18,0.41,0.45,2026-08-28,0828,N21,low,2.0NRT,303.65,1.94,D
9.00666,80.83084,335.7,0.63,0.54,2026-08-28,0828,N21,nominal,2.0NRT,291.43,8.18,D
8.60969,77.83566,339.17,0.39,0.44,2026-08-28,0828,N21,nominal,2.0NRT,306.85,6.03,D
9.05433,80.49529,334.06,0.6,0.53,2026-08-28,0828,N21,nominal,2.0NRT,295.79,8.53,D
8.71279,77.97305,343,0.4,0.44,2026-08-28,0828,N21,nominal,2.0NRT,308.96,7.52,D
8.86089,77.99239,337.56,0.4,0.44,2026-08-28,0828,N21,low,2.0NRT,308.96,3.92,D
8.8614,77.99268,337.88,0.4,0.44,2026-08-28,0828,N21,low,2.0NRT,308.55,3.59,D
8.99345,77.86612,337.63,0.4,0.44,2026-08-28,0828,N21,nominal,2.0NRT,307.56,4.63,D
9.42099,80.38881,338.89,0.59,0.53,2026-08-28,0828,N21,nominal,2.0NRT,297.22,6.43,D
9.06493,77.68907,340.71,0.39,0.44,2026-08-28,0828,N21,nominal,2.0NRT,305.91,4.13,D
9.43479,80.3815,337.41,0.59,0.53,2026-08-28,0828,N21,nominal,2.0NRT,297.81,8,D
9.43409,80.37614,339.95,0.59,0.53,2026-08-28,0828,N21,nominal,2.0NRT,297.81,8.25,D
9.07731,77.57346,342.45,0.38,0.43,2026-08-28,0828,N21,nominal,2.0NRT,305.29,4.03,D
9.0767,77.56914,338.85,0.57,0.43,2026-08-28,0828,N21,nominal,2.0NRT,306.27,4.9,D
9.18652,77.78751,350.7,0.4,0.44,2026-08-28,0828,N21,nominal,2.0NRT,307.2,15.58,D
9.27803,78.39629,348.85,0.43,0.46,2026-08-28,0828,N21,nominal,2.0NRT,302.26,4.12,D
9.2775,78.39238,332.61,0.43,0.46,2026-08-28,0828,N21,nominal,2.0NRT,300.75,4.12,D
9.28223,78.3957,342.73,0.43,0.46,2026-08-28,0828,N21,nominal,2.0NRT,301.7,3.85,D
9.33282,78.42058,341.42,0.44,0.46,2026-08-28,0828,N21,nominal,2.0NRT,303.56,6.56,D
9.26581,77.91255,344.05,0.4,0.44,2026-08-28,0828,N21,nominal,2.0NRT,295.15,5.95,D
9.37401,78.6227,341.48,0.45,0.47,2026-08-28,0828,N21,nominal,2.0NRT,302.93,5.53,D
9.40914,78.81119,334.12,0.46,0.47,2026-08-28,0828,N21,nominal,2.0NRT,300.42,1.73,D
9.40697,78.81196,338.76,0.46,0.47,2026-08-28,0828,N21,nominal,2.0NRT,301.08,3.78,D
9.37102,77.52661,334.6,0.38,0.43,2026-08-28,0828,N21,low,2.0NRT,305.85,3.24,D
9.55345,78.51564,341.09,0.45,0.47,2026-08-28,0828,N21,nominal,2.0NRT,308.43,54.45,D
9.4172,77.50932,337.26,0.38,0.43,2026-08-28,0828,N21,low,2.0NRT,307.6,3.45,D
9.53326,78.18642,344.34,0.42,0.45,2026-08-28,0828,N21,nominal,2.0NRT,307.81,11.28,D
9.53541,78.18616,344.4,0.42,0.46,2026-08-28,0828,N21,nominal,2.0NRT,306.73,7.91,D
9.68469,78.36857,345.19,0.44,0.46,2026-08-28,0828,N21,nominal,2.0NRT,307.1,13.95,D
9.71987,77.97552,346.61,0.41,0.45,2026-08-28,0828,N21,nominal,2.0NRT,304.06,8.76,D
9.88012,78.4716,335.03,0.45,0.47,2026-08-28,0828,N21,nominal,2.0NRT,303.66,2.73,D
9.8426,78.13952,339.23,0.42,0.46,2026-08-28,0828,N21,nominal,2.0NRT,305.62,6.3,D
10.03975,77.97247,338,0.42,0.45,2026-08-28,0828,N21,nominal,2.0NRT,304.45,5.07,D
10.44864,79.65552,335.25,0.55,0.51,2026-08-28,0828,N21,nominal,2.0NRT,294.59,3.77,D
10.53212,78.34332,334.17,0.45,0.47,2026-08-28,0828,N21,nominal,2.0NRT,295.99,4.64,D
10.53153,78.34397,332.5,0.45,0.47,2026-08-28,0828,N21,nominal,2.0NRT,295.32,2.69,D
11.23093,78.85033,335.32,0.49,0.49,2026-08-28,0828,N21,nominal,2.0NRT,296.68,1.73,D
11.16639,78.01994,337.01,0.44,0.46,2026-08-28,0828,N21,nominal,2.0NRT,299.49,3.13,D
11.09134,76.9546,332.31,0.56,0.43,2026-08-28,0830,N21,nominal,2.0NRT,299.78,5.04,D
11.48553,79.03905,333.95,0.51,0.5,2026-08-28,0830,N21,nominal,2.0NRT,293.93,1.84,D
11.48213,79.03663,337.21,0.51,0.5,2026-08-28,0830,N21,nominal,2.0NRT,293.55,2.53,D
12.65077,79.52586,340.98,0.58,0.52,2026-08-28,0830,N21,nominal,2.0NRT,297.05,18.17,D
12.41271,77.18036,340.01,0.4,0.44,2026-08-28,0830,N21,nominal,2.0NRT,289.55,6.76,D
13.32397,76.02139,332.09,0.53,0.42,2026-08-28,0830,N21,nominal,2.0NRT,294.29,6.95,D
37.36857,59.60498,345.03,0.55,0.43,2026-08-28,0837,N21,nominal,2.0NRT,316.31,7.55,D
37.85725,58.76126,338.47,0.4,0.44,2026-08-28,0837,N21,nominal,2.0NRT,311.61,1.99,D
39.19407,66.0962,351.29,0.39,0.36,2026-08-28,0837,N21,nominal,2.0NRT,318.56,9.47,D
37.90071,58.50601,341.08,0.41,0.45,2026-08-28,0837,N21,low,2.0NRT,313.97,4.75,D
37.96896,58.40542,344.01,0.41,0.45,2026-08-28,0837,N21,nominal,2.0NRT,314.11,6.31,D
39.60194,66.93852,334.69,0.41,0.37,2026-08-28,0837,N21,low,2.0NRT,307.84,2.21,D
37.55367,55.59931,332.7,0.59,0.53,2026-08-28,0837,N21,low,2.0NRT,304.35,6.39,D
38.41079,57.42636,339.03,0.45,0.47,2026-08-28,0837,N21,low,2.0NRT,313.44,6.96,D
38.64957,54.28238,367,0.32,0.55,2026-08-28,0837,N21,high,2.0NRT,301.21,3.8,D
38.67945,54.317,338.81,0.32,0.55,2026-08-28,0837,N21,nominal,2.0NRT,299.47,2.47,D
6.5501,101.71214,335.9,0.46,0.39,2026-08-28,0646,N21,nominal,2.0NRT,294.58,4.53,D
6.6532,100.42945,335.34,0.41,0.37,2026-08-28,0646,N21,nominal,2.0NRT,296.31,2.81,D
6.95996,100.69913,331.2,0.42,0.38,2026-08-28,0646,N21,nominal,2.0NRT,296.03,1.54,D
6.97293,100.73963,341.96,0.42,0.38,2026-08-28,0646,N21,nominal,2.0NRT,298.65,18.67,D
7.57748,99.43032,333.22,0.39,0.36,2026-08-28,0646,N21,nominal,2.0NRT,296.77,2.56,D
7.86587,100.08944,330.52,0.41,0.37,2026-08-28,0646,N21,nominal,2.0NRT,291.44,6.82,D
37.20367,55.6808,330.98,0.65,0.73,2026-08-28,1017,N21,nominal,2.0NRT,297.56,7.28,D
37.54094,55.62168,367,0.65,0.73,2026-08-28,1017,N21,high,2.0NRT,298.06,31.79,D
18.32209,55.10449,346.42,0.4,0.6,2026-08-28,1011,N21,low,2.0NRT,317.28,2.03,D
18.3237,55.1077,347.09,0.4,0.6,2026-08-28,1011,N21,nominal,2.0NRT,316.92,2.88,D
18.32333,55.10395,344.27,0.4,0.6,2026-08-28,1011,N21,low,2.0NRT,317.04,2.31,D
18.68647,55.50383,341.38,0.43,0.62,2026-08-28,1011,N21,low,2.0NRT,313.55,5.22,D
18.68685,55.50785,355.91,0.43,0.62,2026-08-28,1011,N21,low,2.0NRT,314.65,11.43,D
19.26853,56.17501,341.47,0.48,0.65,2026-08-28,1011,N21,low,2.0NRT,313.06,0.74,D
20.9994,56.53416,344.82,0.53,0.67,2026-08-28,1013,N21,nominal,2.0NRT,312.82,2.75,D
20.99902,56.53112,346.4,0.53,0.67,2026-08-28,1013,N21,nominal,2.0NRT,313,1.52,D
21.83444,56.68047,341.15,0.56,0.68,2026-08-28,1013,N21,low,2.0NRT,311.57,1.31,D
21.93488,57.07428,344.45,0.59,0.7,2026-08-28,1013,N21,nominal,2.0NRT,308.47,2.26,D
22.32881,56.48849,338.79,0.55,0.68,2026-08-28,1013,N21,low,2.0NRT,310.95,3.27,D
22.32752,56.47235,342.34,0.54,0.68,2026-08-28,1013,N21,nominal,2.0NRT,311.67,2.48,D
22.33334,56.46664,346.14,0.54,0.68,2026-08-28,1013,N21,nominal,2.0NRT,312.79,2.48,D
22.44458,56.70121,350.08,0.56,0.69,2026-08-28,1013,N21,nominal,2.0NRT,310.37,26.92,D
22.8724,55.6131,348.01,0.48,0.65,2026-08-28,1013,N21,low,2.0NRT,319.2,3.64,D
23.18838,55.45734,355,0.48,0.64,2026-08-28,1013,N21,nominal,2.0NRT,319.13,4.88,D
24.50754,56.60677,339.77,0.58,0.7,2026-08-28,1013,N21,nominal,2.0NRT,306.76,6.62,D
27.16196,56.10076,338.87,0.57,0.69,2026-08-28,1013,N21,nominal,2.0NRT,305.91,7.9,D
27.1721,56.05926,339.01,0.57,0.69,2026-08-28,1013,N21,nominal,2.0NRT,306.14,20.48,D
27.15788,56.09915,334.56,0.58,0.69,2026-08-28,1013,N21,low,2.0NRT,306.14,2.6,D
27.16827,56.0575,344.24,0.57,0.69,2026-08-28,1015,N21,nominal,2.0NRT,306.51,8.28,D
30.07953,55.40141,342.95,0.56,0.69,2026-08-28,1015,N21,low,2.0NRT,317.6,7.29,D
7.53227,80.93926,339.97,0.46,0.39,2026-08-29,0809,N21,nominal,2.0NRT,291.03,6.91,D
7.38981,79.87487,333.68,0.42,0.37,2026-08-29,0809,N21,nominal,2.0NRT,296.63,3.38,D
7.57469,80.92876,351.31,0.46,0.39,2026-08-29,0809,N21,nominal,2.0NRT,289.45,10.96,D
7.57407,80.92458,336.02,0.46,0.39,2026-08-29,0809,N21,nominal,2.0NRT,288.8,10.96,D
7.57354,80.92952,347.19,0.46,0.39,2026-08-29,0809,N21,nominal,2.0NRT,287.65,7.5,D
7.57713,80.92899,343.29,0.46,0.39,2026-08-29,0809,N21,nominal,2.0NRT,285.38,7.5,D
7.57653,80.92484,338.58,0.46,0.39,2026-08-29,0809,N21,nominal,2.0NRT,286.04,7.5,D
7.61723,81.08107,338.76,0.47,0.4,2026-08-29,0809,N21,nominal,2.0NRT,283.47,8.56,D
7.61831,80.83424,334.1,0.46,0.39,2026-08-29,0809,N21,nominal,2.0NRT,291.88,5.7,D
7.76922,81.44007,335.7,0.49,0.4,2026-08-29,0809,N21,nominal,2.0NRT,288.27,3.61,D
7.80681,81.43909,340.47,0.49,0.4,2026-08-29,0809,N21,nominal,2.0NRT,283.18,7.37,D
8.03799,80.01488,333.74,0.43,0.38,2026-08-29,0809,N21,nominal,2.0NRT,295.98,4.84,D
8.64931,80.38313,332.53,0.45,0.39,2026-08-29,0809,N21,nominal,2.0NRT,291.16,2.38,D
8.69619,80.35628,341.85,0.45,0.39,2026-08-29,0809,N21,nominal,2.0NRT,281.54,6.39,D
8.85074,80.42461,336.56,0.45,0.39,2026-08-29,0809,N21,nominal,2.0NRT,295.28,3.26,D
8.84902,80.38763,329.71,0.45,0.39,2026-08-29,0809,N21,nominal,2.0NRT,295.76,3.26,D
8.91108,80.4406,346.56,0.45,0.39,2026-08-29,0809,N21,nominal,2.0NRT,289.26,9.58,D
8.91688,80.43262,328.96,0.45,0.39,2026-08-29,0809,N21,nominal,2.0NRT,286.75,2.84,D
8.93651,80.39246,333.11,0.45,0.39,2026-08-29,0809,N21,nominal,2.0NRT,295.95,5.68,D
8.93593,80.3884,335.47,0.45,0.39,2026-08-29,0809,N21,nominal,2.0NRT,294.54,4.35,D
8.60741,77.97129,337.16,0.39,0.36,2026-08-29,0809,N21,nominal,2.0NRT,294.04,5.38,D
8.64932,77.84006,343.62,0.38,0.36,2026-08-29,0809,N21,nominal,2.0NRT,300.52,3.29,D
9.02114,80.17536,335.22,0.44,0.38,2026-08-29,0809,N21,nominal,2.0NRT,287.78,6.05,D
8.75016,78.08366,337.4,0.39,0.36,2026-08-29,0809,N21,nominal,2.0NRT,300.03,6.22,D
8.75985,77.6738,337.27,0.38,0.36,2026-08-29,0809,N21,nominal,2.0NRT,304.89,1.58,D
9.17927,80.47058,336.15,0.46,0.39,2026-08-29,0809,N21,nominal,2.0NRT,291.03,8.73,D
9.17868,80.46647,337.39,0.46,0.39,2026-08-29,0809,N21,nominal,2.0NRT,289.77,8.73,D
8.8745,77.98587,338.37,0.39,0.36,2026-08-29,0809,N21,nominal,2.0NRT,303.04,5.31,D
9.24698,80.31161,332.78,0.45,0.39,2026-08-29,0809,N21,nominal,2.0NRT,285.66,4.14,D
8.96052,77.90134,337.09,0.39,0.36,2026-08-29,0809,N21,nominal,2.0NRT,300.26,2.91,D
9.39508,80.46182,332.28,0.46,0.39,2026-08-29,0809,N21,nominal,2.0NRT,279.8,3.77,D
9.41414,80.44216,334.1,0.46,0.39,2026-08-29,0809,N21,nominal,2.0NRT,276.82,5.16,D
9.43546,80.3385,336.38,0.45,0.39,2026-08-29,0809,N21,nominal,2.0NRT,279.62,6.99,D
9.6353,80.29417,336.56,0.45,0.39,2026-08-29,0809,N21,nominal,2.0NRT,296.95,3.98,D
9.42272,78.75917,331.63,0.4,0.37,2026-08-29,0809,N21,nominal,2.0NRT,290.73,3.76,D
9.49544,78.76971,340.22,0.4,0.37,2026-08-29,0809,N21,nominal,2.0NRT,281.45,4.96,D
9.76454,80.26393,334.94,0.45,0.39,2026-08-29,0809,N21,nominal,2.0NRT,295.08,1.66,D
9.6286,78.5695,330.03,0.4,0.37,2026-08-29,0809,N21,nominal,2.0NRT,290.39,1.55,D
9.63193,78.56899,332.81,0.4,0.37,2026-08-29,0809,N21,nominal,2.0NRT,289.55,1.55,D
9.69329,77.82059,338.36,0.39,0.36,2026-08-29,0809,N21,nominal,2.0NRT,305.19,5.11,D
9.8565,78.18187,331.13,0.39,0.36,2026-08-29,0809,N21,low,2.0NRT,302.4,2.82,D
9.98556,78.31762,342.21,0.39,0.36,2026-08-29,0809,N21,nominal,2.0NRT,309.43,6.83,D
9.96644,78.03188,340.46,0.39,0.36,2026-08-29,0809,N21,nominal,2.0NRT,301.39,3.67,D
10.40814,79.51502,345.82,0.43,0.38,2026-08-29,0809,N21,nominal,2.0NRT,303.98,4.87,D
10.40263,79.35952,336.63,0.42,0.38,2026-08-29,0809,N21,nominal,2.0NRT,304.48,3.41,D
10.51079,79.66752,337.73,0.43,0.38,2026-08-29,0809,N21,nominal,2.0NRT,302.68,6.97,D
10.52717,79.34861,335.93,0.42,0.38,2026-08-29,0809,N21,nominal,2.0NRT,305.39,2.96,D
10.85161,78.75615,340.1,0.41,0.37,2026-08-29,0809,N21,nominal,2.0NRT,307.17,8.61,D
10.98005,79.4278,332.11,0.43,0.38,2026-08-29,0809,N21,nominal,2.0NRT,293,2.61,D
10.95573,78.87653,347.12,0.41,0.37,2026-08-29,0809,N21,nominal,2.0NRT,305.99,9.96,D
10.93597,78.47108,339.62,0.4,0.37,2026-08-29,0809,N21,nominal,2.0NRT,301.67,6.07,D
10.93779,78.20586,337.13,0.39,0.36,2026-08-29,0809,N21,nominal,2.0NRT,302.71,4,D
11.12129,78.68881,340.11,0.41,0.37,2026-08-29,0809,N21,nominal,2.0NRT,305.97,7.72,D
11.38602,78.86941,337.84,0.41,0.37,2026-08-29,0809,N21,nominal,2.0NRT,306.96,3.92,D
11.45934,79.18013,331.81,0.42,0.38,2026-08-29,0809,N21,low,2.0NRT,304.5,1.85,D
11.63834,77.61632,332.91,0.39,0.36,2026-08-29,0809,N21,nominal,2.0NRT,301.31,3.44,D
12.03421,79.08394,335.8,0.42,0.38,2026-08-29,0809,N21,nominal,2.0NRT,305.53,5.09,D
12.03365,79.08008,335.61,0.42,0.38,2026-08-29,0809,N21,nominal,2.0NRT,304.57,6,D
12.15724,79.71613,336.86,0.45,0.39,2026-08-29,0809,N21,nominal,2.0NRT,304.83,5.78,D
12.17855,79.73819,345.4,0.45,0.39,2026-08-29,0809,N21,nominal,2.0NRT,305.64,11.61,D
12.17833,79.73863,346.04,0.45,0.39,2026-08-29,0809,N21,nominal,2.0NRT,305.27,12.19,D
12.46093,79.10439,332.34,0.43,0.38,2026-08-29,0809,N21,low,2.0NRT,303.76,2.1,D
12.78404,79.31249,338.53,0.44,0.38,2026-08-29,0809,N21,nominal,2.0NRT,300.19,8.47,D
12.8281,79.57608,338.2,0.45,0.39,2026-08-29,0809,N21,nominal,2.0NRT,302.42,9.18,D
12.81844,79.32784,330.65,0.44,0.38,2026-08-29,0809,N21,nominal,2.0NRT,298.71,2.38,D
12.62554,77.69179,330.23,0.39,0.36,2026-08-29,0809,N21,low,2.0NRT,301.16,2.07,D
13.38702,78.08879,333.31,0.4,0.37,2026-08-29,0809,N21,nominal,2.0NRT,301.85,1.87,D
13.73211,78.2689,337.15,0.41,0.37,2026-08-29,0809,N21,nominal,2.0NRT,304.6,8.58,D
13.58733,76.33072,335.08,0.38,0.36,2026-08-29,0809,N21,nominal,2.0NRT,296.88,3.1,D
13.59061,76.3302,334.05,0.38,0.36,2026-08-29,0809,N21,nominal,2.0NRT,301.06,4.77,D
14.79919,79.08913,336.6,0.45,0.39,2026-08-29,0811,N21,nominal,2.0NRT,298.41,4.9,D
14.91997,79.67854,330.97,0.48,0.4,2026-08-29,0811,N21,nominal,2.0NRT,296.32,3,D
14.65362,77.66443,338.32,0.4,0.37,2026-08-29,0811,N21,nominal,2.0NRT,300.86,4.3,D
14.8166,78.35658,337.68,0.42,0.38,2026-08-29,0811,N21,nominal,2.0NRT,304.28,2.79,D
15.06239,79.87417,339.86,0.49,0.4,2026-08-29,0811,N21,nominal,2.0NRT,304.15,7.63,D
15.08718,79.47825,336.48,0.47,0.4,2026-08-29,0811,N21,nominal,2.0NRT,297.95,6.38,D
14.98676,76.88111,336.84,0.39,0.36,2026-08-29,0811,N21,nominal,2.0NRT,297.67,6.37,D
15.65413,80.13641,337.27,0.52,0.41,2026-08-29,0811,N21,nominal,2.0NRT,300.91,4.69,D
16.03253,78.70424,338.63,0.44,0.39,2026-08-29,0811,N21,nominal,2.0NRT,298.3,8.58,D
16.40797,79.41428,337.76,0.48,0.4,2026-08-29,0811,N21,nominal,2.0NRT,300.39,4.87,D
16.70544,78.78356,335.05,0.45,0.39,2026-08-29,0811,N21,nominal,2.0NRT,297.09,5.01,D
16.7619,79.13581,341.31,0.47,0.4,2026-08-29,0811,N21,nominal,2.0NRT,296.11,5.96,D
15.06153,100.09997,353.64,0.4,0.37,2026-08-29,0629,N21,nominal,2.0NRT,299.3,13.58,D
15.26742,100.1963,336.74,0.4,0.37,2026-08-29,0629,N21,nominal,2.0NRT,294.71,4.43,D
15.89045,100.32475,335.37,0.39,0.36,2026-08-29,0629,N21,low,2.0NRT,296.67,8.69,D
26.57426,101.6693,330.59,0.44,0.39,2026-08-29,0633,N21,low,2.0NRT,301.72,7.96,D
26.90533,93.00866,332.56,0.39,0.44,2026-08-29,0633,N21,nominal,2.0NRT,288.37,1.84,D
37.03153,62.41512,343.23,0.47,0.48,2026-08-29,0818,N21,low,2.0NRT,315.49,14.86,D
38.55526,68.77843,336.05,0.39,0.36,2026-08-29,0818,N21,low,2.0NRT,309.33,3.1,D
37.00809,60.76548,342.08,0.57,0.52,2026-08-29,0818,N21,nominal,2.0NRT,308.97,9.65,D
37.0127,60.76379,343.56,0.57,0.52,2026-08-29,0818,N21,nominal,2.0NRT,313.24,19.28,D
38.07004,65.54767,346.22,0.48,0.4,2026-08-29,0818,N21,low,2.0NRT,316.74,13.62,D
38.07821,65.54797,367,0.48,0.4,2026-08-29,0818,N21,high,2.0NRT,319.54,15.92,D
37.44471,61.78176,337.2,0.5,0.49,2026-08-29,0818,N21,low,2.0NRT,309.74,3.25,D
37.8392,59.34897,343.34,0.33,0.55,2026-08-29,0818,N21,nominal,2.0NRT,310.21,4.7,D
37.84405,59.34708,367,0.33,0.55,2026-08-29,0818,N21,high,2.0NRT,312.19,8.03,D
37.45713,57.18533,335.56,0.44,0.62,2026-08-29,0818,N21,nominal,2.0NRT,309.37,2.55,D
37.4553,57.18586,336.54,0.44,0.62,2026-08-29,0818,N21,nominal,2.0NRT,309.88,4.47,D
38.64939,54.28061,339.06,0.57,0.69,2026-08-29,0820,N21,nominal,2.0NRT,294.75,3.99,D
18.12482,75.44324,330.11,0.38,0.36,2026-08-29,0811,N21,nominal,2.0NRT,294.34,2.86,D
27.49826,67.59681,342.25,0.57,0.43,2026-08-29,0816,N21,nominal,2.0NRT,311.25,33.79,D
27.75664,68.69566,331.51,0.5,0.41,2026-08-29,0816,N21,nominal,2.0NRT,305.66,4.2,D
29.45856,76.89088,334.02,0.5,0.41,2026-08-29,0816,N21,nominal,2.0NRT,295.66,4.19,D
29.90875,74.95228,338.01,0.42,0.38,2026-08-29,0816,N21,nominal,2.0NRT,303.3,6.19,D
29.89756,70.05154,338.88,0.42,0.37,2026-08-29,0816,N21,nominal,2.0NRT,306.8,3.54,D
29.90098,70.05095,339.12,0.42,0.37,2026-08-29,0816,N21,nominal,2.0NRT,306.66,5.64,D
30.80227,72.00471,336.35,0.38,0.36,2026-08-29,0816,N21,nominal,2.0NRT,304.17,2.89,D
30.80555,72.00403,337.03,0.38,0.36,2026-08-29,0816,N21,nominal,2.0NRT,305.7,5.03,D
31.35996,74.52962,330.29,0.42,0.38,2026-08-29,0816,N21,low,2.0NRT,301.52,3.94,D
31.3634,74.529,331.33,0.42,0.38,2026-08-29,0816,N21,nominal,2.0NRT,299.83,2.79,D
31.53692,75.11433,330.56,0.44,0.39,2026-08-29,0816,N21,nominal,2.0NRT,297.72,2.62,D
31.65866,74.43478,335.9,0.42,0.38,2026-08-29,0816,N21,nominal,2.0NRT,300.84,3.13,D
31.4437,72.14252,346.28,0.38,0.36,2026-08-29,0816,N21,nominal,2.0NRT,303.33,5.53,D
31.58075,72.37492,330.07,0.39,0.36,2026-08-29,0816,N21,low,2.0NRT,301.14,3.32,D
31.59401,72.16967,330.89,0.38,0.36,2026-08-29,0816,N21,nominal,2.0NRT,302.98,2.17,D
28.76445,58.33342,347.4,0.63,0.72,2026-08-29,0816,N21,nominal,2.0NRT,313.75,11.34,D
31.96908,73.98364,335.71,0.41,0.37,2026-08-29,0816,N21,nominal,2.0NRT,298.39,2.09,D
32.88716,71.61623,333.93,0.38,0.36,2026-08-29,0816,N21,low,2.0NRT,305.22,3.04,D
19.2671,56.17464,345.02,0.47,0.47,2026-08-29,0954,N21,nominal,2.0NRT,311.65,2.49,D
20.21149,55.71075,345.67,0.45,0.47,2026-08-29,0954,N21,nominal,2.0NRT,315.58,2.25,D
20.37603,55.93585,346.29,0.46,0.47,2026-08-29,0954,N21,nominal,2.0NRT,315.24,2.19,D
20.38649,55.66393,346.79,0.45,0.47,2026-08-29,0954,N21,low,2.0NRT,319.02,3.65,D
21.00008,56.53333,345.39,0.52,0.5,2026-08-29,0954,N21,nominal,2.0NRT,313.2,6.4,D
21.31237,57.74455,341.56,0.63,0.54,2026-08-29,0954,N21,nominal,2.0NRT,309.09,4.53,D
21.41118,55.74488,345.42,0.47,0.47,2026-08-29,0954,N21,low,2.0NRT,316.6,2.6,D
21.66365,56.41249,339.5,0.52,0.5,2026-08-29,0954,N21,low,2.0NRT,312.98,1.13,D
21.6453,55.9953,344.14,0.49,0.48,2026-08-29,0954,N21,nominal,2.0NRT,313.77,6.18,D
21.83237,56.68302,341.54,0.54,0.51,2026-08-29,0954,N21,low,2.0NRT,313.79,0.89,D
21.93637,57.07122,345.41,0.57,0.52,2026-08-29,0954,N21,nominal,2.0NRT,314.1,6.61,D
21.93751,57.07428,345.6,0.58,0.52,2026-08-29,0954,N21,nominal,2.0NRT,313.86,3.51,D
22.29091,56.52645,340.76,0.54,0.5,2026-08-29,0954,N21,low,2.0NRT,314.67,1.68,D
22.29063,56.52932,340.36,0.54,0.51,2026-08-29,0954,N21,low,2.0NRT,314.56,2.18,D
22.32848,56.4884,345.02,0.53,0.5,2026-08-29,0954,N21,nominal,2.0NRT,314.95,4.4,D
22.33089,56.46708,346.26,0.53,0.5,2026-08-29,0954,N21,nominal,2.0NRT,314.48,3.11,D
22.40455,56.98713,339.62,0.58,0.52,2026-08-29,0954,N21,low,2.0NRT,313.88,2.66,D
22.34602,56.43413,339.94,0.53,0.5,2026-08-29,0954,N21,low,2.0NRT,314.31,2.17,D
22.44343,56.70082,344.45,0.55,0.51,2026-08-29,0954,N21,low,2.0NRT,315.19,20.82,D
22.87336,55.61421,348.96,0.48,0.48,2026-08-29,0956,N21,nominal,2.0NRT,319.52,2.86,D
22.92579,55.80677,346.92,0.49,0.49,2026-08-29,0956,N21,low,2.0NRT,320.59,9.94,D
23.19143,55.45757,352.7,0.47,0.48,2026-08-29,0956,N21,low,2.0NRT,323.19,5.74,D
23.65874,54.35575,367,0.41,0.45,2026-08-29,0956,N21,low,2.0NRT,325.04,0.88,D
23.65779,54.34779,367,0.41,0.45,2026-08-29,0956,N21,low,2.0NRT,325.28,4.02,D
23.66235,54.35122,354.94,0.41,0.45,2026-08-29,0956,N21,nominal,2.0NRT,327.15,4.02,D
23.66283,54.35519,367,0.41,0.45,2026-08-29,0956,N21,low,2.0NRT,325.35,0.88,D
23.66644,54.35063,367,0.41,0.45,2026-08-29,0956,N21,low,2.0NRT,325.01,0.3,D
24.50386,56.60702,345.85,0.58,0.52,2026-08-29,0956,N21,nominal,2.0NRT,310.78,27.49,D
24.50987,54.01908,353.81,0.4,0.44,2026-08-29,0956,N21,nominal,2.0NRT,306.09,7.64,D
25.59931,54.42443,339.42,0.44,0.46,2026-08-29,0956,N21,nominal,2.0NRT,304.44,4.68,D
27.15839,56.10048,345.33,0.58,0.52,2026-08-29,0956,N21,nominal,2.0NRT,312.64,27.58,D
27.16878,56.05825,345.98,0.57,0.52,2026-08-29,0956,N21,nominal,2.0NRT,311.93,18.44,D
27.16822,56.05244,345.94,0.57,0.52,2026-08-29,0956,N21,nominal,2.0NRT,312.39,18.44,D
27.16924,56.05621,367,0.57,0.52,2026-08-29,0956,N21,high,2.0NRT,312.83,32.01,D
30.08092,55.39614,345.07,0.57,0.52,2026-08-29,0956,N21,nominal,2.0NRT,319.21,11.71,D
37.7918,56.37034,337.96,0.39,0.59,2026-08-29,0958,N21,nominal,2.0NRT,304.21,3.91,D
37.79343,56.3667,340.74,0.39,0.59,2026-08-29,0958,N21,nominal,2.0NRT,303.65,2.73,D
38.64779,54.28394,343.1,0.6,0.53,2026-08-29,1000,N21,nominal,2.0NRT,305.7,5.47,D
38.67945,54.31519,336.56,0.6,0.53,2026-08-29,1000,N21,nominal,2.0NRT,305.14,3.4,D
18.01152,54.5747,346.42,0.54,0.42,2026-08-29,0954,N21,low,2.0NRT,318.13,19.32,D
18.32307,55.10622,352.46,0.39,0.44,2026-08-29,0954,N21,nominal,2.0NRT,318.28,4.42,D
18.68811,55.50618,350.38,0.42,0.45,2026-08-29,0954,N21,nominal,2.0NRT,316.44,6.49,D
36.56019,101.9773,325.75,0.39,0.44,2026-08-29,0635,N21,low,2.0NRT,299.81,2.52,D
37.35357,95.85693,336.79,0.38,0.36,2026-08-29,0635,N21,low,2.0NRT,310.81,4.06,D
39.81231,98.29546,348.77,0.44,0.39,2026-08-29,0635,N21,nominal,2.0NRT,316.65,7.92,D
39.25448,76.7924,341.77,0.76,0.77,2026-08-29,0637,N21,nominal,2.0NRT,301.2,14.63,D
21.57803,96.23553,302.44,0.46,0.39,2026-08-29,1900,N21,nominal,2.0NRT,280.1,0.94,N
22.2442,87.38879,296.84,0.55,0.68,2026-08-29,1902,N21,nominal,2.0NRT,270.16,2.16,N
20.86711,96.38932,303.74,0.45,0.39,2026-08-29,1902,N21,nominal,2.0NRT,285.36,1.26,N
39.86184,98.25403,312.35,0.39,0.44,2026-08-29,1856,N21,nominal,2.0NRT,291.77,1.88,N
39.84354,98.27424,307.69,0.39,0.44,2026-08-29,1856,N21,nominal,2.0NRT,288.16,0.75,N
39.82145,98.23954,305.34,0.39,0.44,2026-08-29,1856,N21,nominal,2.0NRT,289.78,1.08,N
39.81101,98.30206,303.62,0.39,0.44,2026-08-29,1856,N21,nominal,2.0NRT,292.66,0.93,N
39.79096,98.29889,315.7,0.39,0.44,2026-08-29,1856,N21,nominal,2.0NRT,289.58,1.15,N
39.78695,98.29826,299.85,0.39,0.44,2026-08-29,1856,N21,nominal,2.0NRT,289.34,1.15,N
39.7902,97.88709,299.61,0.41,0.45,2026-08-29,1856,N21,nominal,2.0NRT,288.62,1.41,N
39.78976,97.89178,318.84,0.41,0.45,2026-08-29,1856,N21,nominal,2.0NRT,288.16,1.41,N
38.84156,100.17017,299.83,0.47,0.4,2026-08-29,1856,N21,nominal,2.0NRT,288.46,1.27,N
36.89207,101.75073,298.36,0.4,0.37,2026-08-29,1856,N21,nominal,2.0NRT,283.98,1.03,N
36.58862,101.48829,309.99,0.41,0.37,2026-08-29,1856,N21,nominal,2.0NRT,282.05,1.48,N
36.57289,101.52702,298.76,0.41,0.37,2026-08-29,1856,N21,nominal,2.0NRT,283.24,0.87,N
36.52245,101.53223,296.03,0.41,0.37,2026-08-29,1856,N21,nominal,2.0NRT,281.45,0.8,N
36.43993,101.6028,295.29,0.41,0.37,2026-08-29,1856,N21,nominal,2.0NRT,280.43,0.81,N
27.37929,95.33325,317.58,0.4,0.44,2026-08-29,1900,N21,nominal,2.0NRT,285.78,2.06,N
27.32357,95.2765,309.66,0.4,0.44,2026-08-29,1900,N21,nominal,2.0NRT,291.31,3.6,N
27.31635,95.26728,308.66,0.4,0.44,2026-08-29,1900,N21,nominal,2.0NRT,290.67,3.49,N
27.03239,94.89097,318.81,0.42,0.45,2026-08-29,1900,N21,nominal,2.0NRT,289.44,2.51,N
26.41217,89.40324,295.44,0.45,0.63,2026-08-29,1900,N21,nominal,2.0NRT,284.36,5.25,N
26.41184,89.40777,295.73,0.45,0.63,2026-08-29,1900,N21,nominal,2.0NRT,284.54,2.71,N
26.41152,89.41228,295.54,0.45,0.63,2026-08-29,1900,N21,nominal,2.0NRT,284.45,2.71,N
21.10646,72.64668,328.62,0.4,0.37,2026-08-29,2042,N21,nominal,2.0NRT,293.11,4.56,N
21.10815,72.63525,307.06,0.4,0.37,2026-08-29,2042,N21,nominal,2.0NRT,292.54,1.21,N
21.10758,72.63906,308.44,0.4,0.37,2026-08-29,2042,N21,nominal,2.0NRT,293.06,1.33,N
21.10702,72.64287,304.47,0.4,0.37,2026-08-29,2042,N21,nominal,2.0NRT,292.99,1.33,N
21.1031,72.64612,335.99,0.4,0.37,2026-08-29,2042,N21,nominal,2.0NRT,293.69,4.56,N
21.10536,72.63088,301.49,0.4,0.37,2026-08-29,2042,N21,nominal,2.0NRT,289.49,1.21,N
21.10479,72.63469,312.83,0.4,0.37,2026-08-29,2042,N21,nominal,2.0NRT,290.99,1.21,N
21.10423,72.6385,312.79,0.4,0.37,2026-08-29,2042,N21,nominal,2.0NRT,291.45,1.33,N
21.10367,72.64231,306.36,0.4,0.37,2026-08-29,2042,N21,nominal,2.0NRT,291.88,1.33,N
21.10144,72.63414,333.85,0.4,0.37,2026-08-29,2042,N21,nominal,2.0NRT,293.5,3,N
21.10088,72.63794,326.61,0.4,0.37,2026-08-29,2042,N21,nominal,2.0NRT,292.55,2.39,N
21.10201,72.63033,302.99,0.4,0.37,2026-08-29,2042,N21,nominal,2.0NRT,291.01,3,N
21.10031,72.64175,304.8,0.4,0.37,2026-08-29,2042,N21,nominal,2.0NRT,291.14,2.39,N
21.09809,72.63358,304.5,0.4,0.37,2026-08-29,2042,N21,nominal,2.0NRT,291.35,3,N
21.09752,72.6374,303.42,0.4,0.37,2026-08-29,2042,N21,nominal,2.0NRT,290.67,2.39,N
18.77779,73.7496,321.51,0.38,0.36,2026-08-29,2044,N21,nominal,2.0NRT,289.43,1.86,N
18.6821,73.03259,305.51,0.39,0.36,2026-08-29,2044,N21,nominal,2.0NRT,293.75,2.8,N
18.68155,73.03622,310.04,0.39,0.36,2026-08-29,2044,N21,nominal,2.0NRT,293.71,2.4,N
18.67714,73.04291,304.94,0.39,0.36,2026-08-29,2044,N21,nominal,2.0NRT,293.04,1.8,N
12.98313,74.85271,296.84,0.44,0.38,2026-08-29,2044,N21,nominal,2.0NRT,278.07,0.62,N
11.58347,77.52039,316.58,0.43,0.46,2026-08-29,2044,N21,nominal,2.0NRT,287.12,1.7,N
10.94139,78.46842,329.14,0.5,0.49,2026-08-29,2044,N21,nominal,2.0NRT,289.92,4.22,N
10.93692,78.46759,317.71,0.5,0.49,2026-08-29,2044,N21,nominal,2.0NRT,290.06,2.94,N
10.07835,77.31503,295.94,0.44,0.46,2026-08-29,2046,N21,nominal,2.0NRT,281.68,0.23,N
9.75514,77.5182,336.79,0.46,0.47,2026-08-29,2046,N21,nominal,2.0NRT,290.51,3.36,N
9.75441,77.52235,304.88,0.46,0.47,2026-08-29,2046,N21,nominal,2.0NRT,288.71,3.36,N
9.75646,77.51951,339.71,0.46,0.47,2026-08-29,2046,N21,nominal,2.0NRT,290.17,6.77,N
9.30188,77.40331,309.77,0.46,0.47,2026-08-29,2046,N21,nominal,2.0NRT,290.41,0.96,N
8.67362,78.03297,305.07,0.52,0.5,2026-08-29,2046,N21,nominal,2.0NRT,283.77,1.52,N
39.79038,97.88158,305.74,0.78,0.78,2026-08-29,2036,N21,nominal,2.0NRT,285.94,3.41,N
39.41195,62.84347,305.07,0.67,0.73,2026-08-29,2038,N21,nominal,2.0NRT,293.87,1.96,N
39.16983,63.25436,302.01,0.63,0.72,2026-08-29,2038,N21,nominal,2.0NRT,291.61,1.55,N
38.68608,65.98788,308.43,0.45,0.63,2026-08-29,2038,N21,nominal,2.0NRT,292.79,1.34,N
38.68569,65.9863,312.95,0.44,0.63,2026-08-29,2038,N21,nominal,2.0NRT,292.14,1.63,N
37.30166,77.71855,296.62,0.39,0.36,2026-08-29,2038,N21,nominal,2.0NRT,283.69,0.51,N
38.04872,67.2617,367,0.37,0.58,2026-08-29,2038,N21,high,2.0NRT,295.2,15.43,N
38.04849,67.26585,345.34,0.37,0.58,2026-08-29,2038,N21,nominal,2.0NRT,293.41,12.49,N
37.12068,62.35651,308.77,0.69,0.74,2026-08-29,2038,N21,nominal,2.0NRT,294.28,4.87,N
37.11368,62.36423,304.96,0.69,0.74,2026-08-29,2038,N21,nominal,2.0NRT,294.03,4.87,N
37.12024,62.36242,306.88,0.69,0.74,2026-08-29,2038,N21,nominal,2.0NRT,294.35,4.83,N
37.11336,62.3623,311.68,0.69,0.74,2026-08-29,2038,N21,nominal,2.0NRT,294.66,2.81,N
37.02996,62.41505,318,0.69,0.74,2026-08-29,2038,N21,nominal,2.0NRT,295.25,5.95,N
37.02899,62.41683,309.93,0.69,0.74,2026-08-29,2038,N21,nominal,2.0NRT,294.95,5.65,N
35.96741,68.68378,306.87,0.59,0.53,2026-08-29,2038,N21,nominal,2.0NRT,295.06,1.72,N
33.23515,71.51561,315.12,0.38,0.44,2026-08-29,2040,N21,nominal,2.0NRT,294.32,2.3,N
32.57681,72.56402,310.52,0.5,0.41,2026-08-29,2040,N21,nominal,2.0NRT,295.46,2.91,N
32.10337,74.17487,311.27,0.43,0.38,2026-08-29,2040,N21,nominal,2.0NRT,296.2,1.58,N
31.76997,70.10649,312.27,0.44,0.46,2026-08-29,2040,N21,nominal,2.0NRT,295.88,3.69,N
29.46117,76.89161,328.7,0.39,0.36,2026-08-29,2040,N21,nominal,2.0NRT,287.95,4.24,N
29.45788,76.89092,321.48,0.39,0.36,2026-08-29,2040,N21,nominal,2.0NRT,291.28,4.24,N
29.43284,77.00395,329.48,0.39,0.36,2026-08-29,2040,N21,nominal,2.0NRT,286.1,3.7,N
28.74562,76.92708,301.37,0.39,0.36,2026-08-29,2040,N21,nominal,2.0NRT,281.89,0.66,N
28.37196,77.2264,322.5,0.39,0.36,2026-08-29,2040,N21,nominal,2.0NRT,285.43,2.13,N
28.35046,77.2559,305.23,0.39,0.37,2026-08-29,2040,N21,nominal,2.0NRT,282.68,0.81,N
28.42361,69.70136,315.13,0.42,0.46,2026-08-29,2040,N21,nominal,2.0NRT,297.57,1.9,N
28.42259,69.69873,311.14,0.42,0.46,2026-08-29,2040,N21,nominal,2.0NRT,297.14,1.36,N
28.34853,70.13123,311.25,0.4,0.44,2026-08-29,2040,N21,nominal,2.0NRT,296.83,0.57,N
26.88006,73.51327,306.75,0.41,0.37,2026-08-29,2040,N21,nominal,2.0NRT,293.71,1.88,N
26.87269,73.51617,312.82,0.41,0.37,2026-08-29,2040,N21,nominal,2.0NRT,293.62,2.18,N
26.29747,74.12477,303.83,0.39,0.37,2026-08-29,2040,N21,nominal,2.0NRT,288.53,0.64,N
26.25701,74.09737,304.69,0.39,0.37,2026-08-29,2040,N21,nominal,2.0NRT,288.98,1.17,N
24.76296,74.6066,295.01,0.39,0.36,2026-08-29,2042,N21,nominal,2.0NRT,261.21,0.41,N
24.69039,74.67906,299.8,0.38,0.36,2026-08-29,2042,N21,nominal,2.0NRT,280.34,0.43,N
24.68999,73.00279,303.15,0.41,0.37,2026-08-29,2042,N21,nominal,2.0NRT,289.02,0.98,N
39.85294,66.19989,307.03,0.37,0.58,2026-08-29,2218,N21,nominal,2.0NRT,293.93,1.27,N
18.68524,55.50652,340.73,0.53,0.5,2026-08-29,2222,N21,nominal,2.0NRT,292.39,8.72,N
18.6856,55.50375,328.21,0.53,0.5,2026-08-29,2222,N21,nominal,2.0NRT,292.04,4.22,N
18.68465,55.50867,323.18,0.53,0.5,2026-08-29,2222,N21,nominal,2.0NRT,291.24,4.22,N
18.56163,55.86756,305.19,0.56,0.52,2026-08-29,2222,N21,nominal,2.0NRT,293.33,1.19,N
18.32069,55.10458,337.69,0.51,0.49,2026-08-29,2222,N21,nominal,2.0NRT,294.48,5.3,N
18.01293,54.57099,333.32,0.47,0.48,2026-08-29,2222,N21,nominal,2.0NRT,299.11,8.5,N
18.01208,54.57541,326.8,0.48,0.48,2026-08-29,2222,N21,nominal,2.0NRT,296.36,8.5,N
38.39669,69.11354,302.7,0.58,0.7,2026-08-29,2218,N21,nominal,2.0NRT,291.3,1.15,N
39.18019,65.31246,314.54,0.35,0.57,2026-08-29,2218,N21,nominal,2.0NRT,294.87,1.07,N
38.68637,65.98769,306.44,0.39,0.59,2026-08-29,2218,N21,nominal,2.0NRT,290.88,1.35,N
39.2482,63.2124,304.75,0.54,0.51,2026-08-29,2218,N21,nominal,2.0NRT,291.84,1.09,N
38.54993,65.94713,303.64,0.39,0.6,2026-08-29,2218,N21,nominal,2.0NRT,293.14,0.91,N
39.28268,63.04882,308.77,0.53,0.5,2026-08-29,2218,N21,nominal,2.0NRT,292.06,1.69,N
39.15673,63.46571,302.16,0.56,0.52,2026-08-29,2218,N21,nominal,2.0NRT,291.5,0.77,N
39.1721,63.28159,301.93,0.55,0.51,2026-08-29,2218,N21,nominal,2.0NRT,291.82,0.72,N
39.16909,63.25354,307.72,0.55,0.51,2026-08-29,2218,N21,nominal,2.0NRT,292.53,1.87,N
39.12808,63.41965,302.88,0.56,0.52,2026-08-29,2218,N21,nominal,2.0NRT,291.81,0.88,N
39.17063,63.25335,304.94,0.55,0.51,2026-08-29,2218,N21,nominal,2.0NRT,291.87,1.54,N
39.16917,63.25946,301.64,0.55,0.51,2026-08-29,2218,N21,nominal,2.0NRT,291.61,1.54,N
39.12737,63.30974,302.83,0.55,0.51,2026-08-29,2218,N21,nominal,2.0NRT,291.76,1.29,N
39.11539,63.33871,302.59,0.56,0.51,2026-08-29,2218,N21,nominal,2.0NRT,291.57,0.76,N
38.45192,65.80598,305.07,0.39,0.59,2026-08-29,2218,N21,nominal,2.0NRT,293.29,1.75,N
38.97253,63.46594,306.05,0.57,0.52,2026-08-29,2218,N21,nominal,2.0NRT,293.96,1.66,N
37.9279,65.63943,305.68,0.39,0.6,2026-08-29,2218,N21,nominal,2.0NRT,293.8,0.8,N
38.13086,64.67413,305.86,0.35,0.56,2026-08-29,2218,N21,nominal,2.0NRT,295.06,0.75,N
39.50919,54.32901,319.49,0.39,0.36,2026-08-29,2218,N21,nominal,2.0NRT,295.92,2.24,N
37.79611,62.5522,310.73,0.55,0.51,2026-08-29,2218,N21,nominal,2.0NRT,293.6,1.52,N
37.78999,62.53682,306.68,0.54,0.51,2026-08-29,2218,N21,nominal,2.0NRT,293.36,2.54,N
37.78651,62.53546,311.09,0.54,0.51,2026-08-29,2218,N21,nominal,2.0NRT,293.85,2.04,N
37.72558,62.09259,316.32,0.52,0.5,2026-08-29,2218,N21,nominal,2.0NRT,294.84,2.6,N
37.6371,62.20195,303.52,0.53,0.5,2026-08-29,2218,N21,nominal,2.0NRT,292.44,0.86,N
37.63651,62.20197,304.16,0.53,0.5,2026-08-29,2218,N21,nominal,2.0NRT,292.65,1.32,N
37.61757,62.13844,306.37,0.52,0.5,2026-08-29,2218,N21,nominal,2.0NRT,296.36,1.85,N
37.9785,60.09,321.83,0.4,0.45,2026-08-29,2218,N21,nominal,2.0NRT,295.29,1.71,N
37.61095,61.60518,320.86,0.49,0.49,2026-08-29,2218,N21,nominal,2.0NRT,296.41,4,N
37.61281,61.57679,308.29,0.49,0.49,2026-08-29,2218,N21,nominal,2.0NRT,296.03,2.25,N
37.60911,61.59285,304.91,0.49,0.49,2026-08-29,2218,N21,nominal,2.0NRT,294.68,1.41,N
37.60851,61.5752,308.96,0.49,0.49,2026-08-29,2218,N21,nominal,2.0NRT,296.17,2.14,N
37.42188,62.30981,306.87,0.54,0.51,2026-08-29,2218,N21,nominal,2.0NRT,292.43,1.49,N
37.59377,61.55815,306.97,0.49,0.49,2026-08-29,2218,N21,nominal,2.0NRT,294.4,1.43,N
37.59134,61.52832,312.65,0.49,0.48,2026-08-29,2218,N21,nominal,2.0NRT,295.89,2.14,N
37.58393,61.56032,306.99,0.49,0.49,2026-08-29,2218,N21,nominal,2.0NRT,294.75,1.72,N
37.57962,61.55873,311.5,0.49,0.49,2026-08-29,2218,N21,nominal,2.0NRT,294.67,1.72,N
37.49781,61.84768,320.21,0.51,0.49,2026-08-29,2218,N21,nominal,2.0NRT,296.1,3.21,N
37.49593,61.84562,312.24,0.51,0.49,2026-08-29,2218,N21,nominal,2.0NRT,296.32,3.53,N
38.24841,57.94236,317.85,0.48,0.4,2026-08-29,2218,N21,nominal,2.0NRT,296.82,2.41,N
38.19353,58.10311,307.43,0.49,0.4,2026-08-29,2218,N21,nominal,2.0NRT,296.17,1.85,N
38.19478,58.10244,307.64,0.49,0.4,2026-08-29,2218,N21,nominal,2.0NRT,296.33,1.53,N
37.62398,60.43971,305.39,0.43,0.46,2026-08-29,2218,N21,nominal,2.0NRT,293.88,0.64,N
37.63347,60.33735,313.84,0.42,0.45,2026-08-29,2218,N21,nominal,2.0NRT,294.55,1.91,N
37.11874,62.36166,320.77,0.55,0.51,2026-08-29,2218,N21,nominal,2.0NRT,295.39,5.04,N
37.1128,62.36591,316.19,0.55,0.51,2026-08-29,2218,N21,nominal,2.0NRT,294.64,5.04,N
37.94263,58.56149,309.3,0.52,0.41,2026-08-29,2218,N21,nominal,2.0NRT,296.86,2.86,N
38.67998,54.31533,328.81,0.39,0.36,2026-08-29,2218,N21,nominal,2.0NRT,296.14,2.08,N
35.68879,67.45513,296.57,0.57,0.69,2026-08-29,2218,N21,nominal,2.0NRT,282.24,1.04,N
37.03054,62.41983,332.73,0.56,0.51,2026-08-29,2218,N21,nominal,2.0NRT,297.29,6.51,N
37.032,62.41378,308.44,0.56,0.51,2026-08-29,2218,N21,nominal,2.0NRT,295.32,3.59,N
38.64787,54.28089,330.57,0.39,0.36,2026-08-29,2218,N21,nominal,2.0NRT,296.67,2.98,N
37.03315,62.41961,333.67,0.56,0.51,2026-08-29,2218,N21,nominal,2.0NRT,297.2,7.89,N
37.32683,61.09778,305.7,0.47,0.48,2026-08-29,2218,N21,nominal,2.0NRT,293.06,0.9,N
37.82887,58.38162,305.91,0.51,0.41,2026-08-29,2218,N21,nominal,2.0NRT,295.6,1.42,N
37.28341,60.79254,305.31,0.45,0.47,2026-08-29,2218,N21,nominal,2.0NRT,292.31,0.81,N
37.21563,60.02287,308.99,0.42,0.45,2026-08-29,2220,N21,nominal,2.0NRT,296.31,1.48,N
36.43693,61.21751,307.35,0.5,0.49,2026-08-29,2220,N21,nominal,2.0NRT,295.15,1.48,N
37.05095,57.78839,299.55,0.5,0.41,2026-08-29,2220,N21,nominal,2.0NRT,280.04,0.73,N
36.47729,59.74398,303.48,0.42,0.45,2026-08-29,2220,N21,nominal,2.0NRT,292.81,0.8,N
36.99169,56.23195,304.29,0.43,0.38,2026-08-29,2220,N21,nominal,2.0NRT,291.95,0.73,N
36.48025,54.90312,304.54,0.4,0.37,2026-08-29,2220,N21,nominal,2.0NRT,292.86,1.02,N
36.2984,54.78634,304.52,0.4,0.37,2026-08-29,2220,N21,nominal,2.0NRT,293.45,0.64,N
36.32399,54.61786,304.22,0.4,0.37,2026-08-29,2220,N21,nominal,2.0NRT,293.1,0.67,N
36.29507,54.78549,308.09,0.4,0.37,2026-08-29,2220,N21,nominal,2.0NRT,293.27,0.64,N
36.35372,54.11937,302.68,0.39,0.36,2026-08-29,2220,N21,nominal,2.0NRT,288.98,0.38,N
35.36852,59.30732,305.63,0.42,0.45,2026-08-29,2220,N21,nominal,2.0NRT,290.13,1.38,N
36.32175,54.18751,305.3,0.39,0.36,2026-08-29,2220,N21,nominal,2.0NRT,288.75,0.75,N
33.75168,59.14501,315,0.44,0.46,2026-08-29,2220,N21,nominal,2.0NRT,290.65,1.3,N
33.04101,56.85061,308.96,0.52,0.42,2026-08-29,2220,N21,nominal,2.0NRT,296.71,1.79,N
32.3362,54.08577,310.64,0.42,0.37,2026-08-29,2220,N21,nominal,2.0NRT,291.07,1.28,N
32.33594,54.08697,309.89,0.42,0.37,2026-08-29,2220,N21,nominal,2.0NRT,291.86,1.45,N
31.88252,54.42813,308.23,0.43,0.38,2026-08-29,2220,N21,nominal,2.0NRT,294.47,2.03,N
31.93991,54.04542,314.87,0.42,0.38,2026-08-29,2220,N21,nominal,2.0NRT,295.07,1.98,N
31.92741,54.05599,332.38,0.42,0.38,2026-08-29,2220,N21,nominal,2.0NRT,297.06,3.99,N
31.43241,56.48957,299.18,0.53,0.42,2026-08-29,2220,N21,nominal,2.0NRT,288.13,0.41,N
31.62415,54.74344,308.86,0.45,0.39,2026-08-29,2220,N21,nominal,2.0NRT,295.17,1.43,N
31.6205,54.72338,305.58,0.44,0.39,2026-08-29,2220,N21,nominal,2.0NRT,293.59,2.2,N
30.75667,56.65407,301.82,0.56,0.43,2026-08-29,2220,N21,nominal,2.0NRT,291.7,2.17,N
30.75529,56.659,306.66,0.56,0.43,2026-08-29,2220,N21,nominal,2.0NRT,291.73,2.59,N
30.66502,56.62266,307.54,0.56,0.43,2026-08-29,2220,N21,nominal,2.0NRT,289.77,1.38,N
30.36588,57.11298,298.41,0.4,0.44,2026-08-29,2220,N21,nominal,2.0NRT,287.58,0.7,N
29.47495,60.8062,306.55,0.34,0.56,2026-08-29,2220,N21,nominal,2.0NRT,291.74,0.92,N
30.23322,56.90692,322.88,0.39,0.44,2026-08-29,2220,N21,nominal,2.0NRT,293.41,2.21,N
30.32342,56.227,300.44,0.54,0.42,2026-08-29,2220,N21,nominal,2.0NRT,288.43,1.01,N
30.32202,55.97432,306.16,0.53,0.42,2026-08-29,2220,N21,nominal,2.0NRT,290.04,1.27,N
29.92519,56.73314,318.35,0.39,0.44,2026-08-29,2222,N21,nominal,2.0NRT,290.23,3.37,N
30.08251,55.39849,329.35,0.5,0.41,2026-08-29,2222,N21,nominal,2.0NRT,293.68,9.57,N
29.98779,55.85389,328.56,0.53,0.42,2026-08-29,2222,N21,nominal,2.0NRT,289.07,5.99,N
28.89957,58.89211,306.66,0.54,0.51,2026-08-29,2222,N21,nominal,2.0NRT,294.23,0.74,N
29.51147,55.79759,301.56,0.53,0.42,2026-08-29,2222,N21,nominal,2.0NRT,290.07,0.99,N
29.15161,55.36537,306.68,0.51,0.41,2026-08-29,2222,N21,nominal,2.0NRT,292.9,1.61,N
29.13608,55.36002,305.57,0.51,0.41,2026-08-29,2222,N21,nominal,2.0NRT,295.52,2.35,N
29.17245,54.61726,305.3,0.47,0.4,2026-08-29,2222,N21,nominal,2.0NRT,293.02,0.89,N
27.22597,60.48816,308.89,0.37,0.58,2026-08-29,2222,N21,nominal,2.0NRT,298.59,2.6,N
28.02073,54.14779,310.14,0.47,0.4,2026-08-29,2222,N21,nominal,2.0NRT,293.98,1.93,N
27.42069,56.49934,313.67,0.42,0.45,2026-08-29,2222,N21,nominal,2.0NRT,300.82,1.21,N
27.30335,56.30336,316.27,0.41,0.45,2026-08-29,2222,N21,nominal,2.0NRT,301.13,1.99,N
27.30362,56.30503,313.43,0.41,0.45,2026-08-29,2222,N21,nominal,2.0NRT,300.89,0.95,N
27.29958,56.30399,313.93,0.41,0.45,2026-08-29,2222,N21,nominal,2.0NRT,300.92,0.98,N
27.16698,56.09838,316.48,0.4,0.44,2026-08-29,2222,N21,nominal,2.0NRT,300.92,2.7,N
27.17089,56.05769,333.18,0.4,0.44,2026-08-29,2222,N21,nominal,2.0NRT,300.38,2.92,N
27.16218,56.10135,314.23,0.4,0.44,2026-08-29,2222,N21,nominal,2.0NRT,300.67,1.66,N
27.16769,56.05272,328.22,0.4,0.44,2026-08-29,2222,N21,nominal,2.0NRT,300.34,2.92,N
27.16293,56.07656,315.46,0.4,0.44,2026-08-29,2222,N21,nominal,2.0NRT,299.98,1.92,N
27.15818,56.10036,319.14,0.4,0.44,2026-08-29,2222,N21,nominal,2.0NRT,300.54,1.66,N
27.15569,56.04977,311.93,0.4,0.44,2026-08-29,2222,N21,nominal,2.0NRT,300.8,2.26,N
27.14295,56.11335,310.98,0.4,0.44,2026-08-29,2222,N21,nominal,2.0NRT,299.75,1.91,N
25.65487,59.35479,314.49,0.34,0.56,2026-08-29,2222,N21,nominal,2.0NRT,295.81,1.27,N
24.98812,55.62561,332.1,0.41,0.45,2026-08-29,2222,N21,nominal,2.0NRT,300.29,2.91,N
25.06122,55.12027,312.72,0.39,0.44,2026-08-29,2222,N21,nominal,2.0NRT,301.8,1.26,N
24.50475,56.6095,323.92,0.48,0.48,2026-08-29,2222,N21,nominal,2.0NRT,301.7,3.59,N
24.50571,56.60485,314.07,0.48,0.48,2026-08-29,2222,N21,nominal,2.0NRT,301.58,3.9,N
24.5049,56.60691,329.05,0.48,0.48,2026-08-29,2222,N21,nominal,2.0NRT,301.73,5.32,N
24.50769,56.59293,311.82,0.48,0.48,2026-08-29,2222,N21,nominal,2.0NRT,301.44,1.74,N
24.46603,56.64135,312.23,0.49,0.48,2026-08-29,2222,N21,nominal,2.0NRT,301.15,1.31,N
24.51031,54.0186,331.92,0.52,0.41,2026-08-29,2222,N21,nominal,2.0NRT,304.02,4.45,N
24.00271,55.44127,315.02,0.42,0.45,2026-08-29,2222,N21,nominal,2.0NRT,303.05,2.47,N
23.36397,56.28233,313.88,0.48,0.48,2026-08-29,2222,N21,nominal,2.0NRT,302.02,1.59,N
23.66151,54.34804,325.81,0.55,0.43,2026-08-29,2222,N21,nominal,2.0NRT,301.17,3.14,N
23.19146,55.46396,314.71,0.44,0.46,2026-08-29,2222,N21,nominal,2.0NRT,302.02,2.36,N
23.18814,55.45882,335.71,0.43,0.46,2026-08-29,2222,N21,nominal,2.0NRT,303.61,4.13,N
23.18897,55.45467,314.43,0.43,0.46,2026-08-29,2222,N21,nominal,2.0NRT,302.5,4.13,N
23.19163,55.45769,339.14,0.44,0.46,2026-08-29,2222,N21,nominal,2.0NRT,303.72,3.24,N
23.19083,55.46185,313.2,0.44,0.46,2026-08-29,2222,N21,nominal,2.0NRT,302.9,3.24,N
23.31126,54.17922,341.69,0.55,0.43,2026-08-29,2222,N21,nominal,2.0NRT,302.34,11.1,N
23.27612,54.25992,318.2,0.56,0.43,2026-08-29,2222,N21,nominal,2.0NRT,300.6,2.74,N
22.92597,55.80394,339.75,0.46,0.47,2026-08-29,2222,N21,nominal,2.0NRT,300.25,5.85,N
22.87944,55.92327,323.55,0.47,0.48,2026-08-29,2222,N21,nominal,2.0NRT,300.25,2.25,N
22.87727,55.92598,312.85,0.47,0.48,2026-08-29,2222,N21,nominal,2.0NRT,300.46,1.45,N
22.87224,55.61205,319.18,0.45,0.47,2026-08-29,2222,N21,nominal,2.0NRT,300.02,2.1,N
22.87138,55.61635,311.39,0.45,0.47,2026-08-29,2222,N21,nominal,2.0NRT,299.45,1.52,N
22.4073,56.99076,314.34,0.56,0.51,2026-08-29,2222,N21,nominal,2.0NRT,297.37,1.17,N
22.40265,56.98972,309.35,0.56,0.51,2026-08-29,2222,N21,nominal,2.0NRT,297.42,1.17,N
22.32883,56.49073,329.26,0.52,0.5,2026-08-29,2222,N21,nominal,2.0NRT,298.24,3.83,N
22.32805,56.48921,335.86,0.52,0.5,2026-08-29,2222,N21,nominal,2.0NRT,298.52,3.97,N
22.32656,56.47303,309.93,0.52,0.5,2026-08-29,2222,N21,nominal,2.0NRT,298.57,0.86,N
22.29209,56.52713,309.6,0.53,0.5,2026-08-29,2222,N21,nominal,2.0NRT,298.37,1.19,N
21.93714,57.07458,329.56,0.58,0.52,2026-08-29,2225,N21,nominal,2.0NRT,296.56,3.39,N
22.5284,54.05043,328.11,0.56,0.43,2026-08-29,2225,N21,nominal,2.0NRT,302.07,4.3,N
21.88915,56.84704,316.12,0.56,0.52,2026-08-29,2225,N21,nominal,2.0NRT,296.56,2.26,N
21.83303,56.67914,316.59,0.55,0.51,2026-08-29,2225,N21,nominal,2.0NRT,297.14,2.33,N
21.66339,56.41022,327.15,0.53,0.5,2026-08-29,2225,N21,nominal,2.0NRT,297.95,2.11,N
21.66238,56.41525,311.89,0.53,0.5,2026-08-29,2225,N21,nominal,2.0NRT,296.59,2.11,N
21.45922,57.24279,308.17,0.61,0.53,2026-08-29,2225,N21,nominal,2.0NRT,295.52,1.07,N
21.3329,57.72155,305.98,0.33,0.55,2026-08-29,2225,N21,nominal,2.0NRT,293.85,0.97,N
21.31277,57.74251,324.72,0.33,0.55,2026-08-29,2225,N21,nominal,2.0NRT,293.47,2,N
21.31211,57.74559,334.09,0.33,0.55,2026-08-29,2225,N21,nominal,2.0NRT,294.23,2,N
21.31737,57.72103,317.98,0.33,0.55,2026-08-29,2225,N21,nominal,2.0NRT,294.36,1,N
21.3008,57.7984,312.69,0.33,0.55,2026-08-29,2225,N21,nominal,2.0NRT,294.02,0.67,N
21.30512,57.70513,312.7,0.33,0.55,2026-08-29,2225,N21,nominal,2.0NRT,294.38,0.98,N
21.30509,57.70546,314.4,0.33,0.55,2026-08-29,2225,N21,nominal,2.0NRT,293.94,1.01,N
21.64574,55.99581,332.42,0.5,0.49,2026-08-29,2225,N21,nominal,2.0NRT,301.78,4.85,N
21.29471,57.68022,310.68,0.33,0.55,2026-08-29,2225,N21,nominal,2.0NRT,293.96,0.6,N
21.00027,56.52923,336.17,0.56,0.51,2026-08-29,2225,N21,nominal,2.0NRT,297.06,6.6,N
21.00227,56.52938,324.94,0.56,0.51,2026-08-29,2225,N21,nominal,2.0NRT,296.59,3.06,N
21.00122,56.53463,308.37,0.56,0.51,2026-08-29,2225,N21,nominal,2.0NRT,295.17,2.33,N
20.37469,55.93177,308.95,0.52,0.5,2026-08-29,2225,N21,nominal,2.0NRT,290.04,1.46,N
20.37369,55.93669,310.75,0.52,0.5,2026-08-29,2225,N21,nominal,2.0NRT,289.07,1.46,N
20.38932,55.66104,328.06,0.5,0.49,2026-08-29,2225,N21,nominal,2.0NRT,292.17,2.57,N
20.38321,55.64488,311.3,0.5,0.49,2026-08-29,2225,N21,nominal,2.0NRT,292.13,2.35,N
20.2137,55.71315,316.19,0.51,0.49,2026-08-29,2225,N21,nominal,2.0NRT,289.66,1.86,N
20.0259,56.1517,300.65,0.55,0.51,2026-08-29,2225,N21,nominal,2.0NRT,289.45,0.68,N
23.77771,86.20815,329,0.52,0.5,2026-08-30,0754,N21,nominal,2.0NRT,288.71,11.8,D
27.45659,70.43187,344.42,0.49,0.49,2026-08-30,0756,N21,nominal,2.0NRT,308.22,9.08,D
27.45579,70.42984,344.07,0.49,0.49,2026-08-30,0756,N21,nominal,2.0NRT,308.36,7.92,D
27.62523,70.73109,341.31,0.47,0.48,2026-08-30,0756,N21,nominal,2.0NRT,309.66,2.05,D
28.05127,69.3676,335.12,0.55,0.51,2026-08-30,0756,N21,nominal,2.0NRT,305.71,5.64,D
28.34536,68.13979,332.45,0.32,0.55,2026-08-30,0756,N21,low,2.0NRT,305.58,2.98,D
28.30062,67.82648,347.35,0.34,0.56,2026-08-30,0756,N21,nominal,2.0NRT,306.52,4.29,D
28.30488,67.8265,342.85,0.34,0.56,2026-08-30,0756,N21,nominal,2.0NRT,306.59,2.33,D
28.60635,68.63322,335.73,0.59,0.53,2026-08-30,0756,N21,low,2.0NRT,307.09,10.16,D
28.45368,67.87737,336.43,0.33,0.55,2026-08-30,0756,N21,low,2.0NRT,306.49,2.14,D
30.04145,72.11039,336.3,0.53,0.42,2026-08-30,0756,N21,nominal,2.0NRT,305.82,6.68,D
30.08393,71.72083,334.39,0.56,0.43,2026-08-30,0756,N21,nominal,2.0NRT,301.97,2.31,D
29.89409,69.47026,339.59,0.5,0.49,2026-08-30,0756,N21,nominal,2.0NRT,311.35,3.83,D
31.27915,74.4353,331.11,0.42,0.37,2026-08-30,0758,N21,nominal,2.0NRT,299.69,1.86,D
32.32051,76.85158,332.07,0.38,0.36,2026-08-30,0758,N21,nominal,2.0NRT,303.55,3.22,D
34.19078,74.22848,330.02,0.4,0.37,2026-08-30,0758,N21,nominal,2.0NRT,299.59,3.13,D
33.76547,64.16775,367,0.41,0.61,2026-08-30,0758,N21,high,2.0NRT,308.69,9.48,D
35.32925,60.65514,337.35,0.58,0.7,2026-08-30,0758,N21,nominal,2.0NRT,307.11,2.27,D
37.03385,62.41587,346.71,0.42,0.61,2026-08-30,0801,N21,nominal,2.0NRT,315.15,12.79,D
37.1613,61.35729,337.9,0.47,0.64,2026-08-30,0801,N21,nominal,2.0NRT,301.69,8.13,D
38.67618,65.96226,348.35,0.5,0.49,2026-08-30,0801,N21,nominal,2.0NRT,319.29,11.81,D
37.44547,61.05388,342.61,0.48,0.65,2026-08-30,0801,N21,nominal,2.0NRT,304.78,5.54,D
37.21738,60.19246,343.35,0.54,0.68,2026-08-30,0801,N21,nominal,2.0NRT,300.77,4.77,D
37.21571,60.18673,335.83,0.55,0.68,2026-08-30,0801,N21,nominal,2.0NRT,301.4,4.77,D
38.43854,64.28478,341.04,0.62,0.54,2026-08-30,0801,N21,nominal,2.0NRT,307.56,15.84,D
38.43687,64.27805,340.42,0.62,0.54,2026-08-30,0801,N21,low,2.0NRT,310.67,15.43,D
37.59115,60.90608,331.04,0.49,0.65,2026-08-30,0801,N21,low,2.0NRT,304.71,2.76,D
37.7408,60.72105,367,0.49,0.65,2026-08-30,0801,N21,high,2.0NRT,303.08,14.32,D
37.74648,60.71855,367,0.49,0.65,2026-08-30,0801,N21,high,2.0NRT,305.22,14.32,D
37.74498,60.71326,339.26,0.49,0.65,2026-08-30,0801,N21,nominal,2.0NRT,302.95,20.62,D
37.75067,60.71075,340.62,0.49,0.65,2026-08-30,0801,N21,nominal,2.0NRT,305.21,7.67,D
37.74493,60.72098,342.43,0.49,0.65,2026-08-30,0801,N21,nominal,2.0NRT,303.07,16.91,D
37.7434,60.71569,354.71,0.49,0.65,2026-08-30,0801,N21,nominal,2.0NRT,305.4,23.26,D
37.74909,60.71321,354.54,0.49,0.65,2026-08-30,0801,N21,nominal,2.0NRT,305.64,11.89,D
6.3257,81.36326,335.76,0.4,0.37,2026-08-30,0750,N21,nominal,2.0NRT,298.59,6.42,D
6.40834,81.07169,342.99,0.41,0.37,2026-08-30,0750,N21,low,2.0NRT,305.41,29.38,D
6.42115,80.9984,331.57,0.41,0.37,2026-08-30,0750,N21,nominal,2.0NRT,297.94,5.27,D
6.45692,81.09417,367,0.41,0.37,2026-08-30,0750,N21,high,2.0NRT,332.05,254.85,D
6.45635,81.09051,323.9,0.41,0.37,2026-08-30,0750,N21,low,2.0NRT,324.57,111.34,D
6.45683,81.02672,337.31,0.41,0.37,2026-08-30,0750,N21,nominal,2.0NRT,299.95,6.58,D
6.81159,81.56016,337.32,0.4,0.37,2026-08-30,0750,N21,low,2.0NRT,309.54,8.35,D
6.8962,81.66633,338.71,0.39,0.36,2026-08-30,0750,N21,low,2.0NRT,309.53,7.89,D
7.06743,81.5852,333.36,0.39,0.36,2026-08-30,0750,N21,low,2.0NRT,305.96,3.56,D
7.12897,81.3464,339.08,0.4,0.37,2026-08-30,0750,N21,nominal,2.0NRT,306.83,5.02,D
7.21494,81.79165,337.88,0.39,0.36,2026-08-30,0750,N21,low,2.0NRT,311.14,8.93,D
7.13438,81.13805,333.83,0.4,0.37,2026-08-30,0750,N21,low,2.0NRT,302.76,3.41,D
7.19235,81.2737,332.52,0.4,0.37,2026-08-30,0750,N21,nominal,2.0NRT,305.28,2.29,D
7.28445,81.71198,338.52,0.39,0.36,2026-08-30,0750,N21,low,2.0NRT,310.35,5.37,D
7.29427,81.75349,334.18,0.39,0.36,2026-08-30,0750,N21,low,2.0NRT,308.3,3.23,D
7.23978,81.40193,340.35,0.4,0.37,2026-08-30,0750,N21,low,2.0NRT,307.69,5.31,D
7.29704,81.74947,345.13,0.39,0.36,2026-08-30,0750,N21,nominal,2.0NRT,311.81,8.39,D
36.5668,101.43587,330.21,0.39,0.36,2026-08-30,0616,N21,nominal,2.0NRT,296.54,3.66,D
7.33038,81.83376,337.07,0.39,0.36,2026-08-30,0750,N21,low,2.0NRT,307.75,4.51,D
7.34586,81.82422,330.6,0.39,0.36,2026-08-30,0750,N21,low,2.0NRT,302.88,3.73,D
7.37181,81.81664,332.35,0.39,0.36,2026-08-30,0750,N21,low,2.0NRT,303.18,4.11,D
7.35673,81.58574,334.09,0.39,0.36,2026-08-30,0750,N21,nominal,2.0NRT,303.02,3.08,D
7.34865,81.44608,338.91,0.39,0.37,2026-08-30,0750,N21,low,2.0NRT,312.5,8.35,D
7.3734,81.56155,338.55,0.39,0.36,2026-08-30,0750,N21,low,2.0NRT,304.36,6.16,D
7.32707,81.21968,342.35,0.4,0.37,2026-08-30,0750,N21,low,2.0NRT,310.84,9.76,D
38.76765,101.12017,339.2,0.39,0.36,2026-08-30,0618,N21,low,2.0NRT,309.88,7.04,D
7.38338,81.56006,334.85,0.39,0.36,2026-08-30,0750,N21,low,2.0NRT,304.29,3.92,D
7.39559,81.55095,337.36,0.39,0.36,2026-08-30,0750,N21,low,2.0NRT,309.78,4.3,D
7.39504,81.54742,340.55,0.39,0.36,2026-08-30,0750,N21,low,2.0NRT,309.43,4.3,D
7.39837,81.54692,335.48,0.39,0.36,2026-08-30,0750,N21,low,2.0NRT,308.8,4.3,D
7.40169,81.54639,353.44,0.39,0.36,2026-08-30,0750,N21,nominal,2.0NRT,311.1,11.45,D
7.35109,81.19757,343.01,0.4,0.37,2026-08-30,0750,N21,low,2.0NRT,313.01,11.88,D
7.36785,81.19496,341.58,0.4,0.37,2026-08-30,0750,N21,low,2.0NRT,311.06,4.64,D
7.39002,81.29404,335.76,0.4,0.37,2026-08-30,0750,N21,low,2.0NRT,308.48,7.5,D
7.37791,81.19337,342.34,0.4,0.37,2026-08-30,0750,N21,nominal,2.0NRT,309.81,3.89,D
7.43838,81.32238,343.37,0.4,0.37,2026-08-30,0750,N21,low,2.0NRT,311.67,8.78,D
7.45504,81.34151,341.27,0.4,0.37,2026-08-30,0750,N21,low,2.0NRT,313.57,6.59,D
7.42262,80.91231,330.67,0.41,0.37,2026-08-30,0750,N21,low,2.0NRT,305.05,4.73,D
7.58441,81.69275,338.82,0.39,0.36,2026-08-30,0750,N21,low,2.0NRT,309.81,6.29,D
7.8727,81.46659,343.88,0.39,0.36,2026-08-30,0750,N21,nominal,2.0NRT,310,4.24,D
8.93206,77.96355,336.81,0.53,0.42,2026-08-30,0750,N21,nominal,2.0NRT,292.55,6.73,D
9.40275,80.4299,330.63,0.41,0.37,2026-08-30,0750,N21,low,2.0NRT,289.9,2.23,D
9.11486,77.77372,331.27,0.54,0.42,2026-08-30,0750,N21,nominal,2.0NRT,292.81,3.44,D
9.44426,77.67081,348.44,0.54,0.42,2026-08-30,0750,N21,nominal,2.0NRT,298.89,16.1,D
9.44347,77.66592,337.18,0.55,0.42,2026-08-30,0750,N21,nominal,2.0NRT,295.43,7.48,D
9.44579,77.66801,351.06,0.54,0.42,2026-08-30,0750,N21,nominal,2.0NRT,297.64,17.27,D
11.81002,77.2115,340.99,0.54,0.42,2026-08-30,0752,N21,nominal,2.0NRT,298.3,11.53,D
13.80737,79.89786,333.6,0.4,0.37,2026-08-30,0752,N21,low,2.0NRT,301.04,3.51,D
13.83721,79.3314,339.47,0.41,0.37,2026-08-30,0752,N21,low,2.0NRT,300.28,9.11,D
14.25786,80.12138,336.17,0.39,0.36,2026-08-30,0752,N21,low,2.0NRT,304.46,9.42,D
14.67095,79.82304,333.89,0.39,0.36,2026-08-30,0752,N21,nominal,2.0NRT,299.86,4.38,D
14.91308,77.69633,333.12,0.46,0.39,2026-08-30,0752,N21,nominal,2.0NRT,296.36,6.48,D
15.18088,76.66781,333.34,0.52,0.41,2026-08-30,0752,N21,nominal,2.0NRT,289.95,3.18,D
18.3947,74.34995,332.85,0.42,0.45,2026-08-30,0754,N21,nominal,2.0NRT,298.89,1.79,D
18.56188,74.5267,335.86,0.41,0.45,2026-08-30,0754,N21,nominal,2.0NRT,297.81,4.39,D
39.41116,62.84725,348.66,0.35,0.56,2026-08-30,0758,N21,nominal,2.0NRT,316.6,12.06,D
39.63781,98.45254,342.65,0.39,0.36,2026-08-30,0618,N21,low,2.0NRT,313.58,5.53,D
39.75817,98.43472,340.44,0.39,0.36,2026-08-30,0618,N21,low,2.0NRT,312.89,2.95,D
39.81101,98.29612,342.25,0.39,0.36,2026-08-30,0618,N21,low,2.0NRT,316.88,6.61,D
22.32822,56.49094,348.44,0.44,0.38,2026-08-30,0937,N21,low,2.0NRT,319.37,2.67,D
22.40482,56.98906,341.87,0.46,0.39,2026-08-30,0937,N21,low,2.0NRT,316.56,2.61,D
22.48153,56.94239,348.57,0.46,0.39,2026-08-30,0937,N21,nominal,2.0NRT,318.1,5.79,D
24.50512,56.60614,342.59,0.46,0.39,2026-08-30,0937,N21,low,2.0NRT,313.78,21.66,D
24.51075,54.01822,335.2,0.39,0.36,2026-08-30,0937,N21,nominal,2.0NRT,305.89,3.42,D
25.3093,56.37132,338.56,0.46,0.39,2026-08-30,0937,N21,low,2.0NRT,308.62,10.64,D
27.16011,56.10288,346.04,0.47,0.4,2026-08-30,0939,N21,nominal,2.0NRT,315.95,19.85,D
27.16924,56.0584,343.83,0.47,0.39,2026-08-30,0939,N21,low,2.0NRT,317.61,26.01,D
27.16865,56.05372,352.88,0.47,0.39,2026-08-30,0939,N21,nominal,2.0NRT,318.34,33.03,D
29.98784,55.85569,340.4,0.49,0.4,2026-08-30,0939,N21,low,2.0NRT,314.65,10.49,D
34.05277,58.17188,344.72,0.48,0.48,2026-08-30,0941,N21,low,2.0NRT,319.38,3.69,D
34.54304,60.72371,367,0.34,0.56,2026-08-30,0941,N21,high,2.0NRT,309.86,8.69,D
37.03191,62.41922,355.13,0.45,0.63,2026-08-30,0941,N21,nominal,2.0NRT,314.94,18.23,D
37.11718,62.36718,342.72,0.45,0.63,2026-08-30,0941,N21,low,2.0NRT,314.64,16.18,D
37.16091,61.35738,330.91,0.39,0.6,2026-08-30,0941,N21,low,2.0NRT,304.94,2.45,D
37.21393,60.18623,340.11,0.34,0.56,2026-08-30,0941,N21,nominal,2.0NRT,305.88,4.88,D
37.21955,60.19334,342.26,0.34,0.56,2026-08-30,0941,N21,nominal,2.0NRT,306.1,4.71,D
37.24437,60.33806,332.83,0.34,0.56,2026-08-30,0941,N21,low,2.0NRT,306.12,2.61,D
37.28656,60.07035,345.53,0.33,0.56,2026-08-30,0941,N21,nominal,2.0NRT,305.54,5.5,D
37.42411,59.84994,338.88,0.32,0.55,2026-08-30,0941,N21,nominal,2.0NRT,304.82,3.36,D
37.04364,54.57264,333.1,0.51,0.41,2026-08-30,0941,N21,low,2.0NRT,303.79,4.43,D
37.75306,60.71476,333.05,0.37,0.58,2026-08-30,0941,N21,low,2.0NRT,306.08,4.56,D
37.40938,55.45596,339.16,0.56,0.43,2026-08-30,0941,N21,nominal,2.0NRT,304.43,4.57,D
37.4085,55.45471,339.22,0.57,0.43,2026-08-30,0941,N21,nominal,2.0NRT,305.52,5.51,D
38.24874,57.93784,336.13,0.52,0.5,2026-08-30,0941,N21,nominal,2.0NRT,305.45,6.67,D
38.71085,65.89685,338.27,0.72,0.76,2026-08-30,0941,N21,low,2.0NRT,311.54,8.22,D
38.64703,54.28467,340.58,0.51,0.41,2026-08-30,0941,N21,low,2.0NRT,310.69,4.86,D
38.68115,54.31463,342.69,0.52,0.41,2026-08-30,0941,N21,nominal,2.0NRT,311.62,4.43,D
39.4099,62.84727,347.36,0.49,0.65,2026-08-30,0941,N21,nominal,2.0NRT,309.46,17.87,D
39.41212,62.85038,338.95,0.5,0.65,2026-08-30,0941,N21,nominal,2.0NRT,307.97,15.74,D
39.31305,55.70168,334.55,0.41,0.45,2026-08-30,0941,N21,nominal,2.0NRT,303.54,2.74,D
39.31714,55.70104,342.82,0.41,0.45,2026-08-30,0941,N21,nominal,2.0NRT,305.84,6.09,D
39.31669,55.69634,339.35,0.41,0.45,2026-08-30,0941,N21,nominal,2.0NRT,302.23,3.17,D
39.32442,55.69035,340.97,0.41,0.45,2026-08-30,0941,N21,nominal,2.0NRT,303.9,4.45,D
21.30429,57.79845,341.45,0.49,0.4,2026-08-30,0937,N21,low,2.0NRT,315.81,0.82,D
21.31245,57.74506,350.39,0.48,0.4,2026-08-30,0937,N21,nominal,2.0NRT,315.53,5.09,D
21.32047,57.72027,340.93,0.48,0.4,2026-08-30,0937,N21,low,2.0NRT,314.5,1.85,D
21.66363,56.41202,341.85,0.43,0.38,2026-08-30,0937,N21,low,2.0NRT,316.38,0.67,D
21.66654,56.40737,342.99,0.43,0.38,2026-08-30,0937,N21,low,2.0NRT,317.3,1.75,D
21.93686,57.07588,341.29,0.46,0.39,2026-08-30,0937,N21,low,2.0NRT,315.84,2.88,D
7.57658,100.38181,351.55,0.58,0.52,2026-08-30,0610,N21,nominal,2.0NRT,296.39,12,D
8.02656,100.01848,339.36,0.6,0.53,2026-08-30,0610,N21,nominal,2.0NRT,293.6,5.67,D
14.00761,100.26613,330.68,0.46,0.47,2026-08-30,0610,N21,nominal,2.0NRT,291.03,3.2,D
8.42348,99.0535,302.01,0.42,0.38,2026-08-30,1845,N21,nominal,2.0NRT,279.28,0.52,N
7.86341,100.08485,309.53,0.39,0.36,2026-08-30,1845,N21,nominal,2.0NRT,286.62,1.38,N
7.85954,100.08787,304,0.39,0.36,2026-08-30,1845,N21,nominal,2.0NRT,285.66,0.51,N
6.58109,100.74315,311.26,0.38,0.36,2026-08-30,1845,N21,nominal,2.0NRT,291.46,0.95,N
39.86194,98.25202,300.87,0.35,0.57,2026-08-30,1836,N21,nominal,2.0NRT,289.76,1.31,N
39.82069,98.24075,304.8,0.35,0.57,2026-08-30,1836,N21,nominal,2.0NRT,289.94,0.86,N
39.81185,98.28652,311.28,0.35,0.56,2026-08-30,1836,N21,nominal,2.0NRT,290.3,1.11,N
38.84002,100.16911,299.57,0.54,0.5,2026-08-30,1838,N21,nominal,2.0NRT,288.91,0.73,N
38.55791,100.5068,331.43,0.51,0.49,2026-08-30,1838,N21,nominal,2.0NRT,283.51,5.51,N
38.55838,100.50095,310.91,0.51,0.49,2026-08-30,1838,N21,nominal,2.0NRT,282.31,2.93,N
37.34518,97.41097,296.02,0.37,0.58,2026-08-30,1838,N21,nominal,2.0NRT,285.06,0.45,N
37.34658,97.41036,298.02,0.37,0.58,2026-08-30,1838,N21,nominal,2.0NRT,284.77,0.62,N
36.89105,101.75259,296.18,0.42,0.45,2026-08-30,1838,N21,nominal,2.0NRT,282.24,1.39,N
36.88935,101.75021,295.69,0.42,0.45,2026-08-30,1838,N21,nominal,2.0NRT,282,0.57,N
36.58985,101.4875,306.6,0.43,0.46,2026-08-30,1838,N21,nominal,2.0NRT,282.91,1.74,N
36.57297,101.52927,297.4,0.43,0.46,2026-08-30,1838,N21,nominal,2.0NRT,282.32,0.87,N
23.01681,101.0691,306.23,0.47,0.4,2026-08-30,1843,N21,nominal,2.0NRT,288.96,1.14,N
18.54595,74.25349,306.23,0.5,0.41,2026-08-30,2023,N21,nominal,2.0NRT,289.56,1.61,N
18.68679,73.03175,299.44,0.39,0.44,2026-08-30,2023,N21,nominal,2.0NRT,288.82,0.79,N
17.06211,76.97839,296.6,0.39,0.36,2026-08-30,2023,N21,nominal,2.0NRT,276.06,0.27,N
15.33369,76.24677,302.99,0.39,0.37,2026-08-30,2025,N21,nominal,2.0NRT,288.71,0.69,N
15.6589,73.98905,313.76,0.48,0.4,2026-08-30,2025,N21,nominal,2.0NRT,291.6,1.82,N
15.17899,77.10476,300.35,0.38,0.36,2026-08-30,2025,N21,nominal,2.0NRT,281.93,0.66,N
15.17624,77.10066,301.93,0.38,0.36,2026-08-30,2025,N21,nominal,2.0NRT,283.36,0.92,N
15.30024,76.21906,299.57,0.4,0.37,2026-08-30,2025,N21,nominal,2.0NRT,283.8,0.29,N
15.02291,78.01446,304.77,0.39,0.36,2026-08-30,2025,N21,nominal,2.0NRT,282.76,0.47,N
15.17321,76.78666,303.84,0.39,0.36,2026-08-30,2025,N21,nominal,2.0NRT,287.31,0.98,N
14.92978,78.3416,299.8,0.39,0.36,2026-08-30,2025,N21,nominal,2.0NRT,276.1,0.3,N
15.18139,76.66699,331.56,0.39,0.36,2026-08-30,2025,N21,nominal,2.0NRT,290.21,6.39,N
15.1803,76.67416,315.15,0.39,0.36,2026-08-30,2025,N21,nominal,2.0NRT,287.12,2.21,N
15.17644,76.67721,323.12,0.39,0.36,2026-08-30,2025,N21,nominal,2.0NRT,289.4,1.48,N
15.17424,76.69155,320.05,0.39,0.36,2026-08-30,2025,N21,nominal,2.0NRT,286.43,1.86,N
15.17808,76.66647,304.26,0.39,0.36,2026-08-30,2025,N21,nominal,2.0NRT,289.01,0.67,N
15.17698,76.67363,305.17,0.39,0.36,2026-08-30,2025,N21,nominal,2.0NRT,286.87,1.48,N
15.17641,76.65518,321.08,0.39,0.36,2026-08-30,2025,N21,nominal,2.0NRT,291.05,3.2,N
15.17587,76.65878,330.77,0.39,0.36,2026-08-30,2025,N21,nominal,2.0NRT,289.41,3.02,N
15.17146,76.66541,309.81,0.39,0.36,2026-08-30,2025,N21,nominal,2.0NRT,289.07,1.63,N
15.16705,76.67205,308.78,0.39,0.36,2026-08-30,2025,N21,nominal,2.0NRT,288.57,1.27,N
15.17045,76.38124,306.12,0.39,0.36,2026-08-30,2025,N21,nominal,2.0NRT,287.89,1.14,N
15.16712,76.38071,306.74,0.39,0.36,2026-08-30,2025,N21,nominal,2.0NRT,287.75,1.69,N
15.06977,76.86497,303.21,0.39,0.36,2026-08-30,2025,N21,nominal,2.0NRT,288.89,1.13,N
13.82714,79.33331,296.35,0.42,0.38,2026-08-30,2025,N21,nominal,2.0NRT,262.42,0.86,N
13.82651,79.33714,299.57,0.42,0.38,2026-08-30,2025,N21,nominal,2.0NRT,261.5,0.65,N
13.70962,79.62088,307.73,0.43,0.38,2026-08-30,2025,N21,nominal,2.0NRT,288.37,1.51,N
13.89755,76.56599,306.74,0.39,0.36,2026-08-30,2025,N21,nominal,2.0NRT,287.97,1.04,N
11.81654,77.91914,308.82,0.4,0.37,2026-08-30,2025,N21,nominal,2.0NRT,289.99,1.71,N
11.18236,79.10169,308.16,0.44,0.38,2026-08-30,2025,N21,nominal,2.0NRT,286.73,1.27,N
10.1045,77.46542,307.32,0.4,0.37,2026-08-30,2025,N21,nominal,2.0NRT,290.73,0.59,N
9.97713,76.37589,300.76,0.38,0.36,2026-08-30,2025,N21,nominal,2.0NRT,281.22,0.97,N
9.66702,77.4543,301.83,0.4,0.37,2026-08-30,2025,N21,nominal,2.0NRT,284.41,0.68,N
9.66644,77.4579,301.05,0.4,0.37,2026-08-30,2025,N21,nominal,2.0NRT,284.78,0.88,N
8.86577,81.02528,308.28,0.39,0.44,2026-08-30,2025,N21,nominal,2.0NRT,293.38,1.59,N
8.06793,80.64336,309.4,0.38,0.43,2026-08-30,2025,N21,nominal,2.0NRT,292.27,1.32,N
7.60446,81.1549,306.62,0.42,0.45,2026-08-30,2025,N21,nominal,2.0NRT,291.63,1.44,N
7.60381,81.15863,314.73,0.42,0.45,2026-08-30,2025,N21,nominal,2.0NRT,291.76,1.44,N
7.60591,81.15605,319.26,0.42,0.45,2026-08-30,2025,N21,nominal,2.0NRT,291.93,2.81,N
7.49099,81.33207,307.76,0.43,0.46,2026-08-30,2025,N21,nominal,2.0NRT,292.92,1.34,N
7.49031,81.336,310.14,0.43,0.46,2026-08-30,2025,N21,nominal,2.0NRT,293.22,1.34,N
7.27278,81.17397,306.48,0.42,0.46,2026-08-30,2025,N21,nominal,2.0NRT,293.51,2.1,N
6.87961,81.14127,303.98,0.43,0.46,2026-08-30,2027,N21,nominal,2.0NRT,289.89,0.76,N
39.85979,98.2537,311.65,0.47,0.64,2026-08-30,2017,N21,nominal,2.0NRT,290.88,2.07,N
39.8414,98.27377,306.06,0.47,0.64,2026-08-30,2017,N21,nominal,2.0NRT,287.39,1.12,N
39.80888,98.29887,305.9,0.47,0.64,2026-08-30,2017,N21,nominal,2.0NRT,291.61,2.71,N
38.55792,100.50074,304.33,0.67,0.73,2026-08-30,2019,N21,nominal,2.0NRT,281.01,2.39,N
38.5589,100.50552,311.73,0.67,0.73,2026-08-30,2019,N21,nominal,2.0NRT,280.9,2.2,N
37.34675,97.41032,296.56,0.5,0.66,2026-08-30,2017,N21,nominal,2.0NRT,283.73,1.15,N
39.00697,88.12492,303.62,0.47,0.4,2026-08-30,2017,N21,nominal,2.0NRT,285.73,0.81,N
38.05223,67.26552,343.72,0.69,0.74,2026-08-30,2017,N21,nominal,2.0NRT,292.85,9.53,N
38.05235,67.25811,313.77,0.69,0.74,2026-08-30,2017,N21,nominal,2.0NRT,292.03,9.53,N
37.30328,77.71665,301.99,0.55,0.42,2026-08-30,2019,N21,nominal,2.0NRT,282.94,0.63,N
35.96629,68.68493,305.18,0.55,0.68,2026-08-30,2019,N21,nominal,2.0NRT,292.68,1.79,N
32.88963,71.61536,307.87,0.35,0.57,2026-08-30,2019,N21,nominal,2.0NRT,291.4,3.63,N
32.88914,71.61612,310.25,0.35,0.57,2026-08-30,2019,N21,nominal,2.0NRT,291.69,4.64,N
32.57693,72.56086,306.66,0.61,0.54,2026-08-30,2019,N21,nominal,2.0NRT,292.39,5.11,N
32.08688,74.16473,308.73,0.49,0.48,2026-08-30,2019,N21,nominal,2.0NRT,293.26,2.17,N
32.29146,70.72985,307.46,0.39,0.59,2026-08-30,2019,N21,nominal,2.0NRT,292.07,2.86,N
28.42203,69.69844,308.48,0.41,0.61,2026-08-30,2021,N21,nominal,2.0NRT,295.08,2.03,N
26.87142,73.51697,304.58,0.46,0.47,2026-08-30,2021,N21,nominal,2.0NRT,291.92,1,N
25.9405,72.18806,308.88,0.54,0.51,2026-08-30,2021,N21,nominal,2.0NRT,291.81,1.27,N
26.095,68.87676,304,0.44,0.62,2026-08-30,2021,N21,nominal,2.0NRT,292.68,0.55,N
23.69337,85.36873,306.66,0.41,0.45,2026-08-30,2021,N21,nominal,2.0NRT,268.01,1.79,N
22.38949,73.11753,317.74,0.43,0.46,2026-08-30,2023,N21,nominal,2.0NRT,291.33,2.05,N
21.43382,72.97546,306.45,0.43,0.46,2026-08-30,2023,N21,nominal,2.0NRT,292.27,1.11,N
21.10776,72.64674,316.31,0.44,0.46,2026-08-30,2023,N21,nominal,2.0NRT,294.45,5.52,N
21.10351,72.64619,339.7,0.44,0.46,2026-08-30,2023,N21,nominal,2.0NRT,294.58,5.52,N
21.10401,72.64194,305.83,0.44,0.46,2026-08-30,2023,N21,nominal,2.0NRT,292.22,5.52,N
21.10025,72.63715,330.55,0.44,0.46,2026-08-30,2023,N21,nominal,2.0NRT,293.27,5.24,N
21.10076,72.63288,318.99,0.44,0.46,2026-08-30,2023,N21,nominal,2.0NRT,292.62,5.24,N
37.79661,62.55157,321.16,0.48,0.4,2026-08-30,2159,N21,nominal,2.0NRT,298.86,3.62,N
37.78791,62.5375,321.76,0.48,0.4,2026-08-30,2159,N21,nominal,2.0NRT,298.21,3.66,N
37.77631,62.02811,307.06,0.46,0.39,2026-08-30,2159,N21,nominal,2.0NRT,296.11,0.99,N
37.72483,62.09177,316.38,0.46,0.39,2026-08-30,2159,N21,nominal,2.0NRT,296.9,2.08,N
37.75056,61.85664,306.58,0.45,0.39,2026-08-30,2159,N21,nominal,2.0NRT,295.77,0.76,N
37.67029,62.23988,308.71,0.47,0.4,2026-08-30,2159,N21,nominal,2.0NRT,296.58,2.32,N
37.79577,61.49655,310.49,0.44,0.38,2026-08-30,2159,N21,nominal,2.0NRT,297.65,1.34,N
37.62599,62.21516,309.29,0.47,0.4,2026-08-30,2159,N21,nominal,2.0NRT,297.51,2.38,N
37.62695,62.17134,316.77,0.47,0.4,2026-08-30,2159,N21,nominal,2.0NRT,297.34,2.12,N
37.62433,62.12661,310.59,0.47,0.4,2026-08-30,2159,N21,nominal,2.0NRT,297.21,2.07,N
37.61877,62.13587,309.88,0.47,0.4,2026-08-30,2159,N21,nominal,2.0NRT,298.23,2.19,N
37.61777,62.14106,310.74,0.47,0.4,2026-08-30,2159,N21,nominal,2.0NRT,298.01,2.36,N
37.65528,61.90816,314.55,0.46,0.39,2026-08-30,2159,N21,nominal,2.0NRT,296.77,1.87,N
37.6534,61.90597,309.77,0.46,0.39,2026-08-30,2159,N21,nominal,2.0NRT,296.89,1.46,N
38.2567,58.38979,339.98,0.38,0.36,2026-08-30,2159,N21,nominal,2.0NRT,301.1,6.92,N
37.60999,61.60624,332.15,0.45,0.39,2026-08-30,2159,N21,nominal,2.0NRT,299.35,5.05,N
37.61213,61.57547,318.11,0.45,0.39,2026-08-30,2159,N21,nominal,2.0NRT,299.09,2.05,N
37.60865,61.57444,311.04,0.45,0.39,2026-08-30,2159,N21,nominal,2.0NRT,297.5,2.05,N
38.22041,57.98622,305.08,0.38,0.36,2026-08-30,2159,N21,nominal,2.0NRT,294.34,1.13,N
38.21975,57.99057,312.66,0.38,0.36,2026-08-30,2159,N21,nominal,2.0NRT,295.99,1.13,N
37.61233,61.5741,310.42,0.45,0.39,2026-08-30,2159,N21,nominal,2.0NRT,297.99,1.45,N
37.60884,61.57306,309.17,0.45,0.39,2026-08-30,2159,N21,nominal,2.0NRT,297.31,1.45,N
38.2637,57.6585,307.45,0.39,0.36,2026-08-30,2159,N21,nominal,2.0NRT,297.08,1.68,N
38.19575,58.10171,313.72,0.38,0.36,2026-08-30,2159,N21,nominal,2.0NRT,295.91,1.14,N
38.15032,58.39199,309.86,0.38,0.36,2026-08-30,2159,N21,nominal,2.0NRT,296,1.67,N
38.19247,58.10089,307.58,0.38,0.36,2026-08-30,2159,N21,nominal,2.0NRT,295.06,1.14,N
37.60555,61.55116,312.53,0.45,0.39,2026-08-30,2159,N21,nominal,2.0NRT,297.27,1.26,N
38.19331,58.05158,317.06,0.38,0.36,2026-08-30,2159,N21,nominal,2.0NRT,296.48,1.79,N
37.59676,61.559,315.9,0.45,0.39,2026-08-30,2159,N21,nominal,2.0NRT,298.06,2.45,N
37.5854,61.56084,320.63,0.45,0.39,2026-08-30,2159,N21,nominal,2.0NRT,298.56,2.87,N
37.80706,60.33232,310.12,0.41,0.37,2026-08-30,2159,N21,nominal,2.0NRT,295.7,1.18,N
37.59183,61.52621,312.93,0.45,0.39,2026-08-30,2159,N21,nominal,2.0NRT,298.52,1.85,N
37.58191,61.55981,326.79,0.45,0.39,2026-08-30,2159,N21,nominal,2.0NRT,298.85,2.87,N
37.50138,61.98823,310.49,0.46,0.39,2026-08-30,2159,N21,nominal,2.0NRT,296.93,1.51,N
37.42425,62.31183,317.04,0.48,0.4,2026-08-30,2159,N21,nominal,2.0NRT,296.72,2.31,N
37.49834,61.84704,328.8,0.46,0.39,2026-08-30,2159,N21,nominal,2.0NRT,298.57,4.24,N
35.96748,68.68383,307.28,0.36,0.57,2026-08-30,2159,N21,nominal,2.0NRT,293.62,0.99,N
37.72692,60.36742,305.95,0.41,0.37,2026-08-30,2159,N21,nominal,2.0NRT,295.07,0.33,N
37.94267,58.56105,307.36,0.38,0.36,2026-08-30,2159,N21,nominal,2.0NRT,295.69,1.24,N
37.94197,58.56538,317.41,0.38,0.36,2026-08-30,2159,N21,nominal,2.0NRT,296.18,1.79,N
37.62165,60.44075,310.98,0.41,0.37,2026-08-30,2159,N21,nominal,2.0NRT,296.91,1.07,N
37.63283,60.33802,316.48,0.41,0.37,2026-08-30,2159,N21,nominal,2.0NRT,296.71,2.67,N
37.51087,61.01406,316.7,0.43,0.38,2026-08-30,2159,N21,nominal,2.0NRT,298.31,1.37,N
37.50139,61.02638,308.85,0.43,0.38,2026-08-30,2159,N21,nominal,2.0NRT,297.79,1.32,N
37.34713,61.36146,314.29,0.44,0.39,2026-08-30,2159,N21,nominal,2.0NRT,297.52,1.66,N
37.48713,60.45885,315.51,0.41,0.37,2026-08-30,2159,N21,nominal,2.0NRT,296.5,1.31,N
37.82714,58.38287,314.12,0.38,0.36,2026-08-30,2159,N21,nominal,2.0NRT,294.72,1.35,N
37.12082,62.36584,315.5,0.49,0.4,2026-08-30,2159,N21,nominal,2.0NRT,298.21,2.58,N
37.11824,62.35938,331.14,0.49,0.4,2026-08-30,2159,N21,nominal,2.0NRT,299.79,17.02,N
37.1172,62.36472,339.04,0.49,0.4,2026-08-30,2159,N21,nominal,2.0NRT,309.47,25.79,N
37.11359,62.3636,308.9,0.49,0.4,2026-08-30,2159,N21,nominal,2.0NRT,298.32,25.79,N
37.32756,61.0883,312.76,0.43,0.38,2026-08-30,2159,N21,nominal,2.0NRT,297.2,1.74,N
37.3258,61.09791,314.76,0.43,0.38,2026-08-30,2159,N21,nominal,2.0NRT,297.37,1.93,N
37.03383,62.41853,332.08,0.49,0.4,2026-08-30,2159,N21,nominal,2.0NRT,299.23,4.69,N
37.0302,62.4174,323.37,0.49,0.4,2026-08-30,2159,N21,nominal,2.0NRT,299.41,3.85,N
37.48961,59.82089,310.64,0.4,0.37,2026-08-30,2159,N21,nominal,2.0NRT,295.32,1.03,N
37.1804,60.86559,306.21,0.43,0.38,2026-08-30,2159,N21,nominal,2.0NRT,296.17,0.71,N
37.21635,60.02051,311.15,0.41,0.37,2026-08-30,2159,N21,nominal,2.0NRT,296.26,0.81,N
37.45408,57.68966,307.31,0.38,0.36,2026-08-30,2159,N21,nominal,2.0NRT,292.66,1.45,N
37.34058,58.04888,319.26,0.38,0.36,2026-08-30,2159,N21,nominal,2.0NRT,294.1,1.81,N
36.56922,61.59135,309.68,0.46,0.39,2026-08-30,2159,N21,nominal,2.0NRT,297.47,0.98,N
36.4749,61.6253,323.32,0.46,0.39,2026-08-30,2159,N21,nominal,2.0NRT,297.46,2.4,N
36.39775,61.91158,308.06,0.48,0.4,2026-08-30,2159,N21,nominal,2.0NRT,297.03,0.86,N
36.4373,61.21811,317.06,0.45,0.39,2026-08-30,2159,N21,nominal,2.0NRT,298.04,2.19,N
35.90895,62.9632,306.28,0.54,0.42,2026-08-30,2159,N21,nominal,2.0NRT,295.18,0.88,N
36.44755,59.40512,314.26,0.4,0.37,2026-08-30,2159,N21,nominal,2.0NRT,294.82,1.32,N
36.35563,59.67676,305.85,0.41,0.37,2026-08-30,2159,N21,nominal,2.0NRT,292.81,0.85,N
36.27124,59.65183,308.73,0.41,0.37,2026-08-30,2159,N21,nominal,2.0NRT,294.69,1.53,N
36.23647,59.73108,310.08,0.41,0.37,2026-08-30,2159,N21,nominal,2.0NRT,294.33,1.49,N
36.34338,58.67673,306.46,0.39,0.36,2026-08-30,2159,N21,nominal,2.0NRT,293.62,1.38,N
36.24317,57.37969,310.61,0.38,0.36,2026-08-30,2159,N21,nominal,2.0NRT,296.98,1.56,N
32.88976,71.61594,304.02,0.62,0.72,2026-08-30,2159,N21,nominal,2.0NRT,288.11,1.6,N
36.32467,54.6193,304.78,0.43,0.38,2026-08-30,2159,N21,nominal,2.0NRT,294.68,0.84,N
36.29577,54.78732,312.15,0.43,0.38,2026-08-30,2159,N21,nominal,2.0NRT,293.83,1.29,N
36.32211,54.18542,299.31,0.45,0.39,2026-08-30,2159,N21,nominal,2.0NRT,288.35,0.69,N
35.36763,59.30732,310.39,0.4,0.37,2026-08-30,2159,N21,nominal,2.0NRT,291.5,0.79,N
33.75367,59.14874,321.1,0.41,0.37,2026-08-30,2201,N21,nominal,2.0NRT,290.71,2.54,N
32.92241,60.23382,307.23,0.46,0.39,2026-08-30,2201,N21,nominal,2.0NRT,295.28,0.79,N
33.2709,57.5426,301.28,0.39,0.36,2026-08-30,2201,N21,nominal,2.0NRT,291.2,0.55,N
33.0405,56.84743,328.1,0.38,0.36,2026-08-30,2201,N21,nominal,2.0NRT,298.44,3.28,N
33.03986,56.8515,323.33,0.38,0.36,2026-08-30,2201,N21,nominal,2.0NRT,296.83,2.41,N
32.33578,54.08728,311.06,0.42,0.37,2026-08-30,2201,N21,nominal,2.0NRT,292.81,1.3,N
31.93909,54.04487,329.41,0.41,0.37,2026-08-30,2201,N21,nominal,2.0NRT,296.21,3.36,N
31.93867,54.0467,320.35,0.41,0.37,2026-08-30,2201,N21,nominal,2.0NRT,295.61,2.98,N
31.92723,54.0535,323.72,0.41,0.37,2026-08-30,2201,N21,nominal,2.0NRT,297.66,1.77,N
31.43196,56.49126,305.09,0.38,0.36,2026-08-30,2201,N21,nominal,2.0NRT,289.99,0.7,N
31.62425,54.74519,307.46,0.4,0.37,2026-08-30,2201,N21,nominal,2.0NRT,292.74,1.14,N
31.62152,54.72396,318.62,0.4,0.37,2026-08-30,2201,N21,nominal,2.0NRT,293.86,2.62,N
39.95135,62.57539,315.44,0.45,0.39,2026-08-30,2159,N21,nominal,2.0NRT,295.37,1.39,N
38.39348,69.11275,308.57,0.33,0.55,2026-08-30,2159,N21,nominal,2.0NRT,292.89,0.78,N
38.32459,68.98471,304.59,0.32,0.55,2026-08-30,2159,N21,nominal,2.0NRT,294.12,0.93,N
39.18427,65.31228,312.53,0.4,0.44,2026-08-30,2159,N21,nominal,2.0NRT,296.83,1.98,N
39.18367,65.31373,314.22,0.4,0.44,2026-08-30,2159,N21,nominal,2.0NRT,296.86,1.73,N
38.68569,65.98756,311.3,0.45,0.47,2026-08-30,2159,N21,nominal,2.0NRT,293.03,1.85,N
38.6799,65.95331,306.9,0.44,0.46,2026-08-30,2159,N21,nominal,2.0NRT,294.44,2.52,N
39.28224,63.04615,314.25,0.48,0.4,2026-08-30,2159,N21,nominal,2.0NRT,294.86,1.66,N
39.25016,63.20999,309.61,0.49,0.4,2026-08-30,2159,N21,nominal,2.0NRT,295.24,1.12,N
39.20237,63.27651,305.09,0.49,0.4,2026-08-30,2159,N21,nominal,2.0NRT,294.67,0.88,N
39.15598,63.46969,307.5,0.5,0.41,2026-08-30,2159,N21,nominal,2.0NRT,295.66,1.19,N
39.17009,63.28355,307.96,0.49,0.4,2026-08-30,2159,N21,nominal,2.0NRT,295.53,1.58,N
39.1684,63.25349,310,0.49,0.4,2026-08-30,2159,N21,nominal,2.0NRT,296.49,1.2,N
39.16729,63.25902,306.45,0.49,0.4,2026-08-30,2159,N21,nominal,2.0NRT,295.72,1.29,N
39.15504,63.32001,307.74,0.49,0.41,2026-08-30,2159,N21,nominal,2.0NRT,296.23,1.31,N
39.12746,63.41815,310.81,0.5,0.41,2026-08-30,2159,N21,nominal,2.0NRT,294.73,1.4,N
39.16862,63.25846,312.9,0.49,0.4,2026-08-30,2159,N21,nominal,2.0NRT,296.17,2.44,N
39.15666,63.31958,306.4,0.49,0.41,2026-08-30,2159,N21,nominal,2.0NRT,295.67,1.31,N
39.16391,63.2628,306.56,0.49,0.4,2026-08-30,2159,N21,nominal,2.0NRT,295.77,0.8,N
39.12957,63.41796,307.58,0.5,0.41,2026-08-30,2159,N21,nominal,2.0NRT,294.71,1.35,N
39.12763,63.30995,311.11,0.49,0.41,2026-08-30,2159,N21,nominal,2.0NRT,295.77,0.94,N
39.11485,63.33543,307.45,0.49,0.41,2026-08-30,2159,N21,nominal,2.0NRT,295.97,1.08,N
38.95544,63.7565,306.32,0.52,0.41,2026-08-30,2159,N21,nominal,2.0NRT,295.25,0.97,N
38.97385,63.46777,312.26,0.5,0.41,2026-08-30,2159,N21,nominal,2.0NRT,297.24,1.98,N
38.45481,65.80399,313.36,0.44,0.46,2026-08-30,2159,N21,nominal,2.0NRT,297.02,1.99,N
38.65615,64.76707,311.62,0.39,0.44,2026-08-30,2159,N21,nominal,2.0NRT,296.7,1.02,N
38.83583,63.82059,306.96,0.52,0.42,2026-08-30,2159,N21,nominal,2.0NRT,295.52,1.19,N
38.04972,67.26601,317.11,0.54,0.51,2026-08-30,2159,N21,nominal,2.0NRT,293.58,1.94,N
30.96755,56.45266,301.35,0.38,0.36,2026-08-30,2201,N21,nominal,2.0NRT,290.53,0.32,N
38.65251,63.98055,305.88,0.54,0.42,2026-08-30,2159,N21,nominal,2.0NRT,295.63,1.4,N
38.12886,64.6741,310.76,0.39,0.44,2026-08-30,2159,N21,nominal,2.0NRT,296.35,1.19,N
38.05335,64.88539,312.09,0.4,0.45,2026-08-30,2159,N21,nominal,2.0NRT,295.9,1.67,N
30.75717,56.65686,301.4,0.39,0.36,2026-08-30,2201,N21,nominal,2.0NRT,291.22,0.77,N
38.05349,64.88387,316.32,0.41,0.45,2026-08-30,2159,N21,nominal,2.0NRT,296.18,1.73,N
30.75389,56.65616,308.82,0.39,0.36,2026-08-30,2201,N21,nominal,2.0NRT,293.89,0.77,N
37.88647,65.08602,308.96,0.42,0.45,2026-08-30,2159,N21,nominal,2.0NRT,295.47,0.78,N
30.75324,56.66014,303,0.39,0.36,2026-08-30,2201,N21,nominal,2.0NRT,291.55,0.77,N
37.71572,65.24013,303.5,0.43,0.46,2026-08-30,2159,N21,nominal,2.0NRT,293.3,0.29,N
30.66402,56.62077,315.29,0.39,0.36,2026-08-30,2201,N21,nominal,2.0NRT,289.25,1.73,N
30.73413,55.38641,313.54,0.39,0.36,2026-08-30,2201,N21,nominal,2.0NRT,291.59,1.27,N
30.49912,56.81739,313.43,0.39,0.36,2026-08-30,2201,N21,nominal,2.0NRT,293.47,2.35,N
30.36526,57.11354,303.39,0.39,0.36,2026-08-30,2201,N21,nominal,2.0NRT,288.87,0.63,N
30.36783,56.12622,312.36,0.38,0.36,2026-08-30,2201,N21,nominal,2.0NRT,290.01,1.78,N
30.23522,56.90683,315.39,0.39,0.36,2026-08-30,2201,N21,nominal,2.0NRT,290.89,1.82,N
30.23456,56.91083,301.53,0.39,0.36,2026-08-30,2201,N21,nominal,2.0NRT,288.2,1.15,N
30.32472,56.22735,304.59,0.38,0.36,2026-08-30,2201,N21,nominal,2.0NRT,289.73,1.05,N
30.38882,55.77586,304.02,0.38,0.36,2026-08-30,2201,N21,nominal,2.0NRT,290.99,0.62,N
30.32319,55.97504,318.47,0.38,0.36,2026-08-30,2201,N21,nominal,2.0NRT,291.59,1.55,N
29.4771,60.80592,304.18,0.55,0.43,2026-08-30,2201,N21,nominal,2.0NRT,291.48,0.79,N
30.2162,55.98252,303.24,0.38,0.36,2026-08-30,2201,N21,nominal,2.0NRT,290.4,0.96,N
29.92545,56.73456,321,0.39,0.36,2026-08-30,2201,N21,nominal,2.0NRT,290.36,2.4,N
30.08176,55.39932,328.23,0.38,0.36,2026-08-30,2201,N21,nominal,2.0NRT,292.03,2.15,N
30.07908,55.39471,302.6,0.38,0.36,2026-08-30,2201,N21,nominal,2.0NRT,292.37,2.15,N
29.99141,55.85197,337.98,0.38,0.36,2026-08-30,2201,N21,nominal,2.0NRT,289.28,7.54,N
29.98752,55.85522,339.87,0.38,0.36,2026-08-30,2201,N21,nominal,2.0NRT,290.6,6.04,N
29.98548,55.84669,297.75,0.38,0.36,2026-08-30,2201,N21,nominal,2.0NRT,285.26,0.57,N
30.00034,55.19679,300.12,0.39,0.36,2026-08-30,2201,N21,nominal,2.0NRT,287.66,0.71,N
29.98719,55.19417,303.23,0.39,0.36,2026-08-30,2201,N21,nominal,2.0NRT,288.38,0.92,N
29.80933,55.75108,300.24,0.38,0.36,2026-08-30,2201,N21,nominal,2.0NRT,286.97,0.74,N
29.51292,55.79763,303.17,0.38,0.36,2026-08-30,2201,N21,nominal,2.0NRT,289.43,0.76,N
28.86784,58.85691,311.5,0.45,0.39,2026-08-30,2201,N21,nominal,2.0NRT,296.07,0.76,N
29.37328,55.57682,303.29,0.38,0.36,2026-08-30,2201,N21,nominal,2.0NRT,281.58,0.86,N
29.15105,55.36413,308.11,0.38,0.36,2026-08-30,2201,N21,nominal,2.0NRT,293.03,1.13,N
29.13492,55.38103,304.79,0.38,0.36,2026-08-30,2201,N21,nominal,2.0NRT,293.11,1,N
29.20204,54.48465,302.78,0.39,0.36,2026-08-30,2201,N21,nominal,2.0NRT,289.59,1.25,N
29.17224,54.61709,305.8,0.39,0.36,2026-08-30,2201,N21,nominal,2.0NRT,294.03,1.25,N
28.53117,54.4455,316.32,0.39,0.36,2026-08-30,2201,N21,nominal,2.0NRT,291.46,1.83,N
27.2272,60.49024,314.98,0.38,0.43,2026-08-30,2201,N21,nominal,2.0NRT,299.66,2.84,N
27.4237,56.50079,315.21,0.4,0.37,2026-08-30,2201,N21,nominal,2.0NRT,302.43,0.98,N
27.42037,56.50009,317.53,0.4,0.37,2026-08-30,2201,N21,nominal,2.0NRT,302.86,0.98,N
27.30197,56.30507,322.13,0.39,0.36,2026-08-30,2201,N21,nominal,2.0NRT,302.91,2.65,N
27.16894,56.09623,320.19,0.39,0.36,2026-08-30,2203,N21,nominal,2.0NRT,304.27,2.94,N
27.16943,56.05241,329.99,0.39,0.36,2026-08-30,2203,N21,nominal,2.0NRT,304.32,2.09,N
27.1688,56.05632,337.03,0.39,0.36,2026-08-30,2203,N21,nominal,2.0NRT,304.89,3.48,N
27.1618,56.0993,329.84,0.39,0.36,2026-08-30,2203,N21,nominal,2.0NRT,304.56,2.71,N
27.16117,56.1032,324.26,0.39,0.36,2026-08-30,2203,N21,nominal,2.0NRT,304.43,3.73,N
27.15849,56.09862,331.29,0.39,0.36,2026-08-30,2203,N21,nominal,2.0NRT,304,2.71,N
27.16612,56.05174,318.45,0.39,0.36,2026-08-30,2203,N21,nominal,2.0NRT,303.83,2.09,N
27.16167,56.07909,317.86,0.39,0.36,2026-08-30,2203,N21,nominal,2.0NRT,304.05,1.66,N
27.1562,56.04972,315.34,0.39,0.36,2026-08-30,2203,N21,nominal,2.0NRT,305.01,2.03,N
27.14601,56.11224,315.74,0.39,0.36,2026-08-30,2203,N21,nominal,2.0NRT,303.51,0.95,N
27.1427,56.11156,316.65,0.39,0.36,2026-08-30,2203,N21,nominal,2.0NRT,303.49,0.95,N
26.95832,55.54352,317.75,0.39,0.36,2026-08-30,2203,N21,nominal,2.0NRT,304.54,1.81,N
25.96587,56.06689,315.79,0.4,0.37,2026-08-30,2203,N21,nominal,2.0NRT,304.98,0.83,N
25.90103,54.53362,316.98,0.38,0.36,2026-08-30,2203,N21,nominal,2.0NRT,301.74,0.84,N
25.57175,55.98956,313.42,0.4,0.37,2026-08-30,2203,N21,nominal,2.0NRT,302.02,2.61,N
25.30617,56.37349,330.43,0.41,0.37,2026-08-30,2203,N21,nominal,2.0NRT,302.85,2.04,N
25.29542,55.61627,315.34,0.39,0.36,2026-08-30,2203,N21,nominal,2.0NRT,303.96,2.67,N
25.15499,55.24224,316.34,0.39,0.36,2026-08-30,2203,N21,nominal,2.0NRT,303.8,1.1,N
24.99023,55.62539,330.25,0.39,0.36,2026-08-30,2203,N21,nominal,2.0NRT,303.11,3.5,N
25.06221,55.11917,322.5,0.39,0.36,2026-08-30,2203,N21,nominal,2.0NRT,303.45,0.98,N
24.50509,56.60489,321.28,0.42,0.38,2026-08-30,2203,N21,nominal,2.0NRT,304.84,4.57,N
24.50439,56.60896,330.08,0.42,0.38,2026-08-30,2203,N21,nominal,2.0NRT,304.97,6.18,N
24.50718,56.59266,317.35,0.42,0.38,2026-08-30,2203,N21,nominal,2.0NRT,305.05,1.35,N
24.47216,56.63192,316.99,0.42,0.38,2026-08-30,2203,N21,nominal,2.0NRT,302.52,1.27,N
24.46734,56.6394,316.38,0.42,0.38,2026-08-30,2203,N21,nominal,2.0NRT,303.04,1.49,N
24.4538,56.55375,320.8,0.42,0.37,2026-08-30,2203,N21,nominal,2.0NRT,304.03,2.34,N
24.75995,54.68191,314.26,0.38,0.36,2026-08-30,2203,N21,nominal,2.0NRT,303.55,1.21,N
24.60801,54.15084,321.2,0.38,0.36,2026-08-30,2203,N21,nominal,2.0NRT,304.77,0.89,N
24.50955,54.01729,332.72,0.38,0.36,2026-08-30,2203,N21,nominal,2.0NRT,304.62,3.18,N
24.4377,54.47933,316.26,0.38,0.36,2026-08-30,2203,N21,nominal,2.0NRT,303.89,1.04,N
24.34702,54.47004,317.15,0.38,0.36,2026-08-30,2203,N21,nominal,2.0NRT,302.92,1.05,N
24.32341,54.46948,322.3,0.38,0.36,2026-08-30,2203,N21,nominal,2.0NRT,306.8,2.38,N
24.3186,54.457,318.5,0.38,0.36,2026-08-30,2203,N21,nominal,2.0NRT,305.63,2.11,N
24.00342,55.4417,315.48,0.39,0.37,2026-08-30,2203,N21,nominal,2.0NRT,304.98,2.09,N
23.19158,55.46365,317.09,0.4,0.37,2026-08-30,2203,N21,nominal,2.0NRT,301.87,2.2,N
23.18888,55.45915,325.69,0.4,0.37,2026-08-30,2203,N21,nominal,2.0NRT,303.28,2.2,N
23.18951,55.4553,317.26,0.4,0.37,2026-08-30,2203,N21,nominal,2.0NRT,302.39,2.6,N
23.31292,54.17865,324.46,0.38,0.36,2026-08-30,2203,N21,nominal,2.0NRT,300.79,1.76,N
23.30963,54.17804,336.03,0.38,0.36,2026-08-30,2203,N21,nominal,2.0NRT,301.96,3.61,N
22.9272,55.80357,341.15,0.41,0.37,2026-08-30,2203,N21,nominal,2.0NRT,301.03,5.56,N
22.87341,55.61594,329.47,0.4,0.37,2026-08-30,2203,N21,nominal,2.0NRT,300.35,2.7,N
22.87405,55.61205,317.11,0.4,0.37,2026-08-30,2203,N21,nominal,2.0NRT,299.4,1.69,N
22.8755,55.3729,310.28,0.4,0.37,2026-08-30,2203,N21,nominal,2.0NRT,299.85,1.08,N
22.78086,55.81622,311.4,0.41,0.37,2026-08-30,2203,N21,nominal,2.0NRT,300.79,0.82,N
22.6719,56.24929,311.89,0.42,0.38,2026-08-30,2203,N21,nominal,2.0NRT,300.75,0.87,N
22.40422,56.98921,327.4,0.45,0.39,2026-08-30,2203,N21,nominal,2.0NRT,300.17,2.83,N
22.32723,56.49036,333.9,0.43,0.38,2026-08-30,2203,N21,nominal,2.0NRT,300.66,4.48,N
22.32666,56.47296,322.42,0.43,0.38,2026-08-30,2203,N21,nominal,2.0NRT,300.5,1.41,N
22.29219,56.52635,342.17,0.44,0.38,2026-08-30,2203,N21,nominal,2.0NRT,301.08,5.7,N
22.52257,54.05186,314.11,0.38,0.36,2026-08-30,2203,N21,nominal,2.0NRT,301.01,1.13,N
21.9374,57.07367,327.51,0.46,0.39,2026-08-30,2203,N21,nominal,2.0NRT,295.02,3.22,N
21.8896,56.84818,312.52,0.45,0.39,2026-08-30,2203,N21,nominal,2.0NRT,296.33,1.67,N
21.83469,56.68129,323.67,0.45,0.39,2026-08-30,2203,N21,nominal,2.0NRT,297.42,2.39,N
21.66288,56.41367,321.76,0.44,0.38,2026-08-30,2203,N21,nominal,2.0NRT,297.01,2.82,N
21.46217,57.24582,308.7,0.48,0.4,2026-08-30,2203,N21,nominal,2.0NRT,295.54,0.77,N
21.64712,55.99587,331.63,0.42,0.38,2026-08-30,2203,N21,nominal,2.0NRT,303.27,5.83,N
21.33416,57.72448,311.61,0.51,0.41,2026-08-30,2203,N21,nominal,2.0NRT,295.48,1.22,N
21.61466,56.06073,314.3,0.43,0.38,2026-08-30,2203,N21,nominal,2.0NRT,300.57,3.5,N
21.31926,57.7214,314.6,0.51,0.41,2026-08-30,2203,N21,nominal,2.0NRT,295.49,1.87,N
21.31111,57.74471,328.7,0.51,0.41,2026-08-30,2203,N21,nominal,2.0NRT,295.53,4.76,N
21.30129,57.79807,313.76,0.51,0.41,2026-08-30,2203,N21,nominal,2.0NRT,295.47,1.47,N
21.30613,57.70872,317.35,0.51,0.41,2026-08-30,2203,N21,nominal,2.0NRT,295.38,1.49,N
21.30534,57.7067,318.28,0.51,0.41,2026-08-30,2203,N21,nominal,2.0NRT,295.29,1.72,N
20.37501,55.9345,330.25,0.43,0.38,2026-08-30,2203,N21,nominal,2.0NRT,295.77,4.65,N
20.38955,55.66098,328.47,0.42,0.38,2026-08-30,2203,N21,nominal,2.0NRT,296.77,3.97,N
20.38473,55.64767,321.74,0.42,0.38,2026-08-30,2203,N21,nominal,2.0NRT,296.54,2.51,N
20.21208,55.71266,307.37,0.43,0.38,2026-08-30,2203,N21,nominal,2.0NRT,288.14,0.41,N
18.68627,55.50489,307.33,0.43,0.38,2026-08-30,2205,N21,nominal,2.0NRT,294.34,0.71,N
18.56262,55.86694,306.86,0.45,0.39,2026-08-30,2205,N21,nominal,2.0NRT,294.47,0.72,N
18.32047,55.10609,335.02,0.42,0.38,2026-08-30,2205,N21,nominal,2.0NRT,297.78,5.36,N
18.03341,54.63431,313.21,0.41,0.37,2026-08-30,2205,N21,nominal,2.0NRT,297.63,1.31,N
18.0148,54.57191,318.01,0.41,0.37,2026-08-30,2205,N21,nominal,2.0NRT,299.66,2.06,N
18.01141,54.57129,333.14,0.41,0.37,2026-08-30,2205,N21,nominal,2.0NRT,302.44,7.81,N
36.62579,101.62735,334.79,0.45,0.39,2026-08-31,0557,N21,nominal,2.0NRT,303.75,6.06,D
36.79141,101.74784,337.38,0.45,0.39,2026-08-31,0557,N21,nominal,2.0NRT,304.21,4.79,D
27.71302,68.48718,340.49,0.61,0.71,2026-08-31,0737,N21,nominal,2.0NRT,295.57,8.86,D
29.72424,72.49563,335.37,0.64,0.54,2026-08-31,0737,N21,nominal,2.0NRT,299.46,6.23,D
29.83538,72.73585,333.11,0.61,0.54,2026-08-31,0737,N21,nominal,2.0NRT,297.33,8.11,D
29.83337,72.73394,339.7,0.61,0.54,2026-08-31,0737,N21,nominal,2.0NRT,297.71,8.63,D
29.95839,69.32169,367,0.48,0.65,2026-08-31,0737,N21,high,2.0NRT,308.63,8.59,D
31.52207,72.39377,340.09,0.59,0.53,2026-08-31,0737,N21,nominal,2.0NRT,293.93,10.29,D
31.52356,72.39872,339.9,0.59,0.53,2026-08-31,0737,N21,nominal,2.0NRT,293.88,9.95,D
31.52217,72.39277,331.99,0.59,0.53,2026-08-31,0737,N21,nominal,2.0NRT,293.62,9.95,D
37.30502,78.87849,367,0.39,0.36,2026-08-31,0739,N21,high,2.0NRT,313.86,15.77,D
37.31399,78.84939,367,0.39,0.36,2026-08-31,0739,N21,high,2.0NRT,314.49,13.75,D
37.475,79.74489,347.69,0.38,0.36,2026-08-31,0739,N21,nominal,2.0NRT,318.62,5.17,D
37.47826,79.7441,350.47,0.38,0.36,2026-08-31,0739,N21,nominal,2.0NRT,319.25,5.66,D
38.04887,67.26337,367,0.39,0.59,2026-08-31,0739,N21,high,2.0NRT,321.7,15.59,D
38.62393,67.99313,336.14,0.35,0.56,2026-08-31,0739,N21,nominal,2.0NRT,301.61,4.66,D
37.11576,62.35703,333.03,0.75,0.77,2026-08-31,0739,N21,low,2.0NRT,303.06,7.13,D
37.11747,62.36304,341.9,0.75,0.77,2026-08-31,0739,N21,nominal,2.0NRT,304.38,14.03,D
6.35075,81.24818,338.17,0.48,0.48,2026-08-31,0731,N21,nominal,2.0NRT,296.71,4.27,D
6.79038,81.44179,330.68,0.46,0.47,2026-08-31,0731,N21,nominal,2.0NRT,299.56,7.17,D
6.8733,81.70708,330.31,0.44,0.46,2026-08-31,0731,N21,low,2.0NRT,303.47,10.63,D
6.95182,81.46968,330.87,0.45,0.47,2026-08-31,0731,N21,nominal,2.0NRT,296,5.39,D
7.0032,81.59778,342.17,0.44,0.46,2026-08-31,0731,N21,nominal,2.0NRT,301.84,5.88,D
7.30419,81.76376,338.81,0.43,0.46,2026-08-31,0731,N21,nominal,2.0NRT,292.25,5.01,D
7.30356,81.75993,334.68,0.43,0.46,2026-08-31,0731,N21,nominal,2.0NRT,292.16,7.86,D
7.31772,81.82027,341.27,0.43,0.46,2026-08-31,0731,N21,nominal,2.0NRT,295.39,6.74,D
7.31523,81.80508,334.99,0.43,0.46,2026-08-31,0731,N21,nominal,2.0NRT,293.53,1.71,D
7.30898,81.76691,333.98,0.43,0.46,2026-08-31,0731,N21,nominal,2.0NRT,293.11,5.01,D
7.31063,81.75089,338.84,0.43,0.46,2026-08-31,0731,N21,nominal,2.0NRT,293.64,4.25,D
7.32209,81.76869,345.08,0.43,0.46,2026-08-31,0731,N21,nominal,2.0NRT,291.69,3.61,D
7.32625,81.768,335.65,0.43,0.46,2026-08-31,0731,N21,nominal,2.0NRT,292.25,3.61,D
7.32394,81.76893,348.8,0.43,0.46,2026-08-31,0731,N21,nominal,2.0NRT,291.94,6.06,D
7.35151,81.83083,336.08,0.42,0.45,2026-08-31,0731,N21,nominal,2.0NRT,296.71,2.11,D
7.33342,81.46716,341.13,0.45,0.47,2026-08-31,0731,N21,nominal,2.0NRT,294.03,4.16,D
7.31087,81.17319,333.6,0.47,0.48,2026-08-31,0731,N21,nominal,2.0NRT,294.86,4.78,D
7.40394,81.54904,331.04,0.44,0.46,2026-08-31,0731,N21,nominal,2.0NRT,286.62,5.68,D
7.52587,81.71207,341.92,0.43,0.46,2026-08-31,0731,N21,nominal,2.0NRT,297.16,6.61,D
7.52748,81.71138,337.44,0.43,0.46,2026-08-31,0731,N21,nominal,2.0NRT,296.53,6.19,D
7.547,81.70036,333.38,0.43,0.46,2026-08-31,0731,N21,nominal,2.0NRT,300.34,4.33,D
7.55875,81.38422,336.8,0.45,0.47,2026-08-31,0731,N21,nominal,2.0NRT,302.12,1.62,D
7.55606,81.36801,343.87,0.45,0.47,2026-08-31,0731,N21,nominal,2.0NRT,306.26,14.39,D
7.60501,80.95575,333.1,0.48,0.48,2026-08-31,0731,N21,nominal,2.0NRT,300.9,4.35,D
7.59092,80.81683,333.92,0.49,0.49,2026-08-31,0731,N21,nominal,2.0NRT,299.43,4.87,D
7.92859,81.38584,335.13,0.44,0.46,2026-08-31,0731,N21,low,2.0NRT,306.34,5.31,D
7.93282,81.38515,344.45,0.44,0.46,2026-08-31,0731,N21,nominal,2.0NRT,305.81,7.9,D
7.92194,81.32151,336.96,0.45,0.47,2026-08-31,0731,N21,nominal,2.0NRT,303.16,5.58,D
7.92126,81.31751,342.39,0.45,0.47,2026-08-31,0731,N21,nominal,2.0NRT,303.84,5.58,D
7.93807,81.33938,344.22,0.45,0.47,2026-08-31,0731,N21,nominal,2.0NRT,305.26,5.81,D
7.74101,80.13753,332.72,0.54,0.51,2026-08-31,0731,N21,nominal,2.0NRT,292.16,6.94,D
7.96403,81.1816,332.63,0.46,0.47,2026-08-31,0731,N21,nominal,2.0NRT,301.39,3.56,D
7.88021,80.68107,333,0.5,0.49,2026-08-31,0731,N21,nominal,2.0NRT,298.09,4.43,D
7.89795,80.65073,335.5,0.5,0.49,2026-08-31,0731,N21,nominal,2.0NRT,298.14,4.96,D
7.8962,80.43355,333.28,0.51,0.5,2026-08-31,0731,N21,nominal,2.0NRT,300.09,5.51,D
7.93259,80.61817,331.47,0.5,0.49,2026-08-31,0731,N21,nominal,2.0NRT,301.38,6.62,D
8.01236,80.61018,341.33,0.5,0.49,2026-08-31,0731,N21,nominal,2.0NRT,301.3,13.74,D
8.01158,80.60573,340.29,0.5,0.49,2026-08-31,0731,N21,nominal,2.0NRT,300.89,15.07,D
7.96328,80.27494,341.46,0.53,0.5,2026-08-31,0731,N21,nominal,2.0NRT,298.51,16.31,D
7.96101,80.09879,345.81,0.54,0.51,2026-08-31,0731,N21,nominal,2.0NRT,299.64,11.14,D
8.06882,80.64643,342.31,0.49,0.49,2026-08-31,0731,N21,nominal,2.0NRT,302.74,13.02,D
8.06807,80.64201,339.43,0.5,0.49,2026-08-31,0731,N21,nominal,2.0NRT,300.4,11.09,D
8.03635,80.40153,339.91,0.51,0.5,2026-08-31,0731,N21,nominal,2.0NRT,299.38,4.72,D
8.03412,80.19515,342.01,0.53,0.5,2026-08-31,0731,N21,nominal,2.0NRT,299.78,17.47,D
8.03408,80.19231,340.68,0.53,0.5,2026-08-31,0731,N21,nominal,2.0NRT,299.7,16.12,D
8.12984,80.14678,330.18,0.53,0.5,2026-08-31,0731,N21,nominal,2.0NRT,299.5,3.91,D
8.13024,80.1483,330.09,0.53,0.5,2026-08-31,0731,N21,nominal,2.0NRT,299.51,4.73,D
8.33201,81.02064,332.14,0.46,0.47,2026-08-31,0731,N21,low,2.0NRT,302.86,3.77,D
8.33131,81.01652,339.23,0.46,0.47,2026-08-31,0731,N21,nominal,2.0NRT,303.18,3.77,D
8.3335,81.00343,332.98,0.46,0.47,2026-08-31,0731,N21,low,2.0NRT,305.09,4.98,D
8.25412,80.51249,336.71,0.5,0.49,2026-08-31,0731,N21,nominal,2.0NRT,301.62,9.33,D
8.36337,81.04925,347.43,0.46,0.47,2026-08-31,0731,N21,nominal,2.0NRT,306.18,8.81,D
8.22025,80.20634,331.08,0.53,0.5,2026-08-31,0731,N21,nominal,2.0NRT,298.58,2.74,D
8.34818,80.79399,332.25,0.48,0.48,2026-08-31,0731,N21,low,2.0NRT,303.26,3.89,D
8.37055,80.74158,340.3,0.48,0.48,2026-08-31,0731,N21,nominal,2.0NRT,304.11,5.15,D
8.39373,80.63971,330.31,0.49,0.49,2026-08-31,0731,N21,low,2.0NRT,302.1,3.32,D
8.43034,80.80201,340.11,0.48,0.48,2026-08-31,0731,N21,nominal,2.0NRT,301.18,5.39,D
8.42529,80.74567,342.4,0.48,0.48,2026-08-31,0731,N21,nominal,2.0NRT,305.1,8.2,D
8.42456,80.74141,330.3,0.48,0.48,2026-08-31,0731,N21,low,2.0NRT,304.08,8.2,D
8.33914,80.21149,342.98,0.52,0.5,2026-08-31,0731,N21,nominal,2.0NRT,303.33,11.28,D
8.34743,80.20525,342.35,0.52,0.5,2026-08-31,0731,N21,nominal,2.0NRT,304.4,17.86,D
8.4486,80.75056,331.12,0.48,0.48,2026-08-31,0731,N21,low,2.0NRT,303.96,4.98,D
8.51206,81.10396,334.39,0.45,0.47,2026-08-31,0731,N21,nominal,2.0NRT,303.24,6.7,D
8.39142,80.38304,341.08,0.51,0.49,2026-08-31,0731,N21,nominal,2.0NRT,300.9,10.55,D
8.47237,80.81231,330.71,0.48,0.48,2026-08-31,0731,N21,low,2.0NRT,301.98,1.78,D
8.51124,81.10506,336.3,0.45,0.47,2026-08-31,0731,N21,nominal,2.0NRT,303.89,6.16,D
8.52257,81.1198,335.23,0.45,0.47,2026-08-31,0731,N21,nominal,2.0NRT,303.94,4.33,D
8.39323,80.38007,340.17,0.51,0.49,2026-08-31,0731,N21,nominal,2.0NRT,299.37,4.19,D
8.47298,80.80927,330.07,0.47,0.48,2026-08-31,0731,N21,low,2.0NRT,302.47,4.01,D
8.47578,80.77385,336,0.48,0.48,2026-08-31,0731,N21,nominal,2.0NRT,304.26,6.39,D
8.49258,80.81905,351.33,0.47,0.48,2026-08-31,0731,N21,nominal,2.0NRT,299.65,9.75,D
8.49186,80.81484,341.26,0.47,0.48,2026-08-31,0731,N21,nominal,2.0NRT,302.72,8.86,D
8.47713,80.72977,330.72,0.48,0.48,2026-08-31,0731,N21,nominal,2.0NRT,299.61,6.58,D
8.49839,80.82677,336.61,0.47,0.48,2026-08-31,0731,N21,nominal,2.0NRT,302.93,6.85,D
8.49766,80.82256,330.62,0.47,0.48,2026-08-31,0731,N21,low,2.0NRT,302.04,7.47,D
8.38305,80.16289,343,0.53,0.5,2026-08-31,0731,N21,nominal,2.0NRT,304.62,14.97,D
8.38223,80.15819,339.04,0.53,0.5,2026-08-31,0731,N21,nominal,2.0NRT,303.09,14.97,D
8.41513,80.32014,334.19,0.51,0.5,2026-08-31,0731,N21,nominal,2.0NRT,303.8,7.71,D
8.38678,80.1574,341.99,0.53,0.5,2026-08-31,0731,N21,nominal,2.0NRT,303.55,14.97,D
8.38596,80.15272,340.08,0.53,0.5,2026-08-31,0731,N21,nominal,2.0NRT,301.55,8.28,D
8.51288,80.859,339.11,0.47,0.48,2026-08-31,0731,N21,nominal,2.0NRT,303.36,5.04,D
8.50709,80.82535,336.44,0.47,0.48,2026-08-31,0731,N21,nominal,2.0NRT,302.69,5.68,D
8.43551,80.33078,340.64,0.51,0.5,2026-08-31,0731,N21,nominal,2.0NRT,300.02,4.88,D
8.54822,80.88338,354.59,0.47,0.48,2026-08-31,0731,N21,nominal,2.0NRT,304.02,20.54,D
8.53608,80.81186,331.27,0.47,0.48,2026-08-31,0731,N21,low,2.0NRT,302.24,2.78,D
8.43957,80.19196,337.9,0.52,0.5,2026-08-31,0731,N21,nominal,2.0NRT,301.65,6.35,D
8.61808,81.14131,350.06,0.45,0.47,2026-08-31,0731,N21,nominal,2.0NRT,302.52,5.33,D
8.55718,80.77786,338.25,0.48,0.48,2026-08-31,0731,N21,nominal,2.0NRT,303.07,6.43,D
8.56803,80.78912,330.47,0.48,0.48,2026-08-31,0731,N21,low,2.0NRT,302.19,2.05,D
8.55086,80.68662,350.81,0.48,0.48,2026-08-31,0731,N21,nominal,2.0NRT,304.54,8.31,D
8.55154,80.68698,349.54,0.48,0.48,2026-08-31,0731,N21,nominal,2.0NRT,303.56,8.76,D
8.55804,80.67258,333.16,0.48,0.48,2026-08-31,0731,N21,low,2.0NRT,303.49,3.2,D
8.55408,80.62409,339.39,0.49,0.48,2026-08-31,0731,N21,nominal,2.0NRT,301.67,11.28,D
8.623,80.99452,332.24,0.46,0.47,2026-08-31,0731,N21,low,2.0NRT,303.12,2.32,D
8.5942,80.82852,340.94,0.47,0.48,2026-08-31,0731,N21,nominal,2.0NRT,305.89,10.15,D
8.59348,80.82437,340.4,0.47,0.48,2026-08-31,0731,N21,nominal,2.0NRT,303.75,8.66,D
8.55849,80.62339,349.02,0.49,0.48,2026-08-31,0731,N21,nominal,2.0NRT,307.73,11.28,D
8.65302,80.98958,341.78,0.46,0.47,2026-08-31,0731,N21,nominal,2.0NRT,303.82,4.38,D
8.62025,80.79829,335.26,0.47,0.48,2026-08-31,0731,N21,nominal,2.0NRT,301.4,10.61,D
8.66218,81.01741,333.19,0.46,0.47,2026-08-31,0731,N21,low,2.0NRT,306.17,4.02,D
8.60188,80.66514,330.13,0.48,0.48,2026-08-31,0731,N21,low,2.0NRT,303.7,5.77,D
8.60311,80.56652,334.39,0.49,0.49,2026-08-31,0731,N21,nominal,2.0NRT,300.61,5.92,D
8.68784,81.01306,333.47,0.46,0.47,2026-08-31,0731,N21,low,2.0NRT,308.4,4.86,D
8.59065,80.41304,345.04,0.5,0.49,2026-08-31,0731,N21,nominal,2.0NRT,302.86,7.92,D
8.6758,80.83646,334.68,0.47,0.48,2026-08-31,0731,N21,nominal,2.0NRT,304.62,3.21,D
8.68184,80.76595,333.3,0.47,0.48,2026-08-31,0731,N21,nominal,2.0NRT,300.93,2.39,D
8.68315,80.76617,339.75,0.47,0.48,2026-08-31,0731,N21,nominal,2.0NRT,301.2,2.19,D
8.62995,80.38409,332.97,0.5,0.49,2026-08-31,0731,N21,nominal,2.0NRT,301.43,8.8,D
8.73659,80.97143,331.55,0.46,0.47,2026-08-31,0731,N21,low,2.0NRT,305.12,5.75,D
8.70029,80.65791,338.88,0.48,0.48,2026-08-31,0731,N21,nominal,2.0NRT,302.49,7.16,D
8.19619,77.55958,330.48,0.4,0.6,2026-08-31,0731,N21,nominal,2.0NRT,293.99,3.4,D
8.68145,80.28164,333.86,0.51,0.49,2026-08-31,0731,N21,low,2.0NRT,304.54,6.77,D
8.71056,80.42584,333.21,0.5,0.49,2026-08-31,0731,N21,low,2.0NRT,305.36,9.1,D
8.86551,80.88265,341.98,0.46,0.47,2026-08-31,0731,N21,nominal,2.0NRT,305.47,11.19,D
8.8648,80.87851,330.48,0.46,0.47,2026-08-31,0731,N21,low,2.0NRT,301.83,11.19,D
8.80248,80.43476,338.61,0.5,0.49,2026-08-31,0731,N21,nominal,2.0NRT,303.56,5.73,D
8.85929,80.74162,335.47,0.47,0.48,2026-08-31,0731,N21,low,2.0NRT,309.55,76.14,D
8.91246,80.88351,330.63,0.46,0.47,2026-08-31,0731,N21,low,2.0NRT,302.96,1.73,D
8.85157,80.38142,342.74,0.5,0.49,2026-08-31,0731,N21,nominal,2.0NRT,306.84,8.64,D
8.88955,80.52087,335.88,0.49,0.48,2026-08-31,0731,N21,nominal,2.0NRT,305.24,4.36,D
8.90189,80.48717,340.04,0.49,0.49,2026-08-31,0731,N21,nominal,2.0NRT,303.36,5.56,D
8.97073,80.75806,331.68,0.47,0.48,2026-08-31,0731,N21,low,2.0NRT,305.78,6.77,D
8.91413,80.42585,349.56,0.5,0.49,2026-08-31,0731,N21,nominal,2.0NRT,304.37,18.71,D
8.91856,80.42508,342.21,0.5,0.49,2026-08-31,0731,N21,nominal,2.0NRT,303.72,7.11,D
9.04075,80.45049,340.34,0.49,0.49,2026-08-31,0731,N21,nominal,2.0NRT,302.43,8.69,D
9.02162,80.11128,332.81,0.52,0.5,2026-08-31,0731,N21,low,2.0NRT,306.54,8.25,D
9.10929,80.50784,335.01,0.49,0.48,2026-08-31,0731,N21,nominal,2.0NRT,306.82,6.19,D
9.1948,80.65673,342.05,0.47,0.48,2026-08-31,0731,N21,nominal,2.0NRT,304.02,5.81,D
9.22388,80.69515,338.34,0.47,0.48,2026-08-31,0731,N21,nominal,2.0NRT,308.05,7.24,D
9.18292,80.30522,346.26,0.5,0.49,2026-08-31,0731,N21,nominal,2.0NRT,307.74,7.77,D
9.18737,80.30444,340.18,0.5,0.49,2026-08-31,0731,N21,nominal,2.0NRT,306.14,3.69,D
8.73938,77.75655,342.22,0.38,0.59,2026-08-31,0731,N21,nominal,2.0NRT,300.04,3.62,D
9.26718,80.71373,335.31,0.47,0.48,2026-08-31,0731,N21,nominal,2.0NRT,304.53,5.89,D
9.2866,80.72333,339.12,0.47,0.48,2026-08-31,0731,N21,nominal,2.0NRT,303.66,6.22,D
9.30883,80.43028,340.98,0.49,0.48,2026-08-31,0731,N21,nominal,2.0NRT,301.88,5.16,D
9.41315,80.40452,331.74,0.49,0.48,2026-08-31,0731,N21,low,2.0NRT,304.03,4.13,D
9.41239,80.40015,342.7,0.49,0.48,2026-08-31,0731,N21,nominal,2.0NRT,305.44,8.5,D
9.41755,80.40376,334.45,0.49,0.48,2026-08-31,0731,N21,low,2.0NRT,305.1,4.13,D
9.42924,80.39275,344.1,0.49,0.48,2026-08-31,0731,N21,nominal,2.0NRT,305.97,10.52,D
9.4262,80.37522,332.58,0.49,0.49,2026-08-31,0731,N21,low,2.0NRT,305.5,4.35,D
9.4417,80.38611,333.88,0.49,0.48,2026-08-31,0731,N21,low,2.0NRT,305.23,3.15,D
9.44836,80.39847,332.98,0.49,0.48,2026-08-31,0731,N21,low,2.0NRT,305.51,3.02,D
9.45276,80.39771,342.11,0.49,0.48,2026-08-31,0731,N21,nominal,2.0NRT,305.09,3.02,D
8.93458,77.4248,331.74,0.4,0.6,2026-08-31,0731,N21,nominal,2.0NRT,296.67,2.81,D
8.95756,77.42812,343.07,0.4,0.6,2026-08-31,0731,N21,nominal,2.0NRT,299.6,7.03,D
8.95907,77.42636,336.72,0.4,0.6,2026-08-31,0731,N21,nominal,2.0NRT,299.34,6.43,D
9.22205,78.65817,333.87,0.32,0.55,2026-08-31,0731,N21,low,2.0NRT,305.2,1.05,D
9.20535,78.30312,332.69,0.34,0.56,2026-08-31,0731,N21,nominal,2.0NRT,302.34,1.84,D
9.52986,78.55909,344.82,0.32,0.55,2026-08-31,0731,N21,nominal,2.0NRT,295.68,10.57,D
9.41918,77.50965,335.16,0.38,0.59,2026-08-31,0731,N21,nominal,2.0NRT,299.91,2.45,D
9.71414,78.92452,340.23,0.61,0.53,2026-08-31,0731,N21,nominal,2.0NRT,296.96,2.93,D
9.7306,78.41191,337.64,0.33,0.55,2026-08-31,0731,N21,nominal,2.0NRT,294.09,2.59,D
9.76943,78.36863,332.83,0.33,0.55,2026-08-31,0731,N21,nominal,2.0NRT,289.29,3.13,D
9.6418,77.65417,330.61,0.37,0.58,2026-08-31,0731,N21,nominal,2.0NRT,299.92,2.09,D
9.65658,77.64974,339.31,0.37,0.58,2026-08-31,0731,N21,nominal,2.0NRT,304.18,7.4,D
9.65597,77.64645,331.61,0.37,0.58,2026-08-31,0731,N21,low,2.0NRT,303.13,4.33,D
9.8097,77.88875,340.38,0.36,0.57,2026-08-31,0731,N21,nominal,2.0NRT,307.56,4.27,D
10.04896,78.97438,339.72,0.59,0.53,2026-08-31,0731,N21,nominal,2.0NRT,301.32,8.45,D
11.39743,78.70004,354.25,0.59,0.53,2026-08-31,0731,N21,nominal,2.0NRT,286.76,14.75,D
12.1731,79.82799,339.93,0.48,0.48,2026-08-31,0731,N21,nominal,2.0NRT,294.09,8.65,D
12.58453,79.64104,332.82,0.49,0.48,2026-08-31,0731,N21,nominal,2.0NRT,297.71,1.87,D
12.70339,79.7732,340.67,0.47,0.48,2026-08-31,0731,N21,nominal,2.0NRT,298.26,6.14,D
13.29946,79.8628,341.58,0.46,0.47,2026-08-31,0733,N21,nominal,2.0NRT,299.8,2.73,D
13.3195,79.92703,339.93,0.45,0.47,2026-08-31,0733,N21,nominal,2.0NRT,295.66,5.81,D
13.31914,79.92836,337.11,0.45,0.47,2026-08-31,0733,N21,nominal,2.0NRT,295.25,7.56,D
13.41108,80.26926,332.33,0.43,0.46,2026-08-31,0733,N21,nominal,2.0NRT,296.76,1.98,D
12.81064,76.9621,329.86,0.36,0.58,2026-08-31,0733,N21,nominal,2.0NRT,275.93,5.58,D
13.38021,79.70301,333.34,0.47,0.47,2026-08-31,0733,N21,nominal,2.0NRT,298.87,4.52,D
13.46564,79.86813,341.58,0.45,0.47,2026-08-31,0733,N21,nominal,2.0NRT,297.63,10.54,D
13.82067,79.34486,341.88,0.48,0.48,2026-08-31,0733,N21,nominal,2.0NRT,281.74,8.45,D
13.81982,79.34018,332.98,0.48,0.48,2026-08-31,0733,N21,nominal,2.0NRT,281.5,8.45,D
22.79767,86.20526,330.49,0.43,0.38,2026-08-31,0735,N21,nominal,2.0NRT,284.14,4.82,D
25.30671,56.37373,335.05,0.4,0.37,2026-08-31,0917,N21,low,2.0NRT,308.31,5.48,D
27.71215,68.49017,367,0.44,0.63,2026-08-31,0917,N21,high,2.0NRT,302.57,8.24,D
27.71182,68.48566,336.18,0.44,0.63,2026-08-31,0917,N21,nominal,2.0NRT,301.11,8.24,D
28.18835,67.79112,341.14,0.41,0.6,2026-08-31,0917,N21,nominal,2.0NRT,304.16,3.05,D
27.15989,56.10014,347.29,0.39,0.36,2026-08-31,0917,N21,nominal,2.0NRT,316.36,20.18,D
29.98743,55.8544,346.53,0.39,0.36,2026-08-31,0920,N21,nominal,2.0NRT,315.12,6.77,D
37.03439,62.41856,342.24,0.49,0.48,2026-08-31,0920,N21,low,2.0NRT,313.98,16.13,D
37.0334,62.41651,342.33,0.49,0.48,2026-08-31,0920,N21,low,2.0NRT,314.9,16.43,D
37.11433,62.36713,348.93,0.48,0.48,2026-08-31,0920,N21,nominal,2.0NRT,323.37,25.03,D
37.11385,62.36169,345.24,0.48,0.48,2026-08-31,0920,N21,nominal,2.0NRT,314.4,25.03,D
37.11876,62.36653,343.24,0.48,0.48,2026-08-31,0920,N21,low,2.0NRT,315.7,25.03,D
37.10186,60.57857,340.61,0.39,0.44,2026-08-31,0920,N21,nominal,2.0NRT,309.96,3.55,D
37.48169,61.79168,340.39,0.45,0.47,2026-08-31,0920,N21,nominal,2.0NRT,311.68,2.73,D
37.61055,61.60607,338.52,0.45,0.47,2026-08-31,0922,N21,low,2.0NRT,311.77,3.72,D
36.9456,54.88836,343.88,0.38,0.36,2026-08-31,0922,N21,nominal,2.0NRT,304.47,4.85,D
37.29079,55.38529,340.9,0.39,0.36,2026-08-31,0922,N21,nominal,2.0NRT,308.01,8.81,D
37.28923,55.3274,332.09,0.39,0.36,2026-08-31,0922,N21,low,2.0NRT,305.91,2.17,D
37.82732,59.06958,334.9,0.51,0.41,2026-08-31,0922,N21,low,2.0NRT,308.79,6.71,D
37.38682,55.24876,335.11,0.39,0.36,2026-08-31,0922,N21,low,2.0NRT,307.22,1.64,D
39.48106,65.05426,331.49,0.36,0.57,2026-08-31,0922,N21,low,2.0NRT,305.45,2.14,D
38.68082,54.31379,338.55,0.38,0.36,2026-08-31,0922,N21,nominal,2.0NRT,303.29,2.52,D
39.27302,56.25076,344.15,0.41,0.37,2026-08-31,0922,N21,nominal,2.0NRT,307.58,8.93,D
39.27705,56.25479,335.23,0.41,0.37,2026-08-31,0922,N21,low,2.0NRT,306.72,8.93,D
39.27662,56.25204,344.22,0.42,0.37,2026-08-31,0922,N21,nominal,2.0NRT,306.2,4.18,D
39.31827,55.75347,339.88,0.4,0.37,2026-08-31,0922,N21,nominal,2.0NRT,310.85,12.21,D
39.32088,55.73613,346.18,0.4,0.37,2026-08-31,0922,N21,nominal,2.0NRT,306.81,5.28,D
39.32362,55.73073,337.65,0.4,0.37,2026-08-31,0922,N21,nominal,2.0NRT,307.34,5.65,D
22.05649,59.34969,340.69,0.39,0.36,2026-08-31,0915,N21,low,2.0NRT,314.9,5.51,D
24.50512,56.60691,348.52,0.4,0.37,2026-08-31,0917,N21,low,2.0NRT,316.09,20.63,D
25.87093,62.51902,341.38,0.55,0.42,2026-08-31,0917,N21,low,2.0NRT,311.4,12.92,D
8.85866,101.26748,300.77,0.57,0.43,2026-08-31,1826,N21,nominal,2.0NRT,270.03,0.76,N
7.24992,100.41132,312.33,0.41,0.45,2026-08-31,1826,N21,nominal,2.0NRT,289.94,2.13,N
7.24887,100.41868,308.05,0.41,0.45,2026-08-31,1826,N21,nominal,2.0NRT,290.43,1.6,N
7.21896,100.22725,304.29,0.42,0.45,2026-08-31,1826,N21,nominal,2.0NRT,281.79,0.62,N
39.40258,99.85577,367,0.51,0.66,2026-08-31,1817,N21,high,2.0NRT,293.12,14.26,N
39.40229,99.85733,352.79,0.51,0.66,2026-08-31,1817,N21,nominal,2.0NRT,291.08,12.07,N
39.40251,99.85125,313.39,0.51,0.66,2026-08-31,1817,N21,nominal,2.0NRT,289.76,9.33,N
36.58909,101.48635,306.64,0.4,0.6,2026-08-31,1817,N21,nominal,2.0NRT,283.34,1.54,N
36.58851,101.48812,296.69,0.4,0.6,2026-08-31,1817,N21,nominal,2.0NRT,283.4,1.8,N
36.56961,101.52766,298.96,0.39,0.6,2026-08-31,1817,N21,nominal,2.0NRT,282.5,1.51,N
36.43761,101.60366,295.08,0.39,0.59,2026-08-31,1817,N21,nominal,2.0NRT,280.38,0.95,N
26.62263,101.45623,295.25,0.63,0.54,2026-08-31,1821,N21,nominal,2.0NRT,276.8,0.93,N
26.62164,101.45522,295.3,0.63,0.54,2026-08-31,1821,N21,nominal,2.0NRT,280.19,2.1,N
26.57671,101.66453,333.05,0.61,0.53,2026-08-31,1821,N21,nominal,2.0NRT,291.09,9.97,N
26.56574,101.67582,307.14,0.61,0.53,2026-08-31,1821,N21,nominal,2.0NRT,292.58,4.38,N
22.63056,100.73275,301.77,0.63,0.54,2026-08-31,1821,N21,nominal,2.0NRT,286.47,1.36,N
13.8191,79.35138,304.87,0.43,0.38,2026-08-31,2006,N21,nominal,2.0NRT,292.17,2.95,N
13.82083,79.35246,308.89,0.43,0.38,2026-08-31,2006,N21,nominal,2.0NRT,292.28,2.29,N
13.7698,79.52962,315.63,0.42,0.38,2026-08-31,2006,N21,nominal,2.0NRT,293.75,3.59,N
13.39139,80.10024,308.06,0.4,0.37,2026-08-31,2006,N21,nominal,2.0NRT,289.62,1.4,N
13.62572,78.44389,308.4,0.47,0.4,2026-08-31,2006,N21,nominal,2.0NRT,289.97,0.99,N
13.39185,80.07369,307.57,0.41,0.37,2026-08-31,2006,N21,nominal,2.0NRT,292.82,1.15,N
13.62445,78.44543,303.26,0.47,0.4,2026-08-31,2006,N21,nominal,2.0NRT,290.03,1.39,N
13.04406,77.66707,304.66,0.51,0.41,2026-08-31,2006,N21,nominal,2.0NRT,288.69,0.53,N
12.80597,77.4342,303.35,0.52,0.42,2026-08-31,2006,N21,nominal,2.0NRT,281.03,1.99,N
12.17032,78.99065,297.43,0.43,0.38,2026-08-31,2008,N21,nominal,2.0NRT,286.67,1.61,N
11.81635,77.91774,305.18,0.48,0.4,2026-08-31,2008,N21,nominal,2.0NRT,293.35,1.96,N
11.26925,80.00533,313.95,0.4,0.37,2026-08-31,2008,N21,nominal,2.0NRT,284.5,1.18,N
11.0839,78.75246,309.64,0.43,0.38,2026-08-31,2008,N21,nominal,2.0NRT,293.1,1.03,N
11.08219,78.75288,315.78,0.43,0.38,2026-08-31,2008,N21,nominal,2.0NRT,292.3,1.2,N
10.26561,78.37807,308.2,0.44,0.38,2026-08-31,2008,N21,nominal,2.0NRT,294.61,1.49,N
10.41422,77.11642,320.12,0.51,0.41,2026-08-31,2008,N21,nominal,2.0NRT,290.43,2.48,N
9.06696,77.89515,314.44,0.45,0.39,2026-08-31,2008,N21,nominal,2.0NRT,295.57,0.92,N
8.86698,78.1198,308.69,0.44,0.38,2026-08-31,2008,N21,nominal,2.0NRT,296.2,0.48,N
8.46689,80.25317,306.42,0.39,0.36,2026-08-31,2008,N21,nominal,2.0NRT,294.25,0.63,N
8.7414,78.08978,308.15,0.44,0.38,2026-08-31,2008,N21,nominal,2.0NRT,295.37,0.94,N
8.74081,78.09372,309.71,0.44,0.38,2026-08-31,2008,N21,nominal,2.0NRT,295.3,0.88,N
8.17575,80.37391,309.36,0.38,0.36,2026-08-31,2008,N21,nominal,2.0NRT,291.5,1.19,N
8.09008,80.79288,322.73,0.38,0.36,2026-08-31,2008,N21,nominal,2.0NRT,294.61,2.2,N
8.11107,79.86932,310.67,0.39,0.36,2026-08-31,2008,N21,nominal,2.0NRT,292.79,1.7,N
7.98893,79.86812,306.27,0.39,0.36,2026-08-31,2008,N21,nominal,2.0NRT,293.48,1.45,N
7.70559,80.66081,321.06,0.38,0.36,2026-08-31,2008,N21,nominal,2.0NRT,293.6,2.22,N
7.3909,80.89053,330.59,0.39,0.36,2026-08-31,2008,N21,nominal,2.0NRT,293.88,8.82,N
7.26313,81.18134,312.14,0.39,0.36,2026-08-31,2008,N21,nominal,2.0NRT,294.4,3.05,N
6.96047,79.9621,304.49,0.38,0.36,2026-08-31,2008,N21,nominal,2.0NRT,292.95,2.41,N
6.95824,79.95467,307.98,0.38,0.36,2026-08-31,2008,N21,nominal,2.0NRT,292.43,1.48,N
37.3045,77.71889,296.82,0.33,0.55,2026-08-31,2000,N21,nominal,2.0NRT,282.11,0.51,N
37.30535,77.7195,299.82,0.33,0.55,2026-08-31,2000,N21,nominal,2.0NRT,282.12,0.52,N
29.78645,91.60583,303.29,0.39,0.44,2026-08-31,2002,N21,nominal,2.0NRT,283.13,1.02,N
24.76254,74.6077,300.58,0.37,0.58,2026-08-31,2004,N21,nominal,2.0NRT,276.94,0.93,N
21.10521,72.64474,328.52,0.45,0.63,2026-08-31,2004,N21,nominal,2.0NRT,285.25,6.75,N
19.93664,73.71329,302.54,0.37,0.58,2026-08-31,2004,N21,nominal,2.0NRT,286.53,1.72,N
18.79948,74.2539,305.94,0.33,0.55,2026-08-31,2006,N21,nominal,2.0NRT,288.24,1.46,N
18.6894,73.03887,302.48,0.4,0.6,2026-08-31,2006,N21,nominal,2.0NRT,289.75,0.61,N
18.68763,73.04997,301.29,0.4,0.6,2026-08-31,2006,N21,nominal,2.0NRT,289.04,1.39,N
18.68412,73.03058,318.49,0.4,0.6,2026-08-31,2006,N21,nominal,2.0NRT,289.99,2.81,N
17.13949,77.17442,301.3,0.41,0.45,2026-08-31,2006,N21,nominal,2.0NRT,280.77,0.6,N
17.06384,76.97977,302.15,0.42,0.45,2026-08-31,2006,N21,nominal,2.0NRT,278.25,0.78,N
17.06124,76.97998,300.95,0.42,0.45,2026-08-31,2006,N21,nominal,2.0NRT,277.75,0.42,N
39.86194,98.25172,308.22,0.54,0.51,2026-08-31,1957,N21,nominal,2.0NRT,291.08,2.93,N
39.84127,98.27617,309.07,0.54,0.51,2026-08-31,1957,N21,nominal,2.0NRT,288.97,2.48,N
39.86181,98.25266,313.58,0.54,0.51,2026-08-31,1957,N21,nominal,2.0NRT,292.21,1.82,N
39.84131,98.27718,300.61,0.54,0.51,2026-08-31,1957,N21,nominal,2.0NRT,288.22,1.14,N
39.40388,99.85352,341.59,0.33,0.55,2026-08-31,1957,N21,nominal,2.0NRT,292.5,8.33,N
39.40294,99.85716,350.97,0.33,0.56,2026-08-31,1957,N21,nominal,2.0NRT,290.6,8,N
36.58998,101.48476,301.05,0.48,0.65,2026-08-31,1957,N21,nominal,2.0NRT,281.61,1.72,N
36.4379,101.60268,301.33,0.5,0.65,2026-08-31,1957,N21,nominal,2.0NRT,280.8,1.33,N
35.99007,94.83196,297.61,0.44,0.46,2026-08-31,2000,N21,nominal,2.0NRT,280.19,1.4,N
35.36796,59.30377,311.55,0.42,0.38,2026-08-31,2142,N21,nominal,2.0NRT,289.81,0.97,N
32.88955,71.61756,314.72,0.34,0.56,2026-08-31,2142,N21,nominal,2.0NRT,291.26,2.28,N
32.2922,70.72919,305.84,0.62,0.54,2026-08-31,2142,N21,nominal,2.0NRT,291.98,2.52,N
33.75174,59.14524,319.54,0.42,0.37,2026-08-31,2142,N21,nominal,2.0NRT,290.22,2.17,N
33.62954,59.16907,302.66,0.42,0.37,2026-08-31,2142,N21,nominal,2.0NRT,291.75,1.12,N
30.18717,74.48603,305.14,0.57,0.69,2026-08-31,2142,N21,nominal,2.0NRT,289.73,1.24,N
33.27083,57.53969,302.35,0.47,0.4,2026-08-31,2142,N21,nominal,2.0NRT,291.85,0.62,N
33.042,56.84645,320.72,0.5,0.41,2026-08-31,2142,N21,nominal,2.0NRT,298.83,3.09,N
33.04137,56.85178,317.92,0.5,0.41,2026-08-31,2142,N21,nominal,2.0NRT,298.03,3.09,N
30.49198,67.17836,301.37,0.43,0.46,2026-08-31,2142,N21,nominal,2.0NRT,289.98,1.74,N
30.49111,67.18256,317.73,0.43,0.46,2026-08-31,2142,N21,nominal,2.0NRT,290.59,1.74,N
32.33403,54.08655,306.04,0.46,0.47,2026-08-31,2142,N21,nominal,2.0NRT,293.86,1.33,N
32.33624,54.0885,303.91,0.46,0.47,2026-08-31,2142,N21,nominal,2.0NRT,292.96,1.56,N
31.70268,55.44767,308.43,0.57,0.43,2026-08-31,2144,N21,nominal,2.0NRT,297.85,2.94,N
31.6237,54.72355,308.73,0.41,0.45,2026-08-31,2144,N21,nominal,2.0NRT,292.71,1.79,N
31.62102,54.72355,311.53,0.41,0.45,2026-08-31,2144,N21,nominal,2.0NRT,293.7,2.4,N
30.75341,56.65732,311.82,0.48,0.4,2026-08-31,2144,N21,nominal,2.0NRT,294.18,2.16,N
30.75443,56.65443,304.32,0.48,0.4,2026-08-31,2144,N21,nominal,2.0NRT,294.04,1.7,N
30.75378,56.6595,307.41,0.48,0.4,2026-08-31,2144,N21,nominal,2.0NRT,293.15,1.72,N
28.42339,69.7014,313.99,0.33,0.55,2026-08-31,2144,N21,nominal,2.0NRT,296.94,1.34,N
30.66515,56.61928,309.42,0.48,0.4,2026-08-31,2144,N21,nominal,2.0NRT,289.71,1.1,N
30.73316,55.387,301.81,0.56,0.43,2026-08-31,2144,N21,nominal,2.0NRT,291.52,0.93,N
30.3692,56.12785,305.54,0.51,0.41,2026-08-31,2144,N21,nominal,2.0NRT,291.13,1.37,N
30.32272,56.22713,302.62,0.5,0.41,2026-08-31,2144,N21,nominal,2.0NRT,290.36,1.1,N
30.23392,56.9101,324.34,0.47,0.39,2026-08-31,2144,N21,nominal,2.0NRT,293.33,3.65,N
30.32238,55.9751,312.08,0.52,0.41,2026-08-31,2144,N21,nominal,2.0NRT,291.72,1.62,N
29.47516,60.80801,308.64,0.39,0.36,2026-08-31,2144,N21,nominal,2.0NRT,294.51,1.22,N
29.92796,56.73544,315.3,0.47,0.4,2026-08-31,2144,N21,nominal,2.0NRT,290.19,2.09,N
30.082,55.39827,306.09,0.55,0.43,2026-08-31,2144,N21,nominal,2.0NRT,292.61,1.81,N
29.99018,55.85291,338.66,0.52,0.41,2026-08-31,2144,N21,nominal,2.0NRT,290.29,7.93,N
29.99058,55.85131,334.42,0.52,0.41,2026-08-31,2144,N21,nominal,2.0NRT,288,3.97,N
29.98995,55.85642,302.81,0.52,0.41,2026-08-31,2144,N21,nominal,2.0NRT,287.14,3.97,N
29.51176,55.79657,303.21,0.52,0.41,2026-08-31,2144,N21,nominal,2.0NRT,291.18,0.9,N
29.15174,55.36456,309.33,0.54,0.42,2026-08-31,2144,N21,nominal,2.0NRT,294.26,1.53,N
29.13437,55.3787,303.97,0.54,0.42,2026-08-31,2144,N21,nominal,2.0NRT,293.81,1.5,N
25.85953,68.9313,304.91,0.34,0.56,2026-08-31,2144,N21,nominal,2.0NRT,294.57,0.51,N
25.76952,68.55756,305.44,0.32,0.55,2026-08-31,2144,N21,nominal,2.0NRT,295.02,0.55,N
27.40647,59.87672,310.63,0.38,0.36,2026-08-31,2144,N21,nominal,2.0NRT,296.56,0.79,N
27.22723,60.48951,319.97,0.39,0.36,2026-08-31,2144,N21,nominal,2.0NRT,300.42,2.7,N
27.4228,56.50357,316.82,0.45,0.39,2026-08-31,2144,N21,nominal,2.0NRT,301.14,2.38,N
27.42071,56.5,322.18,0.45,0.39,2026-08-31,2144,N21,nominal,2.0NRT,301.55,2.42,N
27.30188,56.3041,320.73,0.46,0.39,2026-08-31,2144,N21,nominal,2.0NRT,301.76,2.25,N
39.85423,66.1992,302.68,0.42,0.38,2026-08-31,2140,N21,nominal,2.0NRT,291.39,1.02,N
39.17669,68.61008,295.22,0.52,0.42,2026-08-31,2140,N21,nominal,2.0NRT,283.93,1.32,N
39.20108,66.83621,306.09,0.44,0.39,2026-08-31,2140,N21,nominal,2.0NRT,293.92,0.91,N
39.97635,61.68142,298.78,0.4,0.37,2026-08-31,2140,N21,nominal,2.0NRT,288.4,0.27,N
39.26308,65.20273,304.85,0.4,0.37,2026-08-31,2140,N21,nominal,2.0NRT,290.87,1.23,N
39.25976,65.20177,308.74,0.4,0.37,2026-08-31,2140,N21,nominal,2.0NRT,290.47,1.23,N
39.18094,65.31374,316.5,0.4,0.37,2026-08-31,2140,N21,nominal,2.0NRT,292.52,1.82,N
39.43372,62.99546,301.61,0.38,0.36,2026-08-31,2140,N21,nominal,2.0NRT,290.05,0.75,N
39.25013,63.21201,316.04,0.38,0.36,2026-08-31,2140,N21,nominal,2.0NRT,291.14,2.07,N
38.33434,68.12044,321.33,0.51,0.41,2026-08-31,2140,N21,nominal,2.0NRT,295.97,2.64,N
39.20212,63.23627,302.4,0.38,0.36,2026-08-31,2140,N21,nominal,2.0NRT,290.73,0.61,N
39.18497,63.34612,304.03,0.38,0.36,2026-08-31,2140,N21,nominal,2.0NRT,290.33,0.48,N
39.15908,63.46739,309.49,0.38,0.36,2026-08-31,2140,N21,nominal,2.0NRT,290.49,1.08,N
27.16864,56.09854,331.54,0.47,0.4,2026-08-31,2144,N21,nominal,2.0NRT,302.89,6.49,N
39.1347,63.62112,304.24,0.38,0.36,2026-08-31,2140,N21,nominal,2.0NRT,290.84,0.6,N
27.17043,56.05539,312.45,0.47,0.4,2026-08-31,2144,N21,nominal,2.0NRT,301.17,3.69,N
39.17241,63.27194,303.84,0.38,0.36,2026-08-31,2140,N21,nominal,2.0NRT,290.94,0.71,N
27.16079,56.10209,322.03,0.47,0.4,2026-08-31,2144,N21,nominal,2.0NRT,302.79,5.38,N
39.17035,63.28511,313.83,0.38,0.36,2026-08-31,2140,N21,nominal,2.0NRT,291.42,0.76,N
39.17666,63.22279,311.74,0.38,0.36,2026-08-31,2140,N21,nominal,2.0NRT,291.21,1.08,N
27.16016,56.07786,312.52,0.47,0.4,2026-08-31,2144,N21,nominal,2.0NRT,301.93,3.73,N
39.15263,63.37649,302.19,0.38,0.36,2026-08-31,2140,N21,nominal,2.0NRT,290.3,0.7,N
27.1441,56.11054,317.64,0.47,0.4,2026-08-31,2144,N21,nominal,2.0NRT,301.64,3.04,N
39.16792,63.25708,313.21,0.38,0.36,2026-08-31,2140,N21,nominal,2.0NRT,291.56,1.32,N
39.16396,63.26063,308.97,0.38,0.36,2026-08-31,2140,N21,nominal,2.0NRT,290.48,1.32,N
39.15504,63.31771,311.24,0.38,0.36,2026-08-31,2140,N21,nominal,2.0NRT,290.67,1.38,N
39.13019,63.47578,301.7,0.38,0.36,2026-08-31,2140,N21,nominal,2.0NRT,290.2,0.41,N
39.12573,63.46091,306.52,0.38,0.36,2026-08-31,2140,N21,nominal,2.0NRT,290.53,0.6,N
39.12868,63.42056,312.75,0.38,0.36,2026-08-31,2140,N21,nominal,2.0NRT,290.21,1.1,N
38.68483,65.98631,310.67,0.42,0.38,2026-08-31,2140,N21,nominal,2.0NRT,290.7,0.75,N
39.11578,63.39437,303.48,0.38,0.36,2026-08-31,2140,N21,nominal,2.0NRT,290.07,0.65,N
39.12628,63.30574,321.55,0.38,0.36,2026-08-31,2140,N21,nominal,2.0NRT,292.11,1.44,N
38.6798,65.95466,314.06,0.42,0.38,2026-08-31,2140,N21,nominal,2.0NRT,292.16,1.38,N
39.11493,63.33477,314.81,0.38,0.36,2026-08-31,2140,N21,nominal,2.0NRT,292.19,1.82,N
39.08489,63.48227,301.32,0.38,0.36,2026-08-31,2140,N21,nominal,2.0NRT,289.86,0.34,N
39.01513,63.70621,302.35,0.39,0.36,2026-08-31,2140,N21,nominal,2.0NRT,290.58,0.69,N
38.95559,63.75596,309.44,0.39,0.36,2026-08-31,2140,N21,nominal,2.0NRT,291.11,1.04,N
38.97175,63.59115,302.35,0.38,0.36,2026-08-31,2140,N21,nominal,2.0NRT,290.46,0.7,N
38.96686,63.62177,306.17,0.38,0.36,2026-08-31,2140,N21,nominal,2.0NRT,290.43,0.74,N
38.97419,63.46856,314.91,0.38,0.36,2026-08-31,2140,N21,nominal,2.0NRT,291.82,1.69,N
38.91693,63.80524,307.38,0.39,0.36,2026-08-31,2140,N21,nominal,2.0NRT,290.67,0.77,N
38.54928,65.94824,306.69,0.42,0.38,2026-08-31,2140,N21,nominal,2.0NRT,291.21,0.9,N
38.90852,63.79387,301.63,0.39,0.36,2026-08-31,2140,N21,nominal,2.0NRT,290.68,0.38,N
38.87791,63.77206,301.52,0.39,0.36,2026-08-31,2140,N21,nominal,2.0NRT,289.83,0.67,N
38.84002,63.8786,302.36,0.39,0.36,2026-08-31,2140,N21,nominal,2.0NRT,291.15,0.6,N
38.83616,63.81806,313.68,0.39,0.36,2026-08-31,2140,N21,nominal,2.0NRT,290.99,1.2,N
38.8336,63.81281,303.16,0.39,0.36,2026-08-31,2140,N21,nominal,2.0NRT,291.12,0.67,N
38.78302,63.91387,300.58,0.39,0.36,2026-08-31,2140,N21,nominal,2.0NRT,290.2,0.53,N
26.95609,55.54377,316.48,0.5,0.41,2026-08-31,2144,N21,nominal,2.0NRT,303.54,1.89,N
38.4547,65.80361,304.63,0.42,0.38,2026-08-31,2140,N21,nominal,2.0NRT,292.06,1.03,N
38.71053,63.93805,302.52,0.39,0.36,2026-08-31,2140,N21,nominal,2.0NRT,290.05,0.39,N
38.652,63.98206,305.56,0.39,0.36,2026-08-31,2140,N21,nominal,2.0NRT,289.89,0.89,N
38.05061,67.26479,329.83,0.48,0.4,2026-08-31,2140,N21,nominal,2.0NRT,294.63,8.9,N
38.45243,64.35828,301.94,0.39,0.36,2026-08-31,2140,N21,nominal,2.0NRT,291.5,0.57,N
38.43222,64.19347,306.54,0.39,0.36,2026-08-31,2140,N21,nominal,2.0NRT,291.11,0.53,N
38.28423,64.38198,306.47,0.39,0.36,2026-08-31,2140,N21,nominal,2.0NRT,291.32,0.5,N
38.16303,64.59262,306.35,0.4,0.37,2026-08-31,2140,N21,nominal,2.0NRT,292.48,0.79,N
38.11843,64.71153,306.92,0.4,0.37,2026-08-31,2140,N21,nominal,2.0NRT,292.12,0.85,N
38.0494,65.10971,309.8,0.41,0.37,2026-08-31,2140,N21,nominal,2.0NRT,293.58,0.53,N
38.08719,64.87263,305.66,0.4,0.37,2026-08-31,2140,N21,nominal,2.0NRT,291.02,0.43,N
37.93015,65.64027,306.75,0.42,0.38,2026-08-31,2140,N21,nominal,2.0NRT,292.58,1.24,N
38.05329,64.88688,323.15,0.4,0.37,2026-08-31,2140,N21,nominal,2.0NRT,293.18,2.35,N
37.95911,65.05817,302.53,0.41,0.37,2026-08-31,2140,N21,nominal,2.0NRT,291.51,0.77,N
37.96451,65.00716,307.76,0.41,0.37,2026-08-31,2140,N21,nominal,2.0NRT,292.47,1.18,N
37.90516,65.10528,306.75,0.41,0.37,2026-08-31,2140,N21,nominal,2.0NRT,293.29,0.92,N
37.88748,65.08594,308.03,0.41,0.37,2026-08-31,2140,N21,nominal,2.0NRT,293.55,0.92,N
37.88609,65.08831,305.17,0.41,0.37,2026-08-31,2140,N21,nominal,2.0NRT,293.15,0.71,N
37.8173,65.17947,307.03,0.41,0.37,2026-08-31,2140,N21,nominal,2.0NRT,293.71,0.65,N
37.80143,65.18945,303.7,0.41,0.37,2026-08-31,2140,N21,nominal,2.0NRT,293.35,0.63,N
37.74796,65.21004,303.99,0.41,0.37,2026-08-31,2140,N21,nominal,2.0NRT,293.34,0.77,N
37.67513,65.26202,303.82,0.41,0.37,2026-08-31,2140,N21,nominal,2.0NRT,293,0.91,N
37.66427,65.2832,310.42,0.41,0.37,2026-08-31,2140,N21,nominal,2.0NRT,292.67,0.95,N
37.95908,62.66508,310.58,0.38,0.36,2026-08-31,2140,N21,nominal,2.0NRT,292.54,1.33,N
25.97164,56.07117,319.59,0.46,0.39,2026-08-31,2144,N21,nominal,2.0NRT,302.78,2.25,N
37.98839,61.88084,310.21,0.39,0.36,2026-08-31,2140,N21,nominal,2.0NRT,291.92,1.08,N
25.96507,56.06542,312.44,0.46,0.39,2026-08-31,2144,N21,nominal,2.0NRT,302.43,1.75,N
37.98444,61.88446,306.34,0.39,0.36,2026-08-31,2140,N21,nominal,2.0NRT,291.83,0.95,N
25.9663,56.06782,318.06,0.46,0.39,2026-08-31,2144,N21,nominal,2.0NRT,302.67,1.85,N
37.90491,61.98487,301.63,0.39,0.36,2026-08-31,2140,N21,nominal,2.0NRT,288.03,0.48,N
25.90223,54.53242,312.71,0.54,0.42,2026-08-31,2144,N21,nominal,2.0NRT,301.48,1.01,N
37.88589,62.02106,311,0.39,0.36,2026-08-31,2140,N21,nominal,2.0NRT,290.55,1.56,N
22.39004,73.12098,309.44,0.73,0.76,2026-08-31,2144,N21,nominal,2.0NRT,270.65,4.01,N
37.79873,62.55288,309.39,0.38,0.36,2026-08-31,2140,N21,nominal,2.0NRT,291.12,1.22,N
22.3833,73.1189,311.62,0.73,0.76,2026-08-31,2144,N21,nominal,2.0NRT,268.93,2.43,N
37.79611,62.54776,307.71,0.38,0.36,2026-08-31,2140,N21,nominal,2.0NRT,291.22,1.15,N
25.57177,55.98727,314.37,0.46,0.39,2026-08-31,2144,N21,nominal,2.0NRT,302.63,1.49,N
37.79545,62.55207,311.37,0.38,0.36,2026-08-31,2140,N21,nominal,2.0NRT,291.94,1.15,N
37.78761,62.53673,331.8,0.38,0.36,2026-08-31,2140,N21,nominal,2.0NRT,294.22,3.61,N
37.78237,62.5265,308.33,0.38,0.36,2026-08-31,2140,N21,nominal,2.0NRT,291.27,0.93,N
37.82579,61.99065,300.17,0.39,0.36,2026-08-31,2140,N21,nominal,2.0NRT,289.7,0.56,N
37.77532,62.1004,301.52,0.39,0.36,2026-08-31,2140,N21,nominal,2.0NRT,290.86,0.66,N
25.30737,56.37357,320.7,0.44,0.38,2026-08-31,2144,N21,nominal,2.0NRT,301.56,1.92,N
37.84496,61.60525,315.37,0.39,0.36,2026-08-31,2140,N21,nominal,2.0NRT,292.97,1.15,N
37.77584,62.02848,310.28,0.39,0.36,2026-08-31,2140,N21,nominal,2.0NRT,291.48,1.16,N
38.25418,58.38797,308.63,0.49,0.4,2026-08-31,2140,N21,nominal,2.0NRT,293.4,1.93,N
37.7438,62.1289,318.99,0.39,0.36,2026-08-31,2140,N21,nominal,2.0NRT,291.37,1.68,N
37.74174,62.07445,307.44,0.39,0.36,2026-08-31,2140,N21,nominal,2.0NRT,289.66,0.9,N
37.72534,62.09306,320.39,0.39,0.36,2026-08-31,2140,N21,nominal,2.0NRT,292.45,2.1,N
37.75075,61.85335,313.14,0.39,0.36,2026-08-31,2140,N21,nominal,2.0NRT,289.78,1.14,N
37.79305,61.49529,310.49,0.39,0.36,2026-08-31,2140,N21,nominal,2.0NRT,292.5,1.48,N
37.66977,62.23459,310.88,0.39,0.36,2026-08-31,2140,N21,nominal,2.0NRT,291.56,1.44,N
37.66912,62.23892,318.37,0.39,0.36,2026-08-31,2140,N21,nominal,2.0NRT,292.11,1.44,N
37.6619,62.24168,302.96,0.39,0.36,2026-08-31,2140,N21,nominal,2.0NRT,290.61,0.55,N
37.65862,62.2409,304.14,0.39,0.36,2026-08-31,2140,N21,nominal,2.0NRT,290.96,0.79,N
38.21885,57.98746,305.23,0.51,0.41,2026-08-31,2140,N21,nominal,2.0NRT,291.08,1.26,N
37.65467,62.24443,310.14,0.39,0.36,2026-08-31,2140,N21,nominal,2.0NRT,290.65,0.79,N
37.64811,62.24287,301.83,0.39,0.36,2026-08-31,2140,N21,nominal,2.0NRT,289.89,0.65,N
38.19453,58.10028,301.52,0.5,0.41,2026-08-31,2140,N21,nominal,2.0NRT,290.53,0.98,N
38.19224,58.05323,303.89,0.5,0.41,2026-08-31,2140,N21,nominal,2.0NRT,291.27,1.14,N
37.68494,61.88315,301.46,0.39,0.36,2026-08-31,2140,N21,nominal,2.0NRT,288.58,0.73,N
37.63692,62.20437,318.62,0.39,0.36,2026-08-31,2140,N21,nominal,2.0NRT,291.81,1.64,N
37.6284,62.21578,310.62,0.39,0.36,2026-08-31,2140,N21,nominal,2.0NRT,291.68,1.46,N
37.62576,62.21067,315.38,0.39,0.36,2026-08-31,2140,N21,nominal,2.0NRT,292.41,1.21,N
37.62506,62.17019,320.16,0.39,0.36,2026-08-31,2140,N21,nominal,2.0NRT,292.7,2.01,N
37.625,62.12534,318.88,0.39,0.36,2026-08-31,2140,N21,nominal,2.0NRT,292.3,1.8,N
37.61976,62.13755,322.07,0.39,0.36,2026-08-31,2140,N21,nominal,2.0NRT,293.8,2.7,N
37.65406,61.90747,319.22,0.39,0.36,2026-08-31,2140,N21,nominal,2.0NRT,292.16,2.03,N
37.61911,62.14188,309.66,0.39,0.36,2026-08-31,2140,N21,nominal,2.0NRT,292.2,1.3,N
37.62922,61.96017,304.39,0.39,0.36,2026-08-31,2140,N21,nominal,2.0NRT,292.22,0.82,N
37.63042,61.72251,308.85,0.39,0.36,2026-08-31,2140,N21,nominal,2.0NRT,292.24,0.9,N
37.80577,60.33012,307.87,0.41,0.37,2026-08-31,2140,N21,nominal,2.0NRT,292.57,0.87,N
37.6101,61.60464,330.14,0.39,0.36,2026-08-31,2140,N21,nominal,2.0NRT,297.34,5,N
37.61457,61.57391,313.48,0.39,0.36,2026-08-31,2140,N21,nominal,2.0NRT,292.14,1.47,N
37.61393,61.5783,303.5,0.39,0.36,2026-08-31,2140,N21,nominal,2.0NRT,291.95,1.47,N
37.61201,61.59148,305.45,0.39,0.36,2026-08-31,2140,N21,nominal,2.0NRT,292.36,0.83,N
37.60946,61.60902,304.74,0.39,0.36,2026-08-31,2140,N21,nominal,2.0NRT,291.97,2.02,N
37.60795,61.57239,307.96,0.39,0.36,2026-08-31,2140,N21,nominal,2.0NRT,292.01,1.53,N
37.5547,61.93471,304.46,0.39,0.36,2026-08-31,2140,N21,nominal,2.0NRT,291.72,0.66,N
37.60388,61.5533,315.41,0.39,0.36,2026-08-31,2140,N21,nominal,2.0NRT,292.55,1.48,N
37.59662,61.55618,319.41,0.39,0.36,2026-08-31,2140,N21,nominal,2.0NRT,292.55,1.3,N
37.59599,61.56057,304.31,0.39,0.36,2026-08-31,2140,N21,nominal,2.0NRT,291.44,1.34,N
37.59381,61.5283,322.55,0.39,0.36,2026-08-31,2140,N21,nominal,2.0NRT,292.56,1.64,N
24.50589,56.60785,343.14,0.42,0.38,2026-08-31,2144,N21,nominal,2.0NRT,304.44,5.33,N
37.58873,61.56345,304.01,0.39,0.36,2026-08-31,2140,N21,nominal,2.0NRT,292.3,0.88,N
24.50301,56.60311,319.65,0.42,0.38,2026-08-31,2144,N21,nominal,2.0NRT,305.04,5.33,N
37.55487,61.79527,303.56,0.39,0.36,2026-08-31,2140,N21,nominal,2.0NRT,292.47,0.58,N
37.5905,61.52755,310.29,0.39,0.36,2026-08-31,2140,N21,nominal,2.0NRT,292.58,1.64,N
37.58541,61.56269,306.29,0.39,0.36,2026-08-31,2140,N21,nominal,2.0NRT,293.39,0.88,N
24.47176,56.63253,316.24,0.42,0.38,2026-08-31,2144,N21,nominal,2.0NRT,302.74,1.42,N
37.5821,61.56194,304.69,0.39,0.36,2026-08-31,2140,N21,nominal,2.0NRT,291.74,1.42,N
24.46714,56.64026,315.3,0.42,0.38,2026-08-31,2144,N21,nominal,2.0NRT,302.73,1.65,N
37.50244,61.98738,314.8,0.39,0.36,2026-08-31,2140,N21,nominal,2.0NRT,291.38,0.85,N
37.72697,60.36893,302.7,0.41,0.37,2026-08-31,2140,N21,nominal,2.0NRT,291.93,0.36,N
24.45462,56.5532,320.86,0.43,0.38,2026-08-31,2144,N21,nominal,2.0NRT,303.84,1.72,N
37.94778,58.58931,303.07,0.48,0.4,2026-08-31,2140,N21,nominal,2.0NRT,291.94,0.58,N
37.48335,61.97841,307.27,0.39,0.36,2026-08-31,2140,N21,nominal,2.0NRT,292.42,0.48,N
37.47881,62.00872,309.05,0.39,0.36,2026-08-31,2140,N21,nominal,2.0NRT,291.67,1.16,N
37.94007,58.56032,305.38,0.48,0.4,2026-08-31,2140,N21,nominal,2.0NRT,292.65,0.99,N
37.93942,58.56572,304.6,0.48,0.4,2026-08-31,2140,N21,nominal,2.0NRT,292.43,1,N
37.49617,61.84674,339.19,0.39,0.36,2026-08-31,2140,N21,nominal,2.0NRT,295.47,4.49,N
37.42262,62.31267,320.79,0.38,0.36,2026-08-31,2140,N21,nominal,2.0NRT,291.67,1.67,N
37.42327,62.30836,307.84,0.38,0.36,2026-08-31,2140,N21,nominal,2.0NRT,290.75,1.69,N
37.40622,62.30875,300.94,0.38,0.36,2026-08-31,2140,N21,nominal,2.0NRT,290.37,0.49,N
37.39506,62.315,308.32,0.38,0.36,2026-08-31,2140,N21,nominal,2.0NRT,292.43,0.82,N
37.62275,60.43997,308.31,0.41,0.37,2026-08-31,2142,N21,nominal,2.0NRT,292.58,0.96,N
37.6333,60.33718,315.48,0.41,0.37,2026-08-31,2142,N21,nominal,2.0NRT,292.78,1.08,N
37.63267,60.34184,302.46,0.41,0.37,2026-08-31,2142,N21,nominal,2.0NRT,292.43,1.08,N
37.61889,60.39149,304.69,0.41,0.37,2026-08-31,2142,N21,nominal,2.0NRT,292.95,0.86,N
37.51136,61.01525,318.29,0.4,0.37,2026-08-31,2142,N21,nominal,2.0NRT,294.89,1.88,N
37.50277,61.02719,307.78,0.4,0.37,2026-08-31,2142,N21,nominal,2.0NRT,293.89,1.26,N
37.82689,58.3839,308.02,0.48,0.4,2026-08-31,2142,N21,nominal,2.0NRT,291.04,1.15,N
37.48688,60.46005,312.49,0.41,0.37,2026-08-31,2142,N21,nominal,2.0NRT,292.35,1.18,N
37.34572,61.36383,309.03,0.39,0.36,2026-08-31,2142,N21,nominal,2.0NRT,292.79,0.9,N
37.36612,61.0535,305.88,0.4,0.37,2026-08-31,2142,N21,nominal,2.0NRT,292.33,0.75,N
37.38682,60.75765,309.05,0.4,0.37,2026-08-31,2142,N21,nominal,2.0NRT,290.75,0.89,N
37.32709,61.08613,314.39,0.4,0.37,2026-08-31,2142,N21,nominal,2.0NRT,292.84,1.91,N
37.32584,61.09501,316.43,0.4,0.37,2026-08-31,2142,N21,nominal,2.0NRT,293.15,1.78,N
37.11785,62.36465,324.74,0.38,0.36,2026-08-31,2142,N21,nominal,2.0NRT,294.13,3.52,N
23.55513,58.20176,317.6,0.39,0.36,2026-08-31,2146,N21,nominal,2.0NRT,301.76,1.45,N
37.11851,62.36036,304.41,0.38,0.36,2026-08-31,2142,N21,nominal,2.0NRT,292.7,3.52,N
37.11457,62.36386,311.89,0.38,0.36,2026-08-31,2142,N21,nominal,2.0NRT,293.27,1.77,N
37.35639,60.46777,305.37,0.41,0.37,2026-08-31,2142,N21,nominal,2.0NRT,293.17,0.9,N
23.48203,58.28129,320.47,0.39,0.36,2026-08-31,2146,N21,nominal,2.0NRT,304.16,1.47,N
37.03195,62.41491,321.18,0.38,0.36,2026-08-31,2142,N21,nominal,2.0NRT,294.16,1.91,N
37.03129,62.41919,321.57,0.38,0.36,2026-08-31,2142,N21,nominal,2.0NRT,295.66,3.44,N
37.17871,60.86483,304.66,0.4,0.37,2026-08-31,2142,N21,nominal,2.0NRT,290.79,0.95,N
37.21703,60.02348,307.14,0.42,0.38,2026-08-31,2142,N21,nominal,2.0NRT,292.05,1.37,N
37.45253,57.68729,308.53,0.51,0.41,2026-08-31,2142,N21,nominal,2.0NRT,293.29,1.71,N
37.03158,60.68426,300.9,0.4,0.37,2026-08-31,2142,N21,nominal,2.0NRT,290.46,0.59,N
36.47683,61.62393,305.68,0.39,0.36,2026-08-31,2142,N21,nominal,2.0NRT,294.71,2.61,N
36.43757,61.21959,321.1,0.39,0.36,2026-08-31,2142,N21,nominal,2.0NRT,294.16,1.94,N
36.99031,56.23081,306.7,0.4,0.44,2026-08-31,2142,N21,nominal,2.0NRT,291.49,0.86,N
35.98313,63.6402,318.13,0.39,0.36,2026-08-31,2142,N21,nominal,2.0NRT,292.34,1.65,N
36.49915,59.33419,305.35,0.43,0.38,2026-08-31,2142,N21,nominal,2.0NRT,291.51,0.86,N
35.94823,62.91684,304.16,0.39,0.36,2026-08-31,2142,N21,nominal,2.0NRT,294.04,0.65,N
36.44585,59.40474,309.38,0.43,0.38,2026-08-31,2142,N21,nominal,2.0NRT,291.94,1.63,N
35.90655,62.9638,312.62,0.39,0.36,2026-08-31,2142,N21,nominal,2.0NRT,294.21,1.5,N
36.2693,59.65136,308.29,0.42,0.38,2026-08-31,2142,N21,nominal,2.0NRT,292.9,0.94,N
36.23759,59.73081,308.62,0.42,0.38,2026-08-31,2142,N21,nominal,2.0NRT,291.81,1.38,N
36.29527,54.78555,305.98,0.46,0.47,2026-08-31,2142,N21,nominal,2.0NRT,292.4,1.16,N
35.92308,57.83453,302.23,0.49,0.4,2026-08-31,2142,N21,nominal,2.0NRT,289.67,0.59,N
22.6614,59.40939,314.46,0.39,0.36,2026-08-31,2146,N21,nominal,2.0NRT,301.71,0.86,N
22.6608,59.41314,313.47,0.39,0.36,2026-08-31,2146,N21,nominal,2.0NRT,301.31,0.86,N
23.18881,55.45914,321.13,0.46,0.39,2026-08-31,2146,N21,nominal,2.0NRT,303.12,2.9,N
23.30979,54.17888,335.19,0.53,0.42,2026-08-31,2146,N21,nominal,2.0NRT,302.11,4.87,N
22.92504,55.80349,320.07,0.44,0.38,2026-08-31,2146,N21,nominal,2.0NRT,300.56,1.64,N
22.87943,55.92628,334.2,0.44,0.38,2026-08-31,2146,N21,nominal,2.0NRT,303.35,7.3,N
22.78262,55.81628,316.46,0.44,0.38,2026-08-31,2146,N21,nominal,2.0NRT,301.64,1.3,N
22.67375,56.25122,312.53,0.42,0.38,2026-08-31,2146,N21,nominal,2.0NRT,300.7,1.29,N
22.40692,56.9874,321.82,0.4,0.37,2026-08-31,2146,N21,nominal,2.0NRT,301.03,1.64,N
22.40636,56.99126,314.41,0.4,0.37,2026-08-31,2146,N21,nominal,2.0NRT,300.15,1.44,N
22.32828,56.48898,338.54,0.41,0.37,2026-08-31,2146,N21,nominal,2.0NRT,303.56,6.43,N
22.3278,56.48977,333.96,0.41,0.37,2026-08-31,2146,N21,nominal,2.0NRT,303.86,7.02,N
22.32669,56.47334,331.32,0.41,0.37,2026-08-31,2146,N21,nominal,2.0NRT,305.61,4.17,N
21.9354,57.07465,328.54,0.4,0.37,2026-08-31,2146,N21,nominal,2.0NRT,300.35,6.02,N
21.89077,56.84801,325.14,0.4,0.37,2026-08-31,2146,N21,nominal,2.0NRT,300.68,1.78,N
21.80101,57.09231,324.88,0.4,0.37,2026-08-31,2146,N21,nominal,2.0NRT,299.55,1.7,N
21.83422,56.68073,330.08,0.4,0.37,2026-08-31,2146,N21,nominal,2.0NRT,301.24,3.1,N
21.6628,56.41317,328.05,0.41,0.37,2026-08-31,2146,N21,nominal,2.0NRT,299.98,2.88,N
21.46179,57.24443,321.21,0.39,0.36,2026-08-31,2146,N21,nominal,2.0NRT,299.33,0.91,N
21.33516,57.72313,316.85,0.39,0.36,2026-08-31,2146,N21,nominal,2.0NRT,297.86,1.64,N
21.32196,57.72084,307.8,0.39,0.36,2026-08-31,2146,N21,nominal,2.0NRT,297.35,1.37,N
21.31866,57.72026,320.68,0.39,0.36,2026-08-31,2146,N21,nominal,2.0NRT,297.62,1.37,N
21.31199,57.74178,323.05,0.39,0.36,2026-08-31,2146,N21,nominal,2.0NRT,297.53,2.62,N
21.31142,57.74547,331.21,0.39,0.36,2026-08-31,2146,N21,nominal,2.0NRT,298.26,2.62,N
21.30353,57.79712,326.36,0.39,0.36,2026-08-31,2146,N21,nominal,2.0NRT,298.38,1.5,N
21.30714,57.70689,321.98,0.39,0.36,2026-08-31,2146,N21,nominal,2.0NRT,297.99,1.38,N
21.2973,57.68245,309.62,0.39,0.36,2026-08-31,2146,N21,nominal,2.0NRT,297.31,0.74,N
21.37693,56.71739,331.7,0.4,0.37,2026-08-31,2146,N21,nominal,2.0NRT,300.54,4.27,N
21.40852,55.74089,315.72,0.43,0.38,2026-08-31,2146,N21,nominal,2.0NRT,301.96,1.56,N
21.24475,56.34773,311.74,0.41,0.37,2026-08-31,2146,N21,nominal,2.0NRT,299.04,0.77,N
20.98729,56.77552,308.81,0.4,0.37,2026-08-31,2146,N21,nominal,2.0NRT,298.18,0.35,N
20.55776,56.42149,316.76,0.4,0.37,2026-08-31,2146,N21,nominal,2.0NRT,297.95,1.15,N
20.37627,55.93452,331.13,0.42,0.37,2026-08-31,2146,N21,nominal,2.0NRT,300.08,3.87,N
20.38664,55.66238,330.39,0.42,0.38,2026-08-31,2146,N21,nominal,2.0NRT,299.56,4.1,N
20.38545,55.64563,329.31,0.42,0.38,2026-08-31,2146,N21,nominal,2.0NRT,299.54,2.01,N
20.3863,55.64689,325.43,0.42,0.38,2026-08-31,2146,N21,nominal,2.0NRT,298.98,2.57,N
20.21229,55.71013,326.42,0.42,0.38,2026-08-31,2146,N21,nominal,2.0NRT,298.3,1.58,N
18.32407,55.10411,329.13,0.43,0.38,2026-08-31,2146,N21,nominal,2.0NRT,298.07,3.66,N
18.3206,55.10358,339.02,0.43,0.38,2026-08-31,2146,N21,nominal,2.0NRT,300.78,3.66,N
18.01228,54.57114,332.83,0.45,0.39,2026-08-31,2146,N21,nominal,2.0NRT,305.25,10.35,N
23.09925,101.16467,325.31,0.55,0.68,2026-09-01,0536,N21,nominal,2.0NRT,295.77,6.16,D
23.09881,101.16599,327.2,0.55,0.68,2026-09-01,0536,N21,nominal,2.0NRT,295.21,6.39,D
25.78834,101.82743,326.94,0.44,0.62,2026-09-01,0536,N21,low,2.0NRT,301.66,6.04,D
26.57477,101.66924,325.85,0.43,0.62,2026-09-01,0536,N21,low,2.0NRT,299.8,4.49,D
26.57362,101.66439,330.51,0.43,0.62,2026-09-01,0536,N21,nominal,2.0NRT,299.91,4.49,D
36.65713,101.55399,329.37,0.51,0.49,2026-09-01,0540,N21,nominal,2.0NRT,298.06,6.85,D
36.75555,101.56012,339.79,0.51,0.49,2026-09-01,0540,N21,nominal,2.0NRT,300.85,5.81,D
38.23345,101.93394,337.42,0.45,0.47,2026-09-01,0540,N21,nominal,2.0NRT,304.17,5.15,D
38.26402,101.99099,336.67,0.45,0.47,2026-09-01,0540,N21,nominal,2.0NRT,305.32,2.76,D
6.7114,81.58937,348.86,0.48,0.65,2026-09-01,0712,N21,nominal,2.0NRT,292.68,15.12,D
6.71725,81.58833,346.15,0.48,0.65,2026-09-01,0712,N21,nominal,2.0NRT,292.26,6.9,D
6.60747,80.93373,332.41,0.53,0.67,2026-09-01,0712,N21,nominal,2.0NRT,289.22,5.76,D
6.82114,81.49781,330.96,0.48,0.65,2026-09-01,0712,N21,nominal,2.0NRT,287.17,3.37,D
6.8405,81.57301,335.52,0.48,0.64,2026-09-01,0712,N21,nominal,2.0NRT,291.61,9.7,D
6.83964,81.57272,338.2,0.48,0.64,2026-09-01,0712,N21,nominal,2.0NRT,291.77,11.85,D
7.16898,81.5699,330.42,0.47,0.64,2026-09-01,0712,N21,nominal,2.0NRT,294.73,3.6,D
7.16885,81.56881,334.2,0.47,0.64,2026-09-01,0712,N21,nominal,2.0NRT,292.95,2.83,D
7.21728,81.7672,333.12,0.46,0.63,2026-09-01,0712,N21,nominal,2.0NRT,296.56,1.91,D
7.30622,81.76859,335.28,0.45,0.63,2026-09-01,0712,N21,nominal,2.0NRT,293.85,6.77,D
7.30749,81.76774,336.36,0.45,0.63,2026-09-01,0712,N21,nominal,2.0NRT,293.75,2.86,D
7.32363,81.56375,345.64,0.47,0.64,2026-09-01,0712,N21,nominal,2.0NRT,297.29,7.09,D
7.38272,81.79197,339.72,0.45,0.63,2026-09-01,0712,N21,nominal,2.0NRT,295.57,3.72,D
7.39058,81.77007,343.39,0.45,0.63,2026-09-01,0712,N21,nominal,2.0NRT,297.46,4.93,D
7.36664,81.10676,333.48,0.5,0.66,2026-09-01,0712,N21,nominal,2.0NRT,295.58,8.66,D
7.36582,81.10229,340.8,0.5,0.66,2026-09-01,0712,N21,nominal,2.0NRT,297.76,8.66,D
7.52218,81.37037,330.62,0.48,0.65,2026-09-01,0712,N21,nominal,2.0NRT,297.88,7.17,D
7.57215,81.3828,331.7,0.48,0.64,2026-09-01,0712,N21,nominal,2.0NRT,296.4,9.97,D
7.57381,81.06113,347.51,0.5,0.66,2026-09-01,0712,N21,nominal,2.0NRT,297.64,8.22,D
7.94428,81.31894,339.66,0.48,0.64,2026-09-01,0712,N21,nominal,2.0NRT,298.04,6.41,D
7.94351,81.31474,330.37,0.48,0.64,2026-09-01,0712,N21,nominal,2.0NRT,297.19,6.41,D
8.03915,81.28013,334.42,0.48,0.64,2026-09-01,0712,N21,nominal,2.0NRT,297.09,6.98,D
7.9692,80.59388,335.14,0.53,0.67,2026-09-01,0712,N21,nominal,2.0NRT,292.65,7.46,D
8.11285,81.12814,335.44,0.49,0.65,2026-09-01,0712,N21,nominal,2.0NRT,294.83,7.04,D
8.11205,81.12383,332.56,0.49,0.65,2026-09-01,0712,N21,nominal,2.0NRT,296.16,10.07,D
8.30814,81.01736,333.6,0.49,0.65,2026-09-01,0714,N21,nominal,2.0NRT,291.72,7.86,D
8.40332,81.04671,367,0.49,0.65,2026-09-01,0714,N21,high,2.0NRT,296.8,25.81,D
8.38633,80.82423,336.66,0.5,0.66,2026-09-01,0714,N21,nominal,2.0NRT,294.84,8.1,D
8.38549,80.8197,331.03,0.51,0.66,2026-09-01,0714,N21,nominal,2.0NRT,295.74,8.1,D
8.43838,80.80535,332.05,0.51,0.66,2026-09-01,0714,N21,nominal,2.0NRT,297.07,7.21,D
8.40153,80.62936,333.23,0.52,0.67,2026-09-01,0714,N21,nominal,2.0NRT,294.88,7.65,D
8.46502,80.80076,334.22,0.5,0.66,2026-09-01,0714,N21,nominal,2.0NRT,294.68,4.86,D
8.41019,80.40926,330.06,0.54,0.68,2026-09-01,0714,N21,nominal,2.0NRT,293.49,3.7,D
8.42441,80.4514,335.35,0.53,0.67,2026-09-01,0714,N21,nominal,2.0NRT,293.71,4.99,D
8.40674,80.25502,367,0.55,0.68,2026-09-01,0714,N21,high,2.0NRT,294.07,20.93,D
8.46624,80.40448,336.17,0.54,0.68,2026-09-01,0714,N21,nominal,2.0NRT,291.02,7.32,D
8.46535,80.39966,333.49,0.54,0.68,2026-09-01,0714,N21,nominal,2.0NRT,293.25,7,D
8.51987,80.59413,332.8,0.52,0.67,2026-09-01,0714,N21,nominal,2.0NRT,293.92,4.57,D
8.51833,80.77255,330.05,0.51,0.66,2026-09-01,0714,N21,nominal,2.0NRT,295.95,3.93,D
8.46658,80.4045,338.18,0.54,0.68,2026-09-01,0714,N21,nominal,2.0NRT,291.45,7.16,D
8.46566,80.3997,334.71,0.54,0.68,2026-09-01,0714,N21,nominal,2.0NRT,293.24,9.48,D
8.51548,80.59484,343.26,0.52,0.67,2026-09-01,0714,N21,nominal,2.0NRT,293.55,6.03,D
8.57219,80.76335,345.17,0.51,0.66,2026-09-01,0714,N21,nominal,2.0NRT,297.84,12.24,D
8.68167,81.02359,334.61,0.48,0.65,2026-09-01,0714,N21,nominal,2.0NRT,294.54,7.32,D
8.66219,80.884,332.07,0.49,0.65,2026-09-01,0714,N21,nominal,2.0NRT,296.59,9.61,D
8.65176,80.82707,349.46,0.5,0.66,2026-09-01,0714,N21,nominal,2.0NRT,295.36,7.6,D
8.68581,81.02026,353.74,0.48,0.65,2026-09-01,0714,N21,nominal,2.0NRT,290.85,9.44,D
8.64862,80.82517,346.23,0.5,0.66,2026-09-01,0714,N21,nominal,2.0NRT,294.29,6.28,D
8.67462,80.89732,333.49,0.49,0.65,2026-09-01,0714,N21,nominal,2.0NRT,296.38,6.35,D
8.69019,80.81751,332.43,0.5,0.66,2026-09-01,0714,N21,nominal,2.0NRT,298.19,15.55,D
8.69613,80.81642,335.84,0.5,0.66,2026-09-01,0714,N21,nominal,2.0NRT,297.88,11.59,D
8.79095,80.87604,330.73,0.49,0.65,2026-09-01,0714,N21,nominal,2.0NRT,295.83,8.09,D
9.02386,80.16743,343.87,0.55,0.68,2026-09-01,0714,N21,nominal,2.0NRT,294.87,6.69,D
8.60666,77.96648,345.72,0.79,0.78,2026-09-01,0714,N21,nominal,2.0NRT,293.74,16.02,D
9.1143,80.27499,338.23,0.53,0.67,2026-09-01,0714,N21,nominal,2.0NRT,297.66,6.34,D
8.69465,78.05344,333.02,0.77,0.77,2026-09-01,0714,N21,nominal,2.0NRT,296,5.99,D
9.25485,80.28175,339.79,0.53,0.67,2026-09-01,0714,N21,nominal,2.0NRT,298.03,11.2,D
9.25305,80.2723,337.98,0.53,0.67,2026-09-01,0714,N21,nominal,2.0NRT,298.23,16.27,D
9.39192,80.43458,339.99,0.51,0.66,2026-09-01,0714,N21,nominal,2.0NRT,296.83,8.13,D
9.41682,80.40154,355.11,0.52,0.67,2026-09-01,0714,N21,nominal,2.0NRT,298.05,17.61,D
9.42457,80.40965,367,0.52,0.67,2026-09-01,0714,N21,high,2.0NRT,297.45,21.12,D
9.42543,80.41423,348.55,0.52,0.67,2026-09-01,0714,N21,nominal,2.0NRT,297.09,18.66,D
9.42039,80.41064,335.58,0.52,0.66,2026-09-01,0714,N21,nominal,2.0NRT,296.58,12.21,D
9.4186,80.40147,349.15,0.52,0.67,2026-09-01,0714,N21,nominal,2.0NRT,297.98,8.13,D
9.41771,80.39689,332.31,0.52,0.67,2026-09-01,0714,N21,nominal,2.0NRT,297.25,8.13,D
9.42642,80.40956,367,0.52,0.66,2026-09-01,0714,N21,high,2.0NRT,297.61,12.21,D
9.42731,80.41415,336.19,0.52,0.66,2026-09-01,0714,N21,nominal,2.0NRT,297.09,16.15,D
9.5339,80.38524,348.83,0.52,0.67,2026-09-01,0714,N21,nominal,2.0NRT,298.05,11.05,D
9.5355,80.38216,352.5,0.52,0.66,2026-09-01,0714,N21,nominal,2.0NRT,298.21,9.46,D
10.3891,79.27283,340.75,0.59,0.7,2026-09-01,0714,N21,nominal,2.0NRT,293.63,6.32,D
10.77498,78.64761,339.35,0.64,0.72,2026-09-01,0714,N21,nominal,2.0NRT,298.22,9.28,D
11.15095,78.03052,334.43,0.7,0.75,2026-09-01,0714,N21,nominal,2.0NRT,293.33,14.18,D
11.14715,78.03418,342.27,0.7,0.75,2026-09-01,0714,N21,nominal,2.0NRT,292.94,8.84,D
11.23065,78.08495,331.82,0.69,0.74,2026-09-01,0714,N21,nominal,2.0NRT,295.11,5.38,D
11.84292,78.90423,338.89,0.59,0.7,2026-09-01,0714,N21,nominal,2.0NRT,296.6,12.68,D
15.7039,99.75574,344.92,0.38,0.59,2026-09-01,0714,N21,nominal,2.0NRT,288.58,5.85,D
15.78675,99.76369,334.52,0.38,0.59,2026-09-01,0714,N21,nominal,2.0NRT,288.48,3.9,D
15.78429,99.76498,329.78,0.38,0.59,2026-09-01,0714,N21,nominal,2.0NRT,288.59,4.49,D
12.70483,79.3057,335.48,0.53,0.67,2026-09-01,0714,N21,nominal,2.0NRT,295.2,4.05,D
12.82289,79.10335,333.2,0.55,0.68,2026-09-01,0714,N21,nominal,2.0NRT,294.83,5.79,D
12.9195,79.45843,337.1,0.52,0.67,2026-09-01,0714,N21,nominal,2.0NRT,290.6,4.66,D
17.0825,99.53908,334.02,0.39,0.59,2026-09-01,0714,N21,nominal,2.0NRT,281.29,5,D
17.08211,99.53546,343.12,0.38,0.59,2026-09-01,0714,N21,nominal,2.0NRT,281.52,6.33,D
17.55967,101.34721,326.77,0.52,0.67,2026-09-01,0714,N21,nominal,2.0NRT,287.92,4.03,D
14.26651,79.09661,340.26,0.51,0.66,2026-09-01,0714,N21,nominal,2.0NRT,285.82,2.99,D
14.26936,79.09819,334.88,0.51,0.66,2026-09-01,0714,N21,nominal,2.0NRT,285.69,5.89,D
14.43295,77.70949,338.48,0.63,0.72,2026-09-01,0714,N21,nominal,2.0NRT,287.65,11.05,D
14.97559,79.35465,332.13,0.48,0.65,2026-09-01,0714,N21,nominal,2.0NRT,289.04,2.02,D
14.97541,79.35614,330.4,0.48,0.65,2026-09-01,0714,N21,nominal,2.0NRT,288.52,4.59,D
15.16886,80.03398,337.89,0.43,0.62,2026-09-01,0714,N21,nominal,2.0NRT,290.91,9.24,D
15.27038,79.58337,333.62,0.46,0.63,2026-09-01,0714,N21,nominal,2.0NRT,288.42,4.71,D
16.11085,81.14068,335.18,0.34,0.56,2026-09-01,0716,N21,nominal,2.0NRT,289.37,2.67,D
15.88671,79.82129,337.9,0.43,0.62,2026-09-01,0716,N21,nominal,2.0NRT,289.62,5.45,D
16.85769,80.79336,340.49,0.35,0.57,2026-09-01,0716,N21,nominal,2.0NRT,288.83,5.17,D
17.40365,80.95362,336.38,0.34,0.56,2026-09-01,0716,N21,nominal,2.0NRT,288.08,3.34,D
22.79331,100.87498,332.58,0.55,0.68,2026-09-01,0716,N21,nominal,2.0NRT,297.09,3.91,D
23.08903,101.16095,338.23,0.58,0.7,2026-09-01,0716,N21,nominal,2.0NRT,299.66,9.37,D
23.08495,101.1611,327.43,0.58,0.7,2026-09-01,0716,N21,nominal,2.0NRT,294.79,8.93,D
23.24108,101.61373,335.05,0.62,0.72,2026-09-01,0716,N21,nominal,2.0NRT,295.25,8.12,D
23.24019,101.61237,332.07,0.62,0.72,2026-09-01,0716,N21,nominal,2.0NRT,295.15,9.56,D
23.44311,100.45747,334.05,0.53,0.67,2026-09-01,0716,N21,nominal,2.0NRT,293.13,6.11,D
23.8285,101.78009,367,0.65,0.73,2026-09-01,0716,N21,high,2.0NRT,296,23.13,D
26.57403,101.66475,330.09,0.68,0.74,2026-09-01,0718,N21,nominal,2.0NRT,298.8,9.68,D
26.57654,101.66647,333.95,0.68,0.74,2026-09-01,0718,N21,nominal,2.0NRT,298.46,10.27,D
7.24555,100.42451,340.41,0.32,0.55,2026-09-01,0712,N21,nominal,2.0NRT,279.67,11.71,D
7.24436,100.41577,338.74,0.32,0.55,2026-09-01,0712,N21,nominal,2.0NRT,285.36,27.96,D
7.24356,100.40996,351.34,0.32,0.55,2026-09-01,0712,N21,nominal,2.0NRT,280.47,39,D
7.24317,100.40704,337.75,0.32,0.55,2026-09-01,0712,N21,nominal,2.0NRT,276.03,39.77,D
7.24277,100.40414,328.18,0.32,0.55,2026-09-01,0712,N21,nominal,2.0NRT,271.83,39.77,D
7.24515,100.4216,355.61,0.32,0.55,2026-09-01,0712,N21,low,2.0NRT,281.88,11.71,D
7.24475,100.41869,355.58,0.32,0.55,2026-09-01,0712,N21,low,2.0NRT,285.65,27.96,D
7.24396,100.41286,355.58,0.32,0.55,2026-09-01,0712,N21,low,2.0NRT,282.65,39,D
7.24897,100.41216,367,0.32,0.55,2026-09-01,0712,N21,high,2.0NRT,291.04,39,D
7.25017,100.42091,330.4,0.32,0.55,2026-09-01,0712,N21,nominal,2.0NRT,281.56,11.71,D
7.24977,100.41798,344.98,0.32,0.55,2026-09-01,0712,N21,nominal,2.0NRT,282.22,27.96,D
7.24858,100.40925,348.03,0.32,0.55,2026-09-01,0712,N21,nominal,2.0NRT,287.79,39,D
7.24818,100.40633,339.6,0.32,0.55,2026-09-01,0712,N21,nominal,2.0NRT,285.8,39.77,D
7.24937,100.41507,355.97,0.32,0.55,2026-09-01,0712,N21,low,2.0NRT,284.88,27.96,D
7.25359,100.40855,327.53,0.32,0.55,2026-09-01,0712,N21,nominal,2.0NRT,280.22,6.15,D
31.1218,74.69038,353.18,0.42,0.61,2026-09-01,0720,N21,nominal,2.0NRT,293.24,13.13,D
31.1214,74.69007,350.72,0.42,0.61,2026-09-01,0720,N21,nominal,2.0NRT,292.99,10.48,D
39.42419,87.48053,367,0.45,0.39,2026-09-01,0722,N21,low,2.0NRT,325.65,5.88,D
39.42356,87.47536,367,0.45,0.39,2026-09-01,0722,N21,low,2.0NRT,325.72,5.88,D
39.4271,87.47468,367,0.45,0.39,2026-09-01,0722,N21,high,2.0NRT,325.25,2.69,D
39.42772,87.47978,367,0.45,0.39,2026-09-01,0722,N21,low,2.0NRT,325.03,2.69,D
39.42647,87.46955,322.32,0.45,0.39,2026-09-01,0722,N21,low,2.0NRT,322.62,4.17,D
39.43063,87.47395,367,0.45,0.39,2026-09-01,0722,N21,high,2.0NRT,325.89,2.69,D
39.43125,87.47902,367,0.45,0.39,2026-09-01,0722,N21,low,2.0NRT,328.07,2.69,D
39.43,87.46887,322.4,0.45,0.39,2026-09-01,0722,N21,low,2.0NRT,322.91,4.17,D
39.43478,87.47823,367,0.45,0.39,2026-09-01,0722,N21,low,2.0NRT,327.49,6.7,D
39.43416,87.47322,367,0.45,0.39,2026-09-01,0722,N21,low,2.0NRT,327.29,6.7,D
39.43354,87.46816,323.5,0.45,0.39,2026-09-01,0722,N21,low,2.0NRT,323.64,9.05,D
38.05264,67.26131,367,0.69,0.74,2026-09-01,0722,N21,high,2.0NRT,308.18,13.36,D
39.85014,66.71445,335.7,0.65,0.73,2026-09-01,0722,N21,nominal,2.0NRT,296.75,6.52,D
8.95145,77.77085,345.86,0.53,0.67,2026-09-01,0854,N21,nominal,2.0NRT,300.27,4.04,D
8.95153,77.77248,336.6,0.53,0.67,2026-09-01,0854,N21,nominal,2.0NRT,300.01,4.11,D
9.11347,77.46972,367,0.51,0.66,2026-09-01,0854,N21,high,2.0NRT,299.16,9.51,D
9.59852,77.79555,335.09,0.54,0.68,2026-09-01,0854,N21,nominal,2.0NRT,296.83,12.55,D
9.5979,77.7906,343.48,0.54,0.68,2026-09-01,0854,N21,nominal,2.0NRT,299.17,18.25,D
10.01406,78.08731,332.78,0.58,0.7,2026-09-01,0854,N21,nominal,2.0NRT,297.7,3.52,D
10.8313,78.8009,336.72,0.66,0.73,2026-09-01,0854,N21,nominal,2.0NRT,294.99,5.56,D
19.5703,71.35628,339.27,0.54,0.51,2026-09-01,0856,N21,nominal,2.0NRT,286.58,8.73,D
18.01223,54.56967,352.2,0.38,0.59,2026-09-01,0858,N21,nominal,2.0NRT,313.98,11.13,D
18.01295,54.57316,355.9,0.38,0.59,2026-09-01,0858,N21,low,2.0NRT,317.97,13.25,D
18.31907,55.10263,353.62,0.35,0.56,2026-09-01,0858,N21,nominal,2.0NRT,316.15,3.58,D
19.26854,56.17662,342.87,0.56,0.52,2026-09-01,0858,N21,low,2.0NRT,315.05,3.42,D
20.3774,55.9345,347.45,0.56,0.51,2026-09-01,0858,N21,nominal,2.0NRT,315.48,3.24,D
21.30274,57.799,341.53,0.41,0.45,2026-09-01,0858,N21,low,2.0NRT,316.15,0.41,D
21.30956,57.74502,344.89,0.41,0.45,2026-09-01,0858,N21,low,2.0NRT,318.31,2.2,D
21.31363,57.74417,346.6,0.41,0.45,2026-09-01,0858,N21,low,2.0NRT,318.11,3.34,D
21.31325,57.74361,346.79,0.41,0.45,2026-09-01,0858,N21,low,2.0NRT,318.08,3.03,D
21.30645,57.70835,341.61,0.42,0.45,2026-09-01,0858,N21,low,2.0NRT,315.88,0.46,D
21.29328,57.09864,346.07,0.45,0.47,2026-09-01,0858,N21,low,2.0NRT,318.79,3.73,D
21.3348,56.6972,353.35,0.48,0.48,2026-09-01,0858,N21,nominal,2.0NRT,321.95,17.08,D
23.33648,69.71748,344.43,0.47,0.48,2026-09-01,0858,N21,nominal,2.0NRT,297.19,12,D
21.66257,56.41151,346.11,0.49,0.49,2026-09-01,0858,N21,low,2.0NRT,318.15,1.31,D
21.83451,56.68248,345.73,0.47,0.48,2026-09-01,0858,N21,low,2.0NRT,319.5,3.83,D
21.93666,57.0743,346.62,0.44,0.46,2026-09-01,0858,N21,nominal,2.0NRT,319.39,6.36,D
22.4069,56.98843,345.35,0.44,0.46,2026-09-01,0858,N21,low,2.0NRT,318.55,2.35,D
22.32698,56.49184,345.76,0.47,0.48,2026-09-01,0858,N21,low,2.0NRT,320.71,3.05,D
22.88137,55.92729,352.48,0.5,0.49,2026-09-01,0858,N21,low,2.0NRT,324.67,6.91,D
22.88674,55.93105,367,0.5,0.49,2026-09-01,0858,N21,low,2.0NRT,325.18,1.08,D
22.52302,54.04938,346.26,0.33,0.56,2026-09-01,0858,N21,low,2.0NRT,320.78,2.75,D
22.77977,54.72646,346.83,0.6,0.53,2026-09-01,0858,N21,low,2.0NRT,320.81,5.59,D
23.27885,54.25864,347.02,0.62,0.54,2026-09-01,0858,N21,low,2.0NRT,317.61,4.45,D
24.50481,56.60661,346.19,0.42,0.45,2026-09-01,0858,N21,nominal,2.0NRT,313.47,19.82,D
24.98868,55.62662,349.34,0.47,0.48,2026-09-01,0858,N21,low,2.0NRT,322.41,4.33,D
33.23684,71.51589,331.52,0.39,0.6,2026-09-01,0900,N21,nominal,2.0NRT,292.09,1.57,D
28.23834,67.94341,342.24,0.42,0.45,2026-09-01,0900,N21,nominal,2.0NRT,304.98,6.14,D
28.30462,67.87436,348.75,0.42,0.45,2026-09-01,0900,N21,nominal,2.0NRT,306.27,5.71,D
27.16822,56.05492,349.58,0.41,0.45,2026-09-01,0900,N21,nominal,2.0NRT,314.06,8.77,D
27.16742,56.05093,345.77,0.41,0.45,2026-09-01,0900,N21,nominal,2.0NRT,315.23,8.77,D
27.17786,56.061,344.56,0.41,0.45,2026-09-01,0900,N21,nominal,2.0NRT,313.2,11.97,D
35.76958,63.11222,345.92,0.45,0.39,2026-09-01,0902,N21,nominal,2.0NRT,316.78,12.38,D
37.03241,62.41645,347.26,0.44,0.38,2026-09-01,0902,N21,low,2.0NRT,318.14,11.48,D
37.42295,62.31221,336.14,0.44,0.38,2026-09-01,0902,N21,nominal,2.0NRT,307.29,3.05,D
37.42459,62.29681,333.8,0.44,0.38,2026-09-01,0902,N21,nominal,2.0NRT,306.64,2,D
38.05171,67.2636,344.64,0.5,0.49,2026-09-01,0902,N21,nominal,2.0NRT,315.91,9.71,D
37.49885,61.84623,337.78,0.42,0.38,2026-09-01,0902,N21,low,2.0NRT,310.41,2.29,D
37.98449,65.37023,353.45,0.4,0.44,2026-09-01,0902,N21,nominal,2.0NRT,313.44,15.93,D
37.61154,61.60662,341.52,0.42,0.38,2026-09-01,0902,N21,low,2.0NRT,312.82,3.55,D
37.54356,60.54933,342.37,0.4,0.37,2026-09-01,0902,N21,low,2.0NRT,317.15,20.58,D
37.55021,60.54786,347.08,0.4,0.37,2026-09-01,0902,N21,nominal,2.0NRT,315.07,16.83,D
37.63329,60.3399,335.6,0.39,0.36,2026-09-01,0902,N21,low,2.0NRT,309.67,3.23,D
37.72156,60.60393,337.33,0.4,0.37,2026-09-01,0902,N21,low,2.0NRT,311.68,2.46,D
37.77594,60.07283,346.52,0.39,0.36,2026-09-01,0902,N21,nominal,2.0NRT,315.92,7.76,D
37.89705,58.51111,347.45,0.38,0.36,2026-09-01,0902,N21,nominal,2.0NRT,309.53,4.2,D
37.89637,58.50679,344.02,0.38,0.36,2026-09-01,0902,N21,nominal,2.0NRT,308.91,4.2,D
38.90035,66.73603,340.06,0.48,0.48,2026-09-01,0902,N21,nominal,2.0NRT,307.35,4.39,D
38.8999,66.73057,332.87,0.48,0.48,2026-09-01,0902,N21,nominal,2.0NRT,306.14,4.39,D
38.04286,58.59322,338.91,0.38,0.36,2026-09-01,0902,N21,low,2.0NRT,312.18,4.57,D
38.06975,58.61347,340.56,0.38,0.36,2026-09-01,0902,N21,low,2.0NRT,312.29,3.24,D
38.25678,58.38878,340.28,0.38,0.36,2026-09-01,0902,N21,low,2.0NRT,313.19,6.58,D
39.27614,56.28022,347.38,0.41,0.37,2026-09-01,0902,N21,nominal,2.0NRT,313.34,14.48,D
39.28028,56.28389,337.01,0.41,0.37,2026-09-01,0902,N21,nominal,2.0NRT,306.89,14.48,D
39.28362,56.28294,346.86,0.41,0.37,2026-09-01,0902,N21,nominal,2.0NRT,306.56,3.71,D
39.86259,98.25658,306.45,0.48,0.4,2026-09-01,1940,N21,nominal,2.0NRT,289.72,1.06,N
39.859,98.25535,309.64,0.48,0.4,2026-09-01,1940,N21,nominal,2.0NRT,291.43,1.06,N
39.84386,98.27372,337.05,0.48,0.4,2026-09-01,1940,N21,nominal,2.0NRT,289.33,6.71,N
39.84,98.25472,298.69,0.48,0.4,2026-09-01,1940,N21,nominal,2.0NRT,288.09,0.6,N
39.81366,98.29227,308.05,0.49,0.4,2026-09-01,1940,N21,nominal,2.0NRT,294.94,3.45,N
39.79015,97.88937,298.99,0.47,0.4,2026-09-01,1940,N21,nominal,2.0NRT,288.46,1.74,N
39.7918,97.89354,302.4,0.47,0.4,2026-09-01,1940,N21,nominal,2.0NRT,291.4,1.29,N
36.65388,101.63943,295.11,0.54,0.51,2026-09-01,1940,N21,nominal,2.0NRT,281.13,0.67,N
37.34725,97.41034,299.48,0.49,0.4,2026-09-01,1940,N21,nominal,2.0NRT,285.79,1.12,N
37.34791,97.40968,296.79,0.49,0.4,2026-09-01,1940,N21,nominal,2.0NRT,284.76,1.02,N
36.37983,94.95564,333.18,0.41,0.37,2026-09-01,1940,N21,nominal,2.0NRT,291.28,9.34,N
35.99088,94.82967,305.33,0.41,0.37,2026-09-01,1940,N21,nominal,2.0NRT,285.01,1.54,N
12.7745,80.06129,307.55,0.47,0.48,2026-09-01,1947,N21,nominal,2.0NRT,288.41,2.27,N
12.74623,77.62025,303.7,0.34,0.56,2026-09-01,1947,N21,nominal,2.0NRT,286.49,0.65,N
12.29299,79.93951,323.45,0.47,0.48,2026-09-01,1947,N21,nominal,2.0NRT,289.13,5.71,N
12.29194,79.93996,319.76,0.47,0.48,2026-09-01,1947,N21,nominal,2.0NRT,289.14,5.06,N
11.26855,80.00151,320.92,0.45,0.47,2026-09-01,1947,N21,nominal,2.0NRT,291.48,7.53,N
11.59137,77.27103,348.16,0.35,0.57,2026-09-01,1947,N21,nominal,2.0NRT,283.6,3.82,N
11.59178,77.26778,306.06,0.35,0.57,2026-09-01,1947,N21,nominal,2.0NRT,281.89,3.82,N
29.66276,90.90688,295.86,0.38,0.36,2026-09-01,1942,N21,nominal,2.0NRT,283.18,1.32,N
11.42617,77.40337,319.32,0.34,0.56,2026-09-01,1947,N21,nominal,2.0NRT,290.58,2.14,N
29.65747,90.89764,305.34,0.38,0.36,2026-09-01,1942,N21,nominal,2.0NRT,283.17,0.85,N
11.42341,77.40266,324.28,0.34,0.56,2026-09-01,1947,N21,nominal,2.0NRT,290.37,1.92,N
11.43303,77.16435,309.49,0.35,0.57,2026-09-01,1947,N21,nominal,2.0NRT,290.7,1.15,N
10.99405,79.23645,332.49,0.5,0.49,2026-09-01,1947,N21,nominal,2.0NRT,290.43,7.05,N
10.43844,77.555,304.16,0.32,0.55,2026-09-01,1947,N21,nominal,2.0NRT,290.23,0.47,N
9.58245,77.54297,326.75,0.63,0.54,2026-09-01,1947,N21,nominal,2.0NRT,289.94,6.72,N
29.26505,91.92413,297.2,0.4,0.37,2026-09-01,1942,N21,nominal,2.0NRT,284.78,0.77,N
9.58175,77.54842,322.31,0.63,0.54,2026-09-01,1947,N21,nominal,2.0NRT,289.54,6.28,N
29.26438,91.92816,296.03,0.4,0.37,2026-09-01,1942,N21,nominal,2.0NRT,283.71,0.77,N
9.58542,77.54805,310.36,0.63,0.54,2026-09-01,1947,N21,nominal,2.0NRT,289.06,3.82,N
29.26174,91.92335,300.92,0.4,0.37,2026-09-01,1942,N21,nominal,2.0NRT,284.29,0.77,N
9.58051,77.54716,331.25,0.63,0.54,2026-09-01,1947,N21,nominal,2.0NRT,289.78,3.82,N
9.58125,77.54169,309.06,0.63,0.54,2026-09-01,1947,N21,nominal,2.0NRT,288.53,3.82,N
16.30448,77.35959,301.2,0.4,0.6,2026-09-01,1947,N21,nominal,2.0NRT,284.66,0.61,N
9.57271,77.53027,304.62,0.63,0.54,2026-09-01,1947,N21,nominal,2.0NRT,286.81,2.62,N
15.182,76.66639,302.72,0.43,0.62,2026-09-01,1949,N21,nominal,2.0NRT,275.51,2.1,N
9.57194,77.53596,318.87,0.63,0.54,2026-09-01,1947,N21,nominal,2.0NRT,286.52,2.62,N
15.17762,76.65395,304.08,0.43,0.62,2026-09-01,1949,N21,nominal,2.0NRT,279.58,1.44,N
9.56769,77.5301,311.36,0.63,0.54,2026-09-01,1947,N21,nominal,2.0NRT,286.65,3.24,N
15.17719,76.65791,300.23,0.43,0.62,2026-09-01,1949,N21,nominal,2.0NRT,278.41,1.44,N
8.45078,80.39306,304.02,0.39,0.44,2026-09-01,1949,N21,nominal,2.0NRT,285.45,1.2,N
15.17202,76.38217,295.27,0.45,0.63,2026-09-01,1949,N21,nominal,2.0NRT,279.88,2.13,N
8.44677,80.39247,311.66,0.39,0.44,2026-09-01,1949,N21,nominal,2.0NRT,288.1,1.85,N
15.1653,76.37858,298.37,0.45,0.63,2026-09-01,1949,N21,nominal,2.0NRT,279.99,1.61,N
8.2405,80.55211,308.73,0.57,0.43,2026-09-01,1949,N21,nominal,2.0NRT,293.35,3.13,N
14.51374,75.63936,299.94,0.49,0.65,2026-09-01,1949,N21,nominal,2.0NRT,280.55,0.72,N
8.07735,80.76861,310.31,0.55,0.43,2026-09-01,1949,N21,nominal,2.0NRT,294.5,2.43,N
8.07345,80.76807,306.93,0.55,0.43,2026-09-01,1949,N21,nominal,2.0NRT,294.38,2.43,N
8.07302,80.76559,305.95,0.55,0.43,2026-09-01,1949,N21,nominal,2.0NRT,294.17,0.7,N
7.88977,81.18888,306.11,0.52,0.41,2026-09-01,1949,N21,nominal,2.0NRT,293.79,1.34,N
7.88937,81.19119,307.69,0.52,0.41,2026-09-01,1949,N21,nominal,2.0NRT,293.9,1.24,N
7.43656,81.24056,331.53,0.51,0.41,2026-09-01,1949,N21,nominal,2.0NRT,295.34,5.91,N
7.24864,80.88853,309.79,0.53,0.42,2026-09-01,1949,N21,nominal,2.0NRT,292.93,1.86,N
7.21416,81.04359,310,0.52,0.41,2026-09-01,1949,N21,nominal,2.0NRT,295.32,2.83,N
7.21348,81.04823,313.68,0.52,0.41,2026-09-01,1949,N21,nominal,2.0NRT,295.77,3.6,N
6.97214,81.59323,345.22,0.48,0.4,2026-09-01,1949,N21,nominal,2.0NRT,296.27,17.61,N
6.97252,81.59039,330.57,0.48,0.4,2026-09-01,1949,N21,nominal,2.0NRT,295.65,8.43,N
6.97187,81.59468,328.88,0.48,0.4,2026-09-01,1949,N21,nominal,2.0NRT,294.19,8.43,N
6.95986,79.96089,305.3,0.4,0.44,2026-09-01,1949,N21,nominal,2.0NRT,293.54,1.93,N
6.72321,81.22498,309.44,0.5,0.41,2026-09-01,1949,N21,nominal,2.0NRT,293.73,1.55,N
6.71949,81.22442,326.27,0.5,0.41,2026-09-01,1949,N21,nominal,2.0NRT,299.96,25.63,N
6.72014,81.21996,305.4,0.5,0.41,2026-09-01,1949,N21,nominal,2.0NRT,293.75,11.32,N
6.57154,81.11928,313.9,0.5,0.41,2026-09-01,1949,N21,nominal,2.0NRT,294.32,1.74,N
6.36372,80.74462,307.39,0.52,0.42,2026-09-01,1949,N21,nominal,2.0NRT,293.64,1.62,N
32.3351,54.08697,306.47,0.44,0.62,2026-09-01,2123,N21,nominal,2.0NRT,293.51,1.59,N
32.33329,54.08667,307.26,0.44,0.62,2026-09-01,2123,N21,nominal,2.0NRT,293.55,1.58,N
31.70321,55.44772,311.51,0.36,0.57,2026-09-01,2123,N21,nominal,2.0NRT,299.07,2.47,N
31.62349,54.72407,308.34,0.39,0.6,2026-09-01,2123,N21,nominal,2.0NRT,293.93,1.23,N
30.75642,56.6576,309.66,0.59,0.53,2026-09-01,2123,N21,nominal,2.0NRT,293.45,3.51,N
30.75277,56.65583,310.02,0.59,0.53,2026-09-01,2123,N21,nominal,2.0NRT,293.36,2.76,N
30.66404,56.62039,299.91,0.59,0.53,2026-09-01,2123,N21,nominal,2.0NRT,289.61,1.21,N
30.73293,55.38615,306.36,0.35,0.57,2026-09-01,2123,N21,nominal,2.0NRT,292.12,0.68,N
30.38824,55.7762,306.2,0.33,0.55,2026-09-01,2123,N21,nominal,2.0NRT,292.64,0.54,N
30.32116,55.97171,303.81,0.32,0.55,2026-09-01,2123,N21,nominal,2.0NRT,291.99,0.87,N
30.23188,56.9053,302.12,0.56,0.52,2026-09-01,2123,N21,nominal,2.0NRT,290.3,4.85,N
28.42226,69.70229,315.37,0.53,0.42,2026-09-01,2123,N21,nominal,2.0NRT,297,2.05,N
30.07984,55.39784,312.34,0.35,0.56,2026-09-01,2123,N21,nominal,2.0NRT,293.32,1.84,N
29.99196,55.85019,330.45,0.32,0.55,2026-09-01,2123,N21,nominal,2.0NRT,288.49,9.14,N
29.99171,55.85328,353.04,0.32,0.55,2026-09-01,2123,N21,nominal,2.0NRT,291.53,9.14,N
29.47663,60.80867,305.25,0.5,0.41,2026-09-01,2123,N21,nominal,2.0NRT,292.56,1.22,N
29.99236,55.85141,367,0.32,0.55,2026-09-01,2123,N21,high,2.0NRT,292.63,14.98,N
29.99209,55.8545,337.64,0.32,0.55,2026-09-01,2123,N21,nominal,2.0NRT,288.39,11.11,N
30.00041,55.19724,301.6,0.36,0.57,2026-09-01,2123,N21,nominal,2.0NRT,290.55,0.7,N
29.51099,55.79676,303.91,0.32,0.55,2026-09-01,2123,N21,nominal,2.0NRT,293.04,0.74,N
29.12599,58.27552,316.15,0.45,0.47,2026-09-01,2123,N21,nominal,2.0NRT,294.09,1.27,N
26.25521,74.09451,301.91,0.35,0.57,2026-09-01,2123,N21,nominal,2.0NRT,290.16,0.5,N
29.15324,55.36625,308.5,0.34,0.56,2026-09-01,2123,N21,nominal,2.0NRT,293.48,0.95,N
29.13693,55.37518,314.37,0.34,0.56,2026-09-01,2123,N21,nominal,2.0NRT,296.89,1.79,N
39.85333,66.19946,304.19,0.4,0.37,2026-09-01,2123,N21,nominal,2.0NRT,289.76,1.1,N
39.17585,68.61243,301.29,0.39,0.36,2026-09-01,2123,N21,nominal,2.0NRT,285.36,1.21,N
39.97433,61.68213,297.34,0.4,0.44,2026-09-01,2123,N21,nominal,2.0NRT,287.2,0.31,N
38.83875,69.94716,300.98,0.4,0.37,2026-09-01,2123,N21,nominal,2.0NRT,288.5,0.55,N
25.9415,72.19106,303.53,0.54,0.51,2026-09-01,2125,N21,nominal,2.0NRT,288.57,0.48,N
39.20219,66.83691,303.41,0.39,0.36,2026-09-01,2123,N21,nominal,2.0NRT,291.55,0.96,N
39.18742,65.28953,302.54,0.42,0.38,2026-09-01,2123,N21,nominal,2.0NRT,292.14,1.07,N
39.18428,65.31366,299.47,0.42,0.38,2026-09-01,2123,N21,nominal,2.0NRT,289.37,0.91,N
39.18085,65.31291,313.95,0.42,0.38,2026-09-01,2123,N21,nominal,2.0NRT,289.86,0.91,N
39.18127,65.31511,316.13,0.42,0.38,2026-09-01,2123,N21,nominal,2.0NRT,289.75,0.96,N
39.43453,62.99216,296.59,0.51,0.41,2026-09-01,2123,N21,nominal,2.0NRT,284.56,0.7,N
39.2486,63.21235,310.2,0.5,0.41,2026-09-01,2123,N21,nominal,2.0NRT,288.16,1.79,N
39.20411,63.25559,300.56,0.49,0.41,2026-09-01,2123,N21,nominal,2.0NRT,287.74,0.59,N
39.17808,63.34933,302.18,0.49,0.4,2026-09-01,2123,N21,nominal,2.0NRT,287.3,0.52,N
39.15697,63.46588,307.81,0.48,0.4,2026-09-01,2123,N21,nominal,2.0NRT,287.98,1.15,N
39.13507,63.6203,299,0.48,0.4,2026-09-01,2123,N21,nominal,2.0NRT,287.83,0.64,N
39.17767,63.2215,301.96,0.5,0.41,2026-09-01,2123,N21,nominal,2.0NRT,287.51,0.95,N
39.17179,63.27288,307.13,0.49,0.41,2026-09-01,2123,N21,nominal,2.0NRT,288.2,1.33,N
39.17004,63.2551,295.7,0.49,0.41,2026-09-01,2123,N21,nominal,2.0NRT,285.57,0.55,N
24.93119,74.63396,301.45,0.4,0.6,2026-09-01,2125,N21,nominal,2.0NRT,286.91,0.97,N
26.09372,68.87788,305.62,0.52,0.42,2026-09-01,2125,N21,nominal,2.0NRT,294.84,0.98,N
39.16632,63.2544,297.51,0.49,0.41,2026-09-01,2123,N21,nominal,2.0NRT,286.84,0.55,N
27.22925,60.48863,312.4,0.49,0.4,2026-09-01,2125,N21,nominal,2.0NRT,302.1,3.69,N
39.16196,63.25941,301.5,0.49,0.41,2026-09-01,2123,N21,nominal,2.0NRT,287.3,1.03,N
39.15546,63.3162,303.04,0.49,0.4,2026-09-01,2123,N21,nominal,2.0NRT,287.94,1.18,N
39.1284,63.42045,311.83,0.49,0.4,2026-09-01,2123,N21,nominal,2.0NRT,288.23,1.86,N
39.1265,63.30497,306.13,0.49,0.4,2026-09-01,2123,N21,nominal,2.0NRT,288.73,0.79,N
39.11525,63.33752,310.43,0.49,0.4,2026-09-01,2123,N21,nominal,2.0NRT,289.38,1.91,N
39.05754,63.55323,299.36,0.48,0.4,2026-09-01,2123,N21,nominal,2.0NRT,288.83,0.5,N
38.77386,65.63427,329.05,0.41,0.37,2026-09-01,2123,N21,nominal,2.0NRT,288.49,3.67,N
38.67817,65.95148,301.23,0.4,0.37,2026-09-01,2123,N21,nominal,2.0NRT,288.75,0.91,N
38.67753,65.95605,300.34,0.4,0.37,2026-09-01,2123,N21,nominal,2.0NRT,287.61,0.77,N
38.95533,63.75675,300.43,0.47,0.4,2026-09-01,2123,N21,nominal,2.0NRT,288.01,0.36,N
38.96756,63.62022,302.61,0.48,0.4,2026-09-01,2123,N21,nominal,2.0NRT,287.85,0.84,N
38.9737,63.46945,301.51,0.48,0.4,2026-09-01,2123,N21,nominal,2.0NRT,288.61,0.7,N
38.97466,63.4675,301.88,0.48,0.4,2026-09-01,2123,N21,nominal,2.0NRT,288.73,1.02,N
38.91524,63.80722,299.79,0.47,0.39,2026-09-01,2123,N21,nominal,2.0NRT,287.68,0.68,N
38.87189,63.79881,301.55,0.47,0.39,2026-09-01,2123,N21,nominal,2.0NRT,287.52,0.77,N
38.83623,63.81924,309.96,0.47,0.39,2026-09-01,2123,N21,nominal,2.0NRT,288.04,1.01,N
38.83325,63.81321,298.64,0.47,0.39,2026-09-01,2123,N21,nominal,2.0NRT,288.07,1.01,N
38.46545,65.78278,303.77,0.4,0.37,2026-09-01,2123,N21,nominal,2.0NRT,293.25,2.26,N
38.45552,65.80422,300.53,0.4,0.37,2026-09-01,2123,N21,nominal,2.0NRT,290.42,0.64,N
38.35224,66.31393,306.15,0.39,0.36,2026-09-01,2123,N21,nominal,2.0NRT,289.63,0.69,N
38.65224,63.98019,303.54,0.46,0.39,2026-09-01,2123,N21,nominal,2.0NRT,286.6,0.89,N
38.05135,67.26606,333.04,0.38,0.36,2026-09-01,2123,N21,nominal,2.0NRT,297.48,12.98,N
38.43097,64.19616,302.14,0.45,0.39,2026-09-01,2123,N21,nominal,2.0NRT,287.25,0.7,N
38.20674,64.73986,307.64,0.43,0.38,2026-09-01,2123,N21,nominal,2.0NRT,289.63,1.01,N
38.12797,64.67583,301.89,0.43,0.38,2026-09-01,2123,N21,nominal,2.0NRT,289.46,0.85,N
38.11946,64.71393,300.73,0.43,0.38,2026-09-01,2123,N21,nominal,2.0NRT,287.41,0.65,N
38.08833,64.87078,300.8,0.42,0.38,2026-09-01,2123,N21,nominal,2.0NRT,288.63,0.84,N
38.0733,64.82328,300.99,0.42,0.38,2026-09-01,2123,N21,nominal,2.0NRT,289,0.45,N
38.05486,64.88345,310.61,0.42,0.38,2026-09-01,2123,N21,nominal,2.0NRT,289.72,1.09,N
38.05423,64.88824,302.31,0.42,0.38,2026-09-01,2123,N21,nominal,2.0NRT,289.06,1.09,N
37.99665,65.01082,300.83,0.42,0.38,2026-09-01,2123,N21,nominal,2.0NRT,289.03,0.48,N
37.96583,65.00432,310.26,0.42,0.38,2026-09-01,2123,N21,nominal,2.0NRT,289.79,1.4,N
37.88827,65.08748,308.1,0.42,0.37,2026-09-01,2123,N21,nominal,2.0NRT,290.09,1.19,N
37.82455,65.17015,304.69,0.41,0.37,2026-09-01,2123,N21,nominal,2.0NRT,290.59,0.95,N
37.81587,65.18266,301.17,0.41,0.37,2026-09-01,2123,N21,nominal,2.0NRT,290.49,0.63,N
37.80102,65.18906,305.83,0.41,0.37,2026-09-01,2123,N21,nominal,2.0NRT,290.52,0.71,N
37.72853,65.51155,301.72,0.4,0.37,2026-09-01,2123,N21,nominal,2.0NRT,290.95,0.64,N
37.67549,65.264,304.99,0.41,0.37,2026-09-01,2123,N21,nominal,2.0NRT,290.36,0.94,N
37.65814,65.34081,300.37,0.41,0.37,2026-09-01,2123,N21,nominal,2.0NRT,289.68,0.55,N
37.66533,65.28339,309.09,0.41,0.37,2026-09-01,2123,N21,nominal,2.0NRT,290,1.07,N
37.88766,62.02085,300.94,0.54,0.42,2026-09-01,2123,N21,nominal,2.0NRT,286.87,1.2,N
37.79868,62.55315,303.81,0.51,0.41,2026-09-01,2123,N21,nominal,2.0NRT,287.37,0.92,N
37.79491,62.55248,303.74,0.51,0.41,2026-09-01,2123,N21,nominal,2.0NRT,287.46,0.95,N
37.78863,62.53954,308.48,0.51,0.41,2026-09-01,2123,N21,nominal,2.0NRT,287.29,1.8,N
24.69068,73.00339,305.11,0.32,0.55,2026-09-01,2125,N21,nominal,2.0NRT,287.48,1.2,N
37.79512,62.55042,306.29,0.51,0.41,2026-09-01,2123,N21,nominal,2.0NRT,287.41,1.59,N
27.30158,56.30015,309.97,0.57,0.52,2026-09-01,2125,N21,nominal,2.0NRT,297.99,4.93,N
37.78891,62.53751,308.73,0.51,0.41,2026-09-01,2123,N21,nominal,2.0NRT,288.09,2.11,N
37.78268,62.52458,299.03,0.51,0.41,2026-09-01,2123,N21,nominal,2.0NRT,287.48,0.6,N
37.84068,61.75081,296.97,0.56,0.43,2026-09-01,2123,N21,nominal,2.0NRT,285.95,0.78,N
38.08212,58.45112,307.03,0.56,0.51,2026-09-01,2123,N21,nominal,2.0NRT,287.25,1.19,N
37.74459,62.13154,298.3,0.53,0.42,2026-09-01,2123,N21,nominal,2.0NRT,285.96,0.91,N
37.79469,61.49528,300.48,0.57,0.43,2026-09-01,2123,N21,nominal,2.0NRT,287.31,1.02,N
37.72469,62.09729,298.35,0.54,0.42,2026-09-01,2123,N21,nominal,2.0NRT,286.65,0.91,N
38.08093,58.4505,301.5,0.56,0.51,2026-09-01,2123,N21,nominal,2.0NRT,287.27,1.49,N
37.79275,61.49457,296.27,0.57,0.43,2026-09-01,2123,N21,nominal,2.0NRT,286.1,0.99,N
37.72726,62.09684,309.75,0.54,0.42,2026-09-01,2123,N21,nominal,2.0NRT,288.03,1.8,N
37.74979,61.85649,301.04,0.55,0.43,2026-09-01,2123,N21,nominal,2.0NRT,285.84,0.55,N
37.66899,62.23393,301.01,0.53,0.42,2026-09-01,2123,N21,nominal,2.0NRT,286.91,1.04,N
37.66833,62.23989,297.84,0.53,0.42,2026-09-01,2123,N21,nominal,2.0NRT,286,0.77,N
37.66068,62.23858,302.75,0.53,0.42,2026-09-01,2123,N21,nominal,2.0NRT,287.28,1.02,N
37.6562,62.24388,296.41,0.53,0.42,2026-09-01,2123,N21,nominal,2.0NRT,285.53,1.02,N
37.63713,62.20412,304.54,0.53,0.42,2026-09-01,2123,N21,nominal,2.0NRT,286.69,1.34,N
37.62817,62.21477,299.84,0.53,0.42,2026-09-01,2123,N21,nominal,2.0NRT,287.79,1.42,N
37.62434,62.21411,298.74,0.53,0.42,2026-09-01,2123,N21,nominal,2.0NRT,287.69,1.04,N
37.65348,61.9036,298.32,0.55,0.42,2026-09-01,2123,N21,nominal,2.0NRT,287.46,1.72,N
37.62502,62.17157,305.91,0.53,0.42,2026-09-01,2123,N21,nominal,2.0NRT,288.98,1.06,N
37.62055,62.14022,310.59,0.53,0.42,2026-09-01,2123,N21,nominal,2.0NRT,289.5,2.1,N
37.61671,62.13956,302.02,0.53,0.42,2026-09-01,2123,N21,nominal,2.0NRT,288.54,0.98,N
37.62396,62.12751,304.22,0.53,0.42,2026-09-01,2123,N21,nominal,2.0NRT,288.31,0.76,N
37.61877,62.13889,314.26,0.53,0.42,2026-09-01,2123,N21,nominal,2.0NRT,289.81,2.7,N
37.94184,58.56076,300.27,0.55,0.51,2026-09-01,2123,N21,nominal,2.0NRT,289.45,0.88,N
37.56186,62.08624,311.31,0.53,0.42,2026-09-01,2123,N21,nominal,2.0NRT,285.93,1.78,N
37.6088,61.60811,321.94,0.56,0.43,2026-09-01,2123,N21,nominal,2.0NRT,290.7,2.77,N
37.61212,61.57616,304.44,0.57,0.43,2026-09-01,2123,N21,nominal,2.0NRT,289.88,1.73,N
37.60816,61.57552,301.78,0.57,0.43,2026-09-01,2123,N21,nominal,2.0NRT,288.73,1.09,N
37.59761,61.56077,300.51,0.57,0.43,2026-09-01,2123,N21,nominal,2.0NRT,287.53,1.66,N
37.59298,61.52737,306.57,0.57,0.43,2026-09-01,2123,N21,nominal,2.0NRT,288.71,1.89,N
37.58969,61.55948,298.84,0.57,0.43,2026-09-01,2123,N21,nominal,2.0NRT,287.91,1,N
37.50051,61.98767,298.97,0.54,0.42,2026-09-01,2123,N21,nominal,2.0NRT,287.45,0.83,N
37.51417,61.78952,299.87,0.55,0.43,2026-09-01,2123,N21,nominal,2.0NRT,286.42,0.49,N
37.51093,61.78266,304.67,0.55,0.43,2026-09-01,2123,N21,nominal,2.0NRT,286.79,1.08,N
37.51026,61.78888,311.21,0.55,0.43,2026-09-01,2123,N21,nominal,2.0NRT,286.96,2.27,N
37.7454,59.31069,312.47,0.5,0.49,2026-09-01,2123,N21,nominal,2.0NRT,283.23,1.17,N
37.49645,61.8434,315.62,0.55,0.42,2026-09-01,2123,N21,nominal,2.0NRT,290.91,2.71,N
27.16982,56.05238,355.07,0.58,0.52,2026-09-01,2125,N21,nominal,2.0NRT,300.01,15.45,N
37.49578,61.84956,312.04,0.55,0.42,2026-09-01,2123,N21,nominal,2.0NRT,290.23,2.19,N
37.47853,62.00869,298.15,0.54,0.42,2026-09-01,2123,N21,nominal,2.0NRT,287.69,0.88,N
37.63544,60.34027,305.69,0.44,0.46,2026-09-01,2123,N21,nominal,2.0NRT,287.86,0.99,N
37.6177,60.39252,298.55,0.43,0.46,2026-09-01,2123,N21,nominal,2.0NRT,288.49,0.69,N
37.42212,62.30885,317.22,0.52,0.42,2026-09-01,2123,N21,nominal,2.0NRT,287.6,2.03,N
37.51248,61.01487,304.57,0.4,0.44,2026-09-01,2123,N21,nominal,2.0NRT,288.66,0.94,N
37.50294,61.02717,302.46,0.4,0.44,2026-09-01,2123,N21,nominal,2.0NRT,289.39,0.94,N
27.16501,56.05178,310.53,0.58,0.52,2026-09-01,2125,N21,nominal,2.0NRT,298.14,5.02,N
37.48722,60.46017,306.03,0.43,0.46,2026-09-01,2123,N21,nominal,2.0NRT,287.03,0.82,N
27.15994,56.10435,310.28,0.58,0.52,2026-09-01,2125,N21,nominal,2.0NRT,298.31,5.43,N
37.34851,61.36392,307.14,0.38,0.43,2026-09-01,2123,N21,nominal,2.0NRT,288.57,1.35,N
37.32685,61.09748,309.39,0.4,0.44,2026-09-01,2123,N21,nominal,2.0NRT,288.11,0.98,N
37.11974,62.36475,319.99,0.51,0.41,2026-09-01,2123,N21,nominal,2.0NRT,288.72,5.98,N
37.11597,62.3641,311.14,0.51,0.41,2026-09-01,2123,N21,nominal,2.0NRT,289.59,2.88,N
37.03284,62.41829,335.43,0.51,0.41,2026-09-01,2123,N21,nominal,2.0NRT,293.27,5.6,N
37.0335,62.41257,302.74,0.51,0.41,2026-09-01,2123,N21,nominal,2.0NRT,288.86,1.65,N
37.45354,57.68696,299.93,0.61,0.53,2026-09-01,2123,N21,nominal,2.0NRT,289.56,1.32,N
36.99107,56.23097,306.04,0.36,0.58,2026-09-01,2123,N21,nominal,2.0NRT,289.55,0.67,N
36.47692,61.62029,299.6,0.55,0.42,2026-09-01,2123,N21,nominal,2.0NRT,288.61,1.93,N
36.43714,61.22091,304.28,0.57,0.43,2026-09-01,2123,N21,nominal,2.0NRT,290.42,1.41,N
35.90709,62.96637,307.38,0.47,0.4,2026-09-01,2123,N21,nominal,2.0NRT,291.55,1.19,N
35.90675,62.96434,308.25,0.47,0.4,2026-09-01,2123,N21,nominal,2.0NRT,291.81,1.06,N
36.23828,59.73225,302.4,0.45,0.47,2026-09-01,2123,N21,nominal,2.0NRT,289.28,0.99,N
35.36575,59.30516,300.13,0.47,0.48,2026-09-01,2123,N21,nominal,2.0NRT,289.15,1.1,N
25.9748,56.06693,312.31,0.56,0.52,2026-09-01,2125,N21,nominal,2.0NRT,301.2,1.75,N
25.96531,56.06578,313.72,0.56,0.52,2026-09-01,2125,N21,nominal,2.0NRT,301.9,1.73,N
25.56966,55.9893,310.96,0.56,0.52,2026-09-01,2125,N21,nominal,2.0NRT,300.35,2.07,N
33.26918,71.3095,317.49,0.53,0.42,2026-09-01,2123,N21,nominal,2.0NRT,292.65,2.28,N
32.88774,71.6191,309.32,0.56,0.43,2026-09-01,2123,N21,nominal,2.0NRT,293.97,4.73,N
32.28819,70.73662,307.81,0.52,0.41,2026-09-01,2125,N21,nominal,2.0NRT,293.5,3.82,N
33.75487,59.14758,303.36,0.46,0.47,2026-09-01,2125,N21,nominal,2.0NRT,287.22,1.24,N
33.75055,59.14699,300.28,0.46,0.47,2026-09-01,2125,N21,nominal,2.0NRT,286.07,0.64,N
22.93195,69.69841,303.97,0.44,0.46,2026-09-01,2125,N21,nominal,2.0NRT,286.95,1.21,N
24.98952,55.62461,331.9,0.59,0.52,2026-09-01,2125,N21,nominal,2.0NRT,300.83,4.53,N
24.99016,55.62383,324.82,0.58,0.52,2026-09-01,2125,N21,nominal,2.0NRT,300.32,2.63,N
24.50544,56.60857,340.62,0.5,0.49,2026-09-01,2125,N21,nominal,2.0NRT,301.38,9,N
24.50701,56.59378,312.5,0.5,0.49,2026-09-01,2125,N21,nominal,2.0NRT,300.39,1.71,N
24.45473,56.55024,313.51,0.5,0.49,2026-09-01,2125,N21,nominal,2.0NRT,299.74,1.73,N
24.32763,54.46844,313.81,0.34,0.56,2026-09-01,2125,N21,nominal,2.0NRT,302.12,1.71,N
24.32247,54.46789,317.22,0.34,0.56,2026-09-01,2125,N21,nominal,2.0NRT,303.38,2.01,N
23.55347,58.19891,312.46,0.39,0.44,2026-09-01,2125,N21,nominal,2.0NRT,300.86,0.78,N
23.48472,58.28181,315.11,0.39,0.44,2026-09-01,2125,N21,nominal,2.0NRT,301.54,1,N
20.90965,71.45818,303.17,0.62,0.54,2026-09-01,2125,N21,nominal,2.0NRT,282.35,1.21,N
23.03977,57.32356,314.01,0.43,0.46,2026-09-01,2125,N21,nominal,2.0NRT,299.75,1.83,N
23.19144,55.45644,316.36,0.57,0.52,2026-09-01,2125,N21,nominal,2.0NRT,300.41,3.85,N
23.19061,55.45884,320.57,0.57,0.52,2026-09-01,2125,N21,nominal,2.0NRT,300.93,3.62,N
23.31231,54.17683,367,0.35,0.56,2026-09-01,2125,N21,high,2.0NRT,302.3,4.1,N
23.31265,54.17344,314.96,0.35,0.56,2026-09-01,2125,N21,nominal,2.0NRT,302.39,4.1,N
22.87886,55.92556,330.15,0.53,0.5,2026-09-01,2125,N21,nominal,2.0NRT,298.8,3.25,N
22.40361,56.98631,313.26,0.45,0.47,2026-09-01,2125,N21,nominal,2.0NRT,297.81,1.88,N
22.40312,56.99064,315.61,0.45,0.47,2026-09-01,2125,N21,nominal,2.0NRT,297.47,1.88,N
22.32972,56.48906,308.53,0.48,0.48,2026-09-01,2125,N21,nominal,2.0NRT,297.32,2.41,N
22.32744,56.4702,327.78,0.48,0.48,2026-09-01,2125,N21,nominal,2.0NRT,298.61,3.03,N
22.32531,56.48857,330.64,0.48,0.48,2026-09-01,2125,N21,nominal,2.0NRT,298.05,2.41,N
22.52176,54.05043,312.89,0.34,0.56,2026-09-01,2125,N21,nominal,2.0NRT,300.48,1.09,N
21.93811,57.07181,332.32,0.43,0.46,2026-09-01,2125,N21,nominal,2.0NRT,293.46,4.85,N
22.01014,56.42915,310.65,0.48,0.48,2026-09-01,2125,N21,nominal,2.0NRT,297.17,1.05,N
21.89148,56.84473,319.24,0.45,0.47,2026-09-01,2125,N21,nominal,2.0NRT,294.66,4.77,N
21.33255,57.72398,316.97,0.39,0.44,2026-09-01,2125,N21,nominal,2.0NRT,294.51,1.74,N
21.33499,57.72503,308.14,0.39,0.44,2026-09-01,2125,N21,nominal,2.0NRT,294.15,1.66,N
21.31892,57.72276,319.14,0.39,0.44,2026-09-01,2125,N21,nominal,2.0NRT,294.95,1.83,N
21.31206,57.74468,332.92,0.39,0.44,2026-09-01,2125,N21,nominal,2.0NRT,295.02,2.22,N
21.31253,57.74094,313.4,0.39,0.44,2026-09-01,2125,N21,nominal,2.0NRT,294.4,2.22,N
21.30473,57.70547,320.79,0.39,0.44,2026-09-01,2125,N21,nominal,2.0NRT,292.86,1.1,N
18.68805,73.05092,298.87,0.43,0.62,2026-09-01,2125,N21,nominal,2.0NRT,280.5,1.1,N
21.29547,57.68126,312.96,0.39,0.44,2026-09-01,2125,N21,nominal,2.0NRT,294.53,1.08,N
18.68674,73.02962,302.19,0.43,0.62,2026-09-01,2125,N21,nominal,2.0NRT,279.16,1.77,N
21.29324,57.09906,307.41,0.42,0.46,2026-09-01,2125,N21,nominal,2.0NRT,296.48,2.57,N
21.33337,56.69893,340.33,0.45,0.47,2026-09-01,2125,N21,nominal,2.0NRT,301.45,12.96,N
21.40855,55.74267,313.19,0.52,0.5,2026-09-01,2125,N21,nominal,2.0NRT,298.98,7.5,N
20.3758,55.93622,324.78,0.49,0.49,2026-09-01,2127,N21,nominal,2.0NRT,297.87,4.47,N
20.38823,55.66187,324.25,0.51,0.49,2026-09-01,2127,N21,nominal,2.0NRT,298.36,3.59,N
20.38716,55.65956,312.72,0.51,0.49,2026-09-01,2127,N21,nominal,2.0NRT,298.1,2.11,N
20.38659,55.66445,312.87,0.51,0.49,2026-09-01,2127,N21,nominal,2.0NRT,297.57,1.89,N
20.38378,55.64919,311.69,0.51,0.49,2026-09-01,2127,N21,nominal,2.0NRT,298.17,2.66,N
20.21386,55.71359,313.72,0.5,0.49,2026-09-01,2127,N21,nominal,2.0NRT,296.94,1.09,N
20.0248,56.15127,306.89,0.47,0.48,2026-09-01,2127,N21,nominal,2.0NRT,296.57,0.77,N
20.02411,56.14867,309.78,0.47,0.48,2026-09-01,2127,N21,nominal,2.0NRT,296.58,0.92,N
19.26774,56.17561,312.04,0.46,0.47,2026-09-01,2127,N21,nominal,2.0NRT,294.98,1.13,N
18.5584,55.86885,305.36,0.47,0.48,2026-09-01,2127,N21,nominal,2.0NRT,294.06,1.45,N
18.32103,55.10165,325.46,0.52,0.5,2026-09-01,2127,N21,nominal,2.0NRT,295.48,3.95,N
18.32048,55.103,327.78,0.52,0.5,2026-09-01,2127,N21,nominal,2.0NRT,296.22,4.3,N
18.01463,54.57358,338.64,0.56,0.51,2026-09-01,2127,N21,nominal,2.0NRT,301.06,15.62,N
39.50848,54.32833,300.01,0.35,0.57,2026-09-01,2301,N21,nominal,2.0NRT,288.27,0.41,N
36.48187,54.90246,299.32,0.45,0.63,2026-09-01,2303,N21,nominal,2.0NRT,288.57,0.83,N
36.32242,54.18679,295.53,0.42,0.61,2026-09-01,2303,N21,nominal,2.0NRT,285.16,0.5,N
32.33573,54.08826,305.25,0.52,0.67,2026-09-01,2303,N21,nominal,2.0NRT,290.94,2.02,N
31.94158,54.04661,310.79,0.53,0.67,2026-09-01,2303,N21,nominal,2.0NRT,293.22,1.92,N
31.62486,54.72352,305.33,0.59,0.7,2026-09-01,2303,N21,nominal,2.0NRT,290.71,2.73,N
29.99191,55.85307,326.25,0.76,0.77,2026-09-01,2303,N21,nominal,2.0NRT,287.97,5.71,N
36.44,101.77929,334.94,0.45,0.63,2026-09-02,0521,N21,nominal,2.0NRT,299.32,4.47,D
36.70357,101.71116,330.64,0.45,0.63,2026-09-02,0521,N21,nominal,2.0NRT,299.91,2.23,D
36.8493,101.74242,334.16,0.44,0.63,2026-09-02,0521,N21,nominal,2.0NRT,301.4,5.67,D
38.22004,101.94791,335.68,0.4,0.6,2026-09-02,0523,N21,nominal,2.0NRT,303.39,3.15,D
35.79331,101.48711,338.18,0.41,0.61,2026-09-02,0659,N21,nominal,2.0NRT,304.92,6.78,D
35.75581,100.4453,335.1,0.36,0.57,2026-09-02,0701,N21,nominal,2.0NRT,300.44,1.71,D
36.16921,100.70872,330.07,0.37,0.58,2026-09-02,0701,N21,low,2.0NRT,303.93,3.29,D
36.43726,101.70528,338.99,0.43,0.62,2026-09-02,0701,N21,nominal,2.0NRT,299.72,4.51,D
16.00971,100.05595,345.32,0.39,0.44,2026-09-02,0657,N21,nominal,2.0NRT,291.49,5.4,D
36.67004,101.52046,330.78,0.42,0.61,2026-09-02,0701,N21,low,2.0NRT,302.44,1.3,D
16.11241,100.01537,333.38,0.39,0.44,2026-09-02,0657,N21,nominal,2.0NRT,292.8,2.9,D
36.76865,101.57463,332.78,0.42,0.61,2026-09-02,0701,N21,nominal,2.0NRT,302.35,3.24,D
16.13912,100.06355,332.06,0.39,0.44,2026-09-02,0657,N21,nominal,2.0NRT,291.02,1.77,D
36.76675,101.57629,335.75,0.42,0.61,2026-09-02,0701,N21,nominal,2.0NRT,302.33,2.82,D
16.15882,100.04542,339.28,0.39,0.44,2026-09-02,0657,N21,nominal,2.0NRT,290.44,6.26,D
36.8455,101.79361,342.28,0.44,0.62,2026-09-02,0701,N21,nominal,2.0NRT,303.87,5.05,D
16.20964,100.35391,341.46,0.41,0.45,2026-09-02,0657,N21,nominal,2.0NRT,288.65,5.34,D
36.88819,101.84554,347.48,0.44,0.62,2026-09-02,0701,N21,nominal,2.0NRT,301.41,8.01,D
16.28055,100.32081,341.27,0.41,0.45,2026-09-02,0657,N21,nominal,2.0NRT,288.56,9.19,D
36.89006,101.84505,349.31,0.44,0.62,2026-09-02,0701,N21,nominal,2.0NRT,301.53,7.04,D
16.34182,100.28263,333,0.41,0.45,2026-09-02,0657,N21,nominal,2.0NRT,286.97,4.03,D
16.56779,99.70409,330.88,0.57,0.43,2026-09-02,0657,N21,nominal,2.0NRT,288.84,4.05,D
16.7139,99.71917,330.09,0.57,0.43,2026-09-02,0657,N21,nominal,2.0NRT,288.01,4.14,D
17.03807,100.04547,335.74,0.4,0.44,2026-09-02,0657,N21,nominal,2.0NRT,293.25,3.47,D
18.62291,101.83177,340.03,0.55,0.51,2026-09-02,0657,N21,nominal,2.0NRT,294.12,8.28,D
18.62539,101.82919,333.42,0.55,0.51,2026-09-02,0657,N21,nominal,2.0NRT,293.7,5.29,D
25.788,101.82864,330.73,0.34,0.56,2026-09-02,0659,N21,low,2.0NRT,305.31,6.33,D
26.62296,101.59339,343.1,0.33,0.56,2026-09-02,0659,N21,nominal,2.0NRT,302.27,2.66,D
26.62158,101.59383,346.35,0.33,0.56,2026-09-02,0659,N21,nominal,2.0NRT,302.8,5.31,D
27.37714,95.33408,337.86,0.45,0.39,2026-09-02,0659,N21,nominal,2.0NRT,293.68,3.63,D
29.19191,89.91774,327.57,0.4,0.37,2026-09-02,0701,N21,low,2.0NRT,301.92,2.54,D
29.72599,91.45824,339.14,0.38,0.36,2026-09-02,0701,N21,nominal,2.0NRT,303.53,4.89,D
29.72998,90.80003,330.9,0.39,0.36,2026-09-02,0701,N21,nominal,2.0NRT,299.97,9.27,D
5.53657,100.37658,333.42,0.46,0.39,2026-09-02,0652,N21,nominal,2.0NRT,297.79,5.88,D
5.84367,101.93073,333.61,0.56,0.43,2026-09-02,0652,N21,nominal,2.0NRT,294.1,7.93,D
5.67631,100.63862,343.82,0.48,0.4,2026-09-02,0652,N21,nominal,2.0NRT,298.81,7.24,D
5.67568,100.63433,349.55,0.48,0.4,2026-09-02,0652,N21,nominal,2.0NRT,298.55,7.24,D
7.59791,100.36993,332.99,0.48,0.4,2026-09-02,0652,N21,nominal,2.0NRT,292.24,5.89,D
7.59728,100.36559,333.37,0.48,0.4,2026-09-02,0652,N21,nominal,2.0NRT,292.24,5.89,D
7.80073,99.8504,332.92,0.46,0.39,2026-09-02,0652,N21,nominal,2.0NRT,297.96,2.03,D
7.72333,99.26175,334.83,0.43,0.38,2026-09-02,0652,N21,nominal,2.0NRT,296.66,2.5,D
8.10315,99.3143,335.6,0.44,0.38,2026-09-02,0654,N21,nominal,2.0NRT,296.01,2.89,D
6.41024,81.3175,336.82,0.4,0.6,2026-09-02,0835,N21,nominal,2.0NRT,297.52,4.91,D
6.47141,81.10697,354.62,0.39,0.59,2026-09-02,0835,N21,nominal,2.0NRT,299.64,24.34,D
6.67148,81.24696,367,0.4,0.6,2026-09-02,0835,N21,high,2.0NRT,297.99,56.73,D
6.67099,81.24335,353.51,0.4,0.6,2026-09-02,0835,N21,nominal,2.0NRT,297.94,56.73,D
6.67746,81.2498,367,0.4,0.6,2026-09-02,0835,N21,high,2.0NRT,299.31,130.4,D
6.67647,81.24255,355.19,0.4,0.6,2026-09-02,0835,N21,nominal,2.0NRT,296.58,56.73,D
6.67697,81.24619,207.38,0.4,0.6,2026-09-02,0835,N21,low,2.0NRT,306.44,56.73,D
6.72999,81.59464,343.88,0.43,0.62,2026-09-02,0835,N21,nominal,2.0NRT,301.07,5.58,D
6.71499,81.40114,331.25,0.41,0.61,2026-09-02,0835,N21,nominal,2.0NRT,299.98,4.23,D
6.74757,81.51431,336.05,0.42,0.61,2026-09-02,0835,N21,nominal,2.0NRT,301.27,3.08,D
6.72483,81.22827,343.5,0.4,0.6,2026-09-02,0835,N21,nominal,2.0NRT,295.73,4.82,D
6.72432,81.22465,351.79,0.4,0.6,2026-09-02,0835,N21,nominal,2.0NRT,296.86,8.45,D
6.69402,81.00782,330.23,0.39,0.59,2026-09-02,0835,N21,nominal,2.0NRT,297.15,2.05,D
6.74612,81.51452,338.59,0.42,0.61,2026-09-02,0835,N21,nominal,2.0NRT,301.52,4.04,D
6.72,81.22863,340.53,0.4,0.6,2026-09-02,0835,N21,nominal,2.0NRT,297.83,8.71,D
6.71952,81.22499,335.41,0.4,0.6,2026-09-02,0835,N21,nominal,2.0NRT,296.98,5.85,D
6.725,81.22418,338.07,0.4,0.6,2026-09-02,0835,N21,nominal,2.0NRT,296.27,5.85,D
6.75611,81.16471,367,0.4,0.6,2026-09-02,0835,N21,high,2.0NRT,297.26,9.84,D
6.7566,81.16835,344.94,0.4,0.6,2026-09-02,0835,N21,nominal,2.0NRT,296.41,9.84,D
6.84593,81.37031,331.1,0.41,0.61,2026-09-02,0835,N21,nominal,2.0NRT,297.59,4.43,D
6.91149,81.61044,336.35,0.43,0.62,2026-09-02,0835,N21,nominal,2.0NRT,299.09,4.58,D
6.9741,81.60574,367,0.43,0.62,2026-09-02,0835,N21,high,2.0NRT,300.37,24.19,D
6.97357,81.60188,354.35,0.43,0.62,2026-09-02,0835,N21,nominal,2.0NRT,299.41,18.65,D
6.98027,81.60882,350.36,0.43,0.62,2026-09-02,0835,N21,nominal,2.0NRT,297.76,11.32,D
6.97974,81.60493,350.85,0.43,0.62,2026-09-02,0835,N21,nominal,2.0NRT,298.92,11.32,D
6.97166,81.60588,367,0.43,0.62,2026-09-02,0835,N21,high,2.0NRT,300.77,14.4,D
6.97116,81.60201,355.41,0.43,0.62,2026-09-02,0835,N21,nominal,2.0NRT,299.8,21.76,D
6.9773,81.60505,332.87,0.43,0.62,2026-09-02,0835,N21,nominal,2.0NRT,298.84,14.4,D
6.98345,81.60812,345,0.43,0.62,2026-09-02,0835,N21,nominal,2.0NRT,297.56,7.16,D
6.98294,81.60423,341.9,0.43,0.62,2026-09-02,0835,N21,nominal,2.0NRT,297.51,7.16,D
7.05409,81.45085,331.41,0.42,0.61,2026-09-02,0835,N21,nominal,2.0NRT,295.71,6.08,D
7.10011,81.70355,335.22,0.44,0.62,2026-09-02,0835,N21,nominal,2.0NRT,295.68,3.56,D
7.09695,81.70384,332.12,0.44,0.62,2026-09-02,0835,N21,nominal,2.0NRT,296.42,2.72,D
7.30523,81.3973,338.78,0.42,0.61,2026-09-02,0835,N21,nominal,2.0NRT,297.2,8.99,D
7.36999,81.75822,331.87,0.45,0.63,2026-09-02,0835,N21,nominal,2.0NRT,297.79,2.66,D
7.29756,81.12653,355.04,0.4,0.6,2026-09-02,0835,N21,nominal,2.0NRT,301.58,6.32,D
7.32932,81.23756,351.03,0.41,0.61,2026-09-02,0835,N21,nominal,2.0NRT,302.92,7.49,D
7.35922,81.4173,367,0.42,0.61,2026-09-02,0835,N21,high,2.0NRT,299.12,12.07,D
7.33528,81.23988,355.61,0.41,0.61,2026-09-02,0835,N21,nominal,2.0NRT,302.98,8.81,D
7.34048,81.1952,340.45,0.41,0.6,2026-09-02,0835,N21,nominal,2.0NRT,305.98,13.06,D
7.34603,81.19463,367,0.41,0.6,2026-09-02,0835,N21,high,2.0NRT,307.98,13.06,D
7.34553,81.19096,339.26,0.41,0.6,2026-09-02,0835,N21,nominal,2.0NRT,304.45,12.48,D
7.3376,81.13284,343.05,0.4,0.6,2026-09-02,0835,N21,nominal,2.0NRT,301.63,4.88,D
7.34599,81.19432,367,0.41,0.6,2026-09-02,0835,N21,high,2.0NRT,307.87,20.33,D
7.34552,81.19064,339.48,0.41,0.6,2026-09-02,0835,N21,nominal,2.0NRT,304.34,10.37,D
7.37603,81.209,347.5,0.41,0.61,2026-09-02,0835,N21,nominal,2.0NRT,303.19,4.89,D
7.37556,81.20541,336.77,0.41,0.61,2026-09-02,0835,N21,nominal,2.0NRT,302.96,4.89,D
7.37412,81.19444,334.8,0.41,0.6,2026-09-02,0835,N21,nominal,2.0NRT,303.98,3.77,D
7.37363,81.19067,330.78,0.41,0.6,2026-09-02,0835,N21,low,2.0NRT,304.22,3.77,D
7.38109,81.2047,340.75,0.41,0.61,2026-09-02,0835,N21,nominal,2.0NRT,296.16,4.37,D
7.38537,81.15173,337.05,0.41,0.6,2026-09-02,0835,N21,nominal,2.0NRT,303.49,4.93,D
7.41087,81.04942,332.71,0.4,0.6,2026-09-02,0835,N21,nominal,2.0NRT,301.31,3.09,D
7.47621,80.90349,330.15,0.39,0.59,2026-09-02,0835,N21,nominal,2.0NRT,300.65,3.25,D
7.51921,80.89452,341.05,0.39,0.59,2026-09-02,0835,N21,nominal,2.0NRT,300.43,8.4,D
7.51856,80.88973,352.13,0.39,0.59,2026-09-02,0835,N21,nominal,2.0NRT,300.69,7.39,D
7.52406,80.88957,347.48,0.39,0.59,2026-09-02,0835,N21,nominal,2.0NRT,301.42,6.49,D
7.52102,80.8932,340.91,0.39,0.59,2026-09-02,0835,N21,nominal,2.0NRT,301.79,7.67,D
7.52041,80.88845,355.14,0.39,0.59,2026-09-02,0835,N21,nominal,2.0NRT,301.57,11.58,D
7.52647,80.89267,333.01,0.39,0.59,2026-09-02,0835,N21,nominal,2.0NRT,300.11,7.67,D
7.5936,80.98196,367,0.4,0.6,2026-09-02,0835,N21,high,2.0NRT,301.09,8.91,D
7.74068,81.15677,330.4,0.41,0.61,2026-09-02,0835,N21,nominal,2.0NRT,299.72,7.75,D
7.66308,80.21366,336.79,0.35,0.57,2026-09-02,0835,N21,nominal,2.0NRT,294.57,2.56,D
7.8507,81.22355,350.27,0.42,0.61,2026-09-02,0835,N21,nominal,2.0NRT,299.34,9.84,D
7.78083,80.65666,330.34,0.38,0.59,2026-09-02,0835,N21,nominal,2.0NRT,297.69,2.88,D
7.93702,81.32671,367,0.42,0.61,2026-09-02,0835,N21,high,2.0NRT,303.2,17.81,D
7.93653,81.3229,350.54,0.42,0.61,2026-09-02,0835,N21,nominal,2.0NRT,302.59,17.81,D
7.73912,79.81786,345.27,0.33,0.55,2026-09-02,0835,N21,nominal,2.0NRT,297.15,5.24,D
7.94215,81.32213,367,0.42,0.61,2026-09-02,0835,N21,high,2.0NRT,300.77,13.73,D
7.94264,81.32597,347.12,0.42,0.61,2026-09-02,0835,N21,nominal,2.0NRT,298.89,13.73,D
7.94165,81.31831,350.65,0.42,0.61,2026-09-02,0835,N21,nominal,2.0NRT,301.45,16.01,D
7.93819,81.29163,343.87,0.42,0.61,2026-09-02,0835,N21,nominal,2.0NRT,301.02,6.31,D
7.94627,81.30991,344.32,0.42,0.61,2026-09-02,0835,N21,nominal,2.0NRT,300.78,11.45,D
7.94429,81.29467,353.19,0.42,0.61,2026-09-02,0835,N21,nominal,2.0NRT,300.74,6.31,D
7.9438,81.29086,336.49,0.42,0.61,2026-09-02,0835,N21,nominal,2.0NRT,300.73,6.31,D
7.80018,80.11943,330.76,0.35,0.57,2026-09-02,0835,N21,nominal,2.0NRT,295.57,1.93,D
7.85564,80.4143,339.69,0.37,0.58,2026-09-02,0835,N21,nominal,2.0NRT,294.6,3.75,D
7.8919,80.64431,330.25,0.38,0.59,2026-09-02,0835,N21,nominal,2.0NRT,294.66,1.74,D
7.8837,80.34432,330,0.36,0.58,2026-09-02,0835,N21,nominal,2.0NRT,295.12,2.93,D
7.92437,80.65961,334.91,0.38,0.59,2026-09-02,0835,N21,nominal,2.0NRT,296.3,5.9,D
7.88404,80.34646,332.82,0.36,0.58,2026-09-02,0835,N21,nominal,2.0NRT,293.68,2.33,D
7.83926,79.88157,334.94,0.34,0.56,2026-09-02,0835,N21,nominal,2.0NRT,294.56,2.85,D
7.84475,79.88389,332.69,0.34,0.56,2026-09-02,0835,N21,nominal,2.0NRT,292.58,2.85,D
7.84435,79.88088,330.31,0.34,0.56,2026-09-02,0835,N21,nominal,2.0NRT,293.98,2.85,D
8.02131,80.68874,330.61,0.38,0.59,2026-09-02,0835,N21,nominal,2.0NRT,297.72,3.03,D
8.00556,80.37322,347.66,0.36,0.58,2026-09-02,0835,N21,nominal,2.0NRT,297.43,13.41,D
8.00544,80.37373,340.09,0.37,0.58,2026-09-02,0835,N21,nominal,2.0NRT,296.69,6.19,D
8.00502,80.37047,334.48,0.37,0.58,2026-09-02,0835,N21,nominal,2.0NRT,296.27,6.19,D
8.09719,80.74323,345.43,0.39,0.59,2026-09-02,0835,N21,nominal,2.0NRT,297.48,8.35,D
8.08348,80.59769,367,0.38,0.59,2026-09-02,0835,N21,high,2.0NRT,296.82,11.13,D
8.13257,80.61436,330.39,0.38,0.59,2026-09-02,0835,N21,nominal,2.0NRT,296.48,3.14,D
8.08506,80.08055,330.69,0.35,0.57,2026-09-02,0835,N21,nominal,2.0NRT,295.45,3.16,D
8.21361,80.77289,336.66,0.39,0.59,2026-09-02,0835,N21,nominal,2.0NRT,296.73,4.19,D
8.20121,80.67872,331.4,0.39,0.59,2026-09-02,0835,N21,nominal,2.0NRT,298.62,2.31,D
8.28278,80.99872,330.76,0.41,0.6,2026-09-02,0835,N21,nominal,2.0NRT,295.52,2.33,D
8.27938,80.75308,350.09,0.39,0.59,2026-09-02,0835,N21,nominal,2.0NRT,297.27,10.2,D
8.26906,80.58801,367,0.38,0.59,2026-09-02,0835,N21,high,2.0NRT,298.38,11.7,D
8.29839,80.72919,342.63,0.39,0.59,2026-09-02,0835,N21,nominal,2.0NRT,296.47,7.83,D
8.19724,79.91821,334.97,0.34,0.56,2026-09-02,0835,N21,nominal,2.0NRT,295.24,1.72,D
8.22195,79.94675,367,0.34,0.56,2026-09-02,0835,N21,high,2.0NRT,296.46,14.84,D
8.32395,80.6719,334.05,0.39,0.59,2026-09-02,0835,N21,nominal,2.0NRT,296.59,2.48,D
8.34202,80.68362,351.21,0.39,0.59,2026-09-02,0835,N21,nominal,2.0NRT,298.66,6.24,D
8.34744,80.68293,345.58,0.39,0.59,2026-09-02,0835,N21,nominal,2.0NRT,296.98,6.24,D
8.34652,80.67604,336.23,0.39,0.59,2026-09-02,0835,N21,nominal,2.0NRT,297.41,4.61,D
8.34606,80.67258,343.23,0.39,0.59,2026-09-02,0835,N21,nominal,2.0NRT,298.37,4.61,D
8.33955,80.62406,332.52,0.38,0.59,2026-09-02,0835,N21,nominal,2.0NRT,295.02,3.39,D
8.33908,80.62061,333.95,0.38,0.59,2026-09-02,0835,N21,nominal,2.0NRT,294.82,3.62,D
8.31593,80.2891,330.58,0.36,0.58,2026-09-02,0835,N21,nominal,2.0NRT,296.07,3.95,D
8.34845,80.67332,346.15,0.39,0.59,2026-09-02,0835,N21,nominal,2.0NRT,297.71,8.08,D
8.31578,80.28963,335.94,0.36,0.58,2026-09-02,0835,N21,nominal,2.0NRT,296.2,3.62,D
8.32674,80.29144,330.4,0.36,0.58,2026-09-02,0835,N21,nominal,2.0NRT,296.62,3.8,D
8.4069,80.82774,352.87,0.4,0.6,2026-09-02,0835,N21,nominal,2.0NRT,298.05,24.17,D
8.41284,80.83062,367,0.4,0.6,2026-09-02,0835,N21,high,2.0NRT,298.34,17.06,D
8.41237,80.82706,332.76,0.4,0.6,2026-09-02,0835,N21,nominal,2.0NRT,297.26,13.59,D
8.41599,80.812,367,0.4,0.6,2026-09-02,0835,N21,high,2.0NRT,297.53,12.6,D
8.40586,80.73381,347.13,0.39,0.59,2026-09-02,0835,N21,nominal,2.0NRT,297.91,6.77,D
8.38371,80.52162,334.62,0.38,0.59,2026-09-02,0835,N21,nominal,2.0NRT,296.48,3.71,D
8.42694,80.81065,333.85,0.4,0.6,2026-09-02,0835,N21,nominal,2.0NRT,297.19,6.71,D
8.47318,81.1229,345.11,0.42,0.61,2026-09-02,0835,N21,nominal,2.0NRT,294.33,4.41,D
8.43068,80.71223,367,0.39,0.59,2026-09-02,0835,N21,high,2.0NRT,298.38,14.62,D
8.42871,80.65554,330.11,0.39,0.59,2026-09-02,0835,N21,nominal,2.0NRT,297.77,5.03,D
8.4503,80.73517,339.2,0.39,0.6,2026-09-02,0835,N21,nominal,2.0NRT,296.99,5.29,D
8.44983,80.73161,340.98,0.39,0.59,2026-09-02,0835,N21,nominal,2.0NRT,297.63,5.29,D
8.44935,80.72803,330.35,0.39,0.59,2026-09-02,0835,N21,nominal,2.0NRT,297.41,4.76,D
8.47287,80.86323,336.56,0.4,0.6,2026-09-02,0835,N21,nominal,2.0NRT,295.96,4.8,D
8.45479,80.72732,354.98,0.39,0.59,2026-09-02,0835,N21,nominal,2.0NRT,296.94,6.29,D
8.40145,80.32819,330,0.37,0.58,2026-09-02,0835,N21,nominal,2.0NRT,296.28,3.52,D
8.41479,80.38741,351.62,0.37,0.58,2026-09-02,0835,N21,nominal,2.0NRT,295.24,11.89,D
8.45249,80.62759,367,0.39,0.59,2026-09-02,0835,N21,high,2.0NRT,297.54,8.31,D
8.44973,80.60696,367,0.38,0.59,2026-09-02,0835,N21,high,2.0NRT,298.3,17.01,D
8.45388,80.63795,330.82,0.39,0.59,2026-09-02,0835,N21,nominal,2.0NRT,296.15,6.45,D
8.45342,80.6345,352.55,0.39,0.59,2026-09-02,0835,N21,nominal,2.0NRT,296.13,13.24,D
8.3931,80.18663,330.78,0.36,0.57,2026-09-02,0835,N21,nominal,2.0NRT,297,2.7,D
8.41731,80.32602,336.64,0.37,0.58,2026-09-02,0835,N21,nominal,2.0NRT,291.87,6.67,D
8.40315,80.22147,335.06,0.36,0.57,2026-09-02,0835,N21,nominal,2.0NRT,296.61,8.58,D
8.40271,80.21823,351.71,0.36,0.57,2026-09-02,0835,N21,nominal,2.0NRT,297.27,9.82,D
8.49256,80.80211,330.69,0.4,0.6,2026-09-02,0835,N21,nominal,2.0NRT,296.88,5.04,D
8.48821,80.76984,335.56,0.4,0.6,2026-09-02,0835,N21,nominal,2.0NRT,295.43,7.16,D
8.45092,80.63725,367,0.39,0.59,2026-09-02,0835,N21,high,2.0NRT,296.43,11.38,D
8.45005,80.63035,350.91,0.39,0.59,2026-09-02,0835,N21,nominal,2.0NRT,296.56,16.71,D
8.44962,80.62689,337.24,0.39,0.59,2026-09-02,0835,N21,nominal,2.0NRT,296.85,8.37,D
8.40331,80.21985,367,0.36,0.57,2026-09-02,0835,N21,high,2.0NRT,298.11,10.26,D
8.45283,80.60887,355.34,0.39,0.59,2026-09-02,0835,N21,nominal,2.0NRT,297.91,15.24,D
8.45239,80.60542,353.99,0.38,0.59,2026-09-02,0835,N21,nominal,2.0NRT,297.64,13.95,D
8.48469,80.77297,335.75,0.4,0.6,2026-09-02,0835,N21,nominal,2.0NRT,296.42,9.91,D
8.50617,80.8543,335.45,0.4,0.6,2026-09-02,0835,N21,nominal,2.0NRT,296.03,7.56,D
8.49331,80.75359,337.16,0.39,0.6,2026-09-02,0835,N21,nominal,2.0NRT,294.24,4.26,D
8.49195,80.74293,338.35,0.39,0.6,2026-09-02,0835,N21,nominal,2.0NRT,295.22,5.11,D
8.49149,80.73936,332.64,0.39,0.6,2026-09-02,0835,N21,nominal,2.0NRT,296.07,5.11,D
8.50842,80.82822,331.78,0.4,0.6,2026-09-02,0835,N21,nominal,2.0NRT,296.89,7.23,D
8.51389,80.82745,338.8,0.4,0.6,2026-09-02,0835,N21,nominal,2.0NRT,295.63,7.23,D
8.51845,80.81954,343.67,0.4,0.6,2026-09-02,0835,N21,nominal,2.0NRT,295.42,1.59,D
8.51557,80.75419,339.29,0.39,0.6,2026-09-02,0835,N21,nominal,2.0NRT,293.77,2.51,D
8.53111,80.78838,353.83,0.4,0.6,2026-09-02,0835,N21,nominal,2.0NRT,295.47,7.12,D
8.52173,80.6739,330.18,0.39,0.59,2026-09-02,0835,N21,nominal,2.0NRT,295.65,6.45,D
8.54684,80.73882,367,0.39,0.6,2026-09-02,0835,N21,high,2.0NRT,296.64,9.8,D
8.54825,80.74957,335.91,0.39,0.6,2026-09-02,0835,N21,nominal,2.0NRT,295.46,3.61,D
8.54778,80.74599,333.38,0.39,0.6,2026-09-02,0835,N21,nominal,2.0NRT,295.57,3.61,D
8.55798,80.78122,344.92,0.4,0.6,2026-09-02,0835,N21,nominal,2.0NRT,296.05,10.14,D
8.55751,80.77762,342.6,0.4,0.6,2026-09-02,0835,N21,nominal,2.0NRT,296.82,8.24,D
8.56487,80.79127,344.2,0.4,0.6,2026-09-02,0835,N21,nominal,2.0NRT,297.08,7.18,D
8.51248,80.39674,340.13,0.37,0.58,2026-09-02,0835,N21,nominal,2.0NRT,296.46,8.26,D
8.55551,80.63744,367,0.39,0.59,2026-09-02,0835,N21,high,2.0NRT,296.36,11.88,D
8.51999,80.37193,367,0.37,0.58,2026-09-02,0835,N21,high,2.0NRT,293.82,20.76,D
8.55505,80.634,331.04,0.39,0.59,2026-09-02,0835,N21,nominal,2.0NRT,295.32,5.93,D
8.57455,80.73869,334.68,0.39,0.6,2026-09-02,0835,N21,nominal,2.0NRT,296.42,6.61,D
8.56559,80.67166,344.1,0.39,0.59,2026-09-02,0835,N21,nominal,2.0NRT,297.47,12.14,D
15.66465,79.57255,335.9,0.41,0.61,2026-09-02,0835,N21,nominal,2.0NRT,290.83,4.97,D
8.57197,80.67805,343.89,0.39,0.59,2026-09-02,0835,N21,nominal,2.0NRT,295.9,16.84,D
8.5715,80.67453,352.78,0.39,0.59,2026-09-02,0835,N21,nominal,2.0NRT,297.4,12.14,D
16.16818,78.917,333.24,0.37,0.58,2026-09-02,0835,N21,nominal,2.0NRT,288.62,3.14,D
8.55611,80.55986,336.57,0.38,0.59,2026-09-02,0835,N21,nominal,2.0NRT,293.11,4.57,D
17.58122,79.99252,336.43,0.46,0.64,2026-09-02,0837,N21,nominal,2.0NRT,288.03,4.4,D
8.58996,80.72951,333.81,0.39,0.6,2026-09-02,0835,N21,nominal,2.0NRT,295.59,2.26,D
8.57856,80.64496,332.25,0.39,0.59,2026-09-02,0835,N21,nominal,2.0NRT,296.12,5.92,D
17.6793,75.30967,333.82,0.45,0.47,2026-09-02,0837,N21,nominal,2.0NRT,297.15,8.02,D
8.55768,80.63666,367,0.39,0.59,2026-09-02,0835,N21,high,2.0NRT,296.47,9.72,D
8.56208,80.67159,346.54,0.39,0.59,2026-09-02,0835,N21,nominal,2.0NRT,297.52,9.58,D
18.45843,74.21844,334.79,0.4,0.44,2026-09-02,0837,N21,nominal,2.0NRT,291.29,3.53,D
8.57597,80.73802,345.6,0.39,0.6,2026-09-02,0835,N21,nominal,2.0NRT,296.24,9.51,D
21.10544,72.64433,333.95,0.52,0.41,2026-09-02,0837,N21,nominal,2.0NRT,292.7,5.69,D
8.5684,80.67799,340.4,0.39,0.59,2026-09-02,0835,N21,nominal,2.0NRT,294.93,11.72,D
8.56796,80.67445,351.7,0.39,0.59,2026-09-02,0835,N21,nominal,2.0NRT,295.93,9.58,D
21.10416,72.63442,335.35,0.52,0.41,2026-09-02,0837,N21,nominal,2.0NRT,290.75,8.63,D
8.57383,80.67727,338,0.39,0.59,2026-09-02,0835,N21,nominal,2.0NRT,296.53,8.62,D
18.01028,54.57227,342.04,0.78,0.78,2026-09-02,0837,N21,nominal,2.0NRT,303.53,11.01,D
8.57339,80.67374,339.47,0.39,0.59,2026-09-02,0835,N21,nominal,2.0NRT,296.63,7.48,D
8.55883,80.55884,340.79,0.38,0.59,2026-09-02,0835,N21,nominal,2.0NRT,294.65,8.46,D
18.01496,54.56886,343.19,0.78,0.78,2026-09-02,0837,N21,nominal,2.0NRT,303.84,11.5,D
8.58598,80.72949,332.51,0.39,0.6,2026-09-02,0835,N21,nominal,2.0NRT,295.23,2.22,D
8.57524,80.64486,335.05,0.39,0.59,2026-09-02,0835,N21,nominal,2.0NRT,296.15,5.34,D
18.32405,55.10456,349.36,0.71,0.75,2026-09-02,0837,N21,nominal,2.0NRT,305.57,7.62,D
8.61506,80.69706,337.51,0.39,0.6,2026-09-02,0835,N21,nominal,2.0NRT,294.75,3.09,D
19.2654,56.17505,337.8,0.58,0.69,2026-09-02,0837,N21,nominal,2.0NRT,304.9,2.43,D
8.6146,80.6935,333.95,0.39,0.59,2026-09-02,0835,N21,nominal,2.0NRT,292.95,3.09,D
8.59435,80.45303,367,0.38,0.59,2026-09-02,0835,N21,high,2.0NRT,299,68.81,D
20.37672,55.93508,348.57,0.56,0.69,2026-09-02,0837,N21,nominal,2.0NRT,306.63,3.13,D
8.62747,80.53907,338.14,0.38,0.59,2026-09-02,0835,N21,nominal,2.0NRT,293.93,2.71,D
21.33061,56.70016,346.89,0.48,0.65,2026-09-02,0839,N21,nominal,2.0NRT,305.67,7.67,D
8.64796,80.65276,367,0.39,0.59,2026-09-02,0835,N21,high,2.0NRT,296.16,34.53,D
8.64752,80.64942,334.96,0.39,0.59,2026-09-02,0835,N21,nominal,2.0NRT,300.98,36.25,D
21.32959,56.69568,335.75,0.48,0.65,2026-09-02,0839,N21,nominal,2.0NRT,304.41,6.07,D
8.64707,80.64605,330.38,0.39,0.59,2026-09-02,0835,N21,nominal,2.0NRT,294.72,36.25,D
21.83641,56.67896,339.05,0.47,0.64,2026-09-02,0839,N21,nominal,2.0NRT,306.76,2.28,D
8.6497,80.62423,367,0.39,0.59,2026-09-02,0835,N21,high,2.0NRT,297.01,17.09,D
8.65339,80.6521,343.1,0.39,0.59,2026-09-02,0835,N21,nominal,2.0NRT,294.01,34.53,D
8.65295,80.64875,350.18,0.39,0.59,2026-09-02,0835,N21,nominal,2.0NRT,296.55,36.25,D
21.93888,57.07436,342.1,0.44,0.63,2026-09-02,0839,N21,nominal,2.0NRT,301.58,12.75,D
8.65513,80.62356,352.07,0.39,0.59,2026-09-02,0835,N21,nominal,2.0NRT,297.04,38.15,D
8.66132,80.46508,340.68,0.38,0.59,2026-09-02,0835,N21,nominal,2.0NRT,295.76,5.67,D
21.89259,56.84481,337.02,0.46,0.63,2026-09-02,0839,N21,nominal,2.0NRT,302.36,0.9,D
8.66491,80.46529,367,0.38,0.59,2026-09-02,0835,N21,high,2.0NRT,297.41,15.41,D
8.75556,81.00182,334.68,0.41,0.61,2026-09-02,0835,N21,nominal,2.0NRT,293.76,3.69,D
22.32408,56.47104,338.87,0.47,0.64,2026-09-02,0839,N21,nominal,2.0NRT,304.86,3.56,D
8.68837,80.35244,338.27,0.37,0.58,2026-09-02,0835,N21,nominal,2.0NRT,295.21,4.09,D
25.23136,68.33038,336.13,0.39,0.36,2026-09-02,0839,N21,nominal,2.0NRT,305.9,3.03,D
8.70691,80.45286,331.87,0.38,0.59,2026-09-02,0835,N21,nominal,2.0NRT,294.74,1.52,D
8.69902,80.35105,332.53,0.37,0.58,2026-09-02,0835,N21,nominal,2.0NRT,296.32,4.67,D
22.87848,55.92498,342.87,0.5,0.66,2026-09-02,0839,N21,low,2.0NRT,314.12,2.35,D
8.77048,80.81268,330.02,0.4,0.6,2026-09-02,0835,N21,nominal,2.0NRT,296.22,3.46,D
8.7549,80.36384,349.94,0.37,0.58,2026-09-02,0835,N21,nominal,2.0NRT,296.63,7.17,D
22.87463,55.61463,349.39,0.52,0.67,2026-09-02,0839,N21,nominal,2.0NRT,315.95,3.84,D
8.75334,80.36287,337.55,0.37,0.58,2026-09-02,0835,N21,nominal,2.0NRT,295.92,5.37,D
22.92467,55.80223,342.94,0.51,0.66,2026-09-02,0839,N21,low,2.0NRT,315.9,2.38,D
8.49523,77.96259,352.28,0.51,0.49,2026-09-02,0835,N21,nominal,2.0NRT,301.69,25.01,D
8.95637,80.38986,331.37,0.38,0.59,2026-09-02,0835,N21,nominal,2.0NRT,293.22,2.82,D
22.87652,55.61522,342.98,0.52,0.67,2026-09-02,0839,N21,low,2.0NRT,315.71,1.78,D
8.6472,77.50002,340.26,0.47,0.48,2026-09-02,0835,N21,nominal,2.0NRT,304.49,3.96,D
22.92773,55.80227,350.86,0.51,0.66,2026-09-02,0839,N21,nominal,2.0NRT,315.49,2.4,D
9.13914,80.78933,367,0.41,0.6,2026-09-02,0835,N21,high,2.0NRT,290.69,10.22,D
9.22418,80.3151,339.65,0.38,0.58,2026-09-02,0835,N21,nominal,2.0NRT,294.55,3.8,D
25.38636,68.58159,331.78,0.4,0.37,2026-09-02,0839,N21,low,2.0NRT,304.01,2.63,D
8.88936,77.75757,344.57,0.5,0.49,2026-09-02,0835,N21,nominal,2.0NRT,306.66,7.23,D
9.3835,80.50597,352.84,0.39,0.59,2026-09-02,0835,N21,nominal,2.0NRT,297.68,8.93,D
23.19311,55.45713,351.9,0.53,0.67,2026-09-02,0839,N21,nominal,2.0NRT,317.68,4.96,D
8.98586,77.47747,338.9,0.48,0.48,2026-09-02,0835,N21,nominal,2.0NRT,304.56,3.8,D
9.40174,80.39365,355.52,0.38,0.59,2026-09-02,0835,N21,nominal,2.0NRT,296.04,6.43,D
25.85086,68.94112,335.7,0.41,0.37,2026-09-02,0839,N21,nominal,2.0NRT,304.83,2.11,D
9.40128,80.39021,334.64,0.38,0.59,2026-09-02,0835,N21,nominal,2.0NRT,295.51,6.43,D
9.04664,77.71947,339.28,0.5,0.49,2026-09-02,0835,N21,nominal,2.0NRT,306.41,5.58,D
9.04555,77.72089,341.89,0.5,0.49,2026-09-02,0835,N21,nominal,2.0NRT,305.84,5.52,D
9.399,80.39297,367,0.38,0.59,2026-09-02,0835,N21,high,2.0NRT,295.43,9.23,D
9.41911,80.42213,342.87,0.39,0.59,2026-09-02,0835,N21,nominal,2.0NRT,296.01,4.51,D
9.41925,80.37983,333.82,0.38,0.59,2026-09-02,0835,N21,nominal,2.0NRT,295.94,3.58,D
24.50603,56.60782,334.99,0.42,0.61,2026-09-02,0839,N21,nominal,2.0NRT,300.97,3.61,D
9.41664,80.35916,337.76,0.38,0.59,2026-09-02,0835,N21,nominal,2.0NRT,296.21,3.24,D
24.99139,55.6246,340.69,0.47,0.64,2026-09-02,0839,N21,low,2.0NRT,312.85,2.3,D
9.42202,80.35846,343,0.38,0.59,2026-09-02,0835,N21,nominal,2.0NRT,295.69,4.16,D
9.47271,80.49713,339.12,0.39,0.59,2026-09-02,0835,N21,nominal,2.0NRT,294.87,3.9,D
27.48977,68.25854,342.22,0.4,0.37,2026-09-02,0839,N21,nominal,2.0NRT,306.77,5.88,D
9.47225,80.49359,330.81,0.39,0.59,2026-09-02,0835,N21,nominal,2.0NRT,294.56,3.9,D
9.12569,77.41118,334.03,0.47,0.48,2026-09-02,0835,N21,nominal,2.0NRT,303.06,2.64,D
27.49312,68.25793,343.01,0.4,0.37,2026-09-02,0839,N21,nominal,2.0NRT,307.84,5.07,D
9.54636,80.36561,351.55,0.38,0.59,2026-09-02,0835,N21,nominal,2.0NRT,290.74,7.37,D
9.55174,80.36488,331.95,0.38,0.59,2026-09-02,0835,N21,nominal,2.0NRT,289.11,2.8,D
27.49256,68.25392,335.41,0.4,0.37,2026-09-02,0839,N21,nominal,2.0NRT,303.45,5.07,D
9.64176,80.31894,339.19,0.38,0.59,2026-09-02,0835,N21,nominal,2.0NRT,289.21,4.8,D
9.46896,78.68177,340.97,0.58,0.52,2026-09-02,0835,N21,nominal,2.0NRT,299.01,4.74,D
9.44849,77.66959,341.36,0.5,0.49,2026-09-02,0835,N21,nominal,2.0NRT,308.53,21.3,D
9.72765,77.54507,344.84,0.49,0.49,2026-09-02,0835,N21,nominal,2.0NRT,307.1,27.73,D
9.80838,77.4108,333.03,0.48,0.48,2026-09-02,0835,N21,nominal,2.0NRT,302.39,2.7,D
9.9884,77.44849,342.86,0.49,0.49,2026-09-02,0835,N21,nominal,2.0NRT,301.58,5.8,D
10.76591,78.63389,332.65,0.61,0.53,2026-09-02,0837,N21,nominal,2.0NRT,299.67,4.46,D
10.86781,77.73611,336.59,0.53,0.5,2026-09-02,0837,N21,nominal,2.0NRT,302.33,2.79,D
10.86859,77.7392,338.51,0.53,0.5,2026-09-02,0837,N21,nominal,2.0NRT,301.4,6.27,D
11.17819,77.71023,331.93,0.53,0.5,2026-09-02,0837,N21,nominal,2.0NRT,298.86,4.45,D
11.72303,78.5864,332.6,0.62,0.54,2026-09-02,0837,N21,nominal,2.0NRT,293.09,5.77,D
12.1201,79.1136,331.81,0.34,0.56,2026-09-02,0837,N21,nominal,2.0NRT,296.61,3.43,D
12.0616,77.02872,343.15,0.49,0.49,2026-09-02,0837,N21,nominal,2.0NRT,296.93,9.89,D
12.42042,78.76832,336.12,0.33,0.55,2026-09-02,0837,N21,nominal,2.0NRT,288.62,3.86,D
28.16575,67.75537,339.25,0.39,0.36,2026-09-02,0839,N21,nominal,2.0NRT,308.09,7.24,D
28.18286,67.73184,340.69,0.39,0.36,2026-09-02,0839,N21,nominal,2.0NRT,307.74,6.22,D
28.23602,67.8653,344.16,0.4,0.37,2026-09-02,0839,N21,nominal,2.0NRT,308.73,11.34,D
28.22853,67.78882,351.15,0.39,0.37,2026-09-02,0839,N21,nominal,2.0NRT,310.26,11.28,D
29.7874,72.75357,331.69,0.45,0.47,2026-09-02,0839,N21,nominal,2.0NRT,296.44,2.91,D
27.17103,56.05508,344.7,0.39,0.6,2026-09-02,0839,N21,nominal,2.0NRT,301.44,7.36,D
27.17012,56.05127,350.45,0.39,0.6,2026-09-02,0839,N21,nominal,2.0NRT,301.42,9.6,D
31.09241,74.68892,335.77,0.6,0.53,2026-09-02,0839,N21,nominal,2.0NRT,295.36,4.61,D
31.12882,74.65296,339.88,0.6,0.53,2026-09-02,0839,N21,nominal,2.0NRT,294.93,7.4,D
28.60061,57.72541,347.41,0.58,0.52,2026-09-02,0839,N21,nominal,2.0NRT,314.9,10.23,D
31.45514,72.19753,332.78,0.43,0.46,2026-09-02,0841,N21,nominal,2.0NRT,297.33,3.04,D
29.99309,55.85383,340.6,0.35,0.57,2026-09-02,0841,N21,nominal,2.0NRT,315.47,4.29,D
29.99232,55.8506,343.65,0.35,0.57,2026-09-02,0841,N21,nominal,2.0NRT,314.49,4.29,D
30.08268,55.39814,352.32,0.37,0.58,2026-09-02,0841,N21,nominal,2.0NRT,317.12,8.4,D
30.08289,55.39883,351.95,0.37,0.58,2026-09-02,0841,N21,nominal,2.0NRT,317.58,8.92,D
33.27079,71.31037,340.63,0.41,0.45,2026-09-02,0841,N21,nominal,2.0NRT,297.65,2.88,D
35.5528,67.34576,336.61,0.43,0.38,2026-09-02,0841,N21,nominal,2.0NRT,307.58,4.11,D
37.03736,80.3027,335.1,0.72,0.76,2026-09-02,0841,N21,nominal,2.0NRT,304.53,10.86,D
37.03202,62.41673,342.9,0.4,0.37,2026-09-02,0843,N21,low,2.0NRT,317.53,10.4,D
37.15094,61.36454,346.58,0.42,0.37,2026-09-02,0843,N21,nominal,2.0NRT,310.3,7.03,D
38.05061,67.2646,344.69,0.45,0.39,2026-09-02,0843,N21,low,2.0NRT,317.96,15.59,D
37.9258,65.62731,337.53,0.4,0.37,2026-09-02,0843,N21,nominal,2.0NRT,311.21,3.54,D
37.77948,64.28442,341.98,0.39,0.36,2026-09-02,0843,N21,low,2.0NRT,314.11,7.21,D
37.22305,60.35555,337.13,0.45,0.39,2026-09-02,0843,N21,low,2.0NRT,311.32,3.21,D
37.49793,61.84993,335.69,0.4,0.37,2026-09-02,0843,N21,low,2.0NRT,308.73,2.47,D
37.49717,61.84546,337.29,0.4,0.37,2026-09-02,0843,N21,low,2.0NRT,309.49,2.47,D
37.61945,62.13842,342.7,0.4,0.37,2026-09-02,0843,N21,nominal,2.0NRT,310.66,4.47,D
37.65561,61.90721,333.95,0.4,0.37,2026-09-02,0843,N21,nominal,2.0NRT,308.39,2.71,D
37.5942,61.52806,339.07,0.41,0.37,2026-09-02,0843,N21,low,2.0NRT,313.11,5.14,D
37.61084,61.60427,337.72,0.41,0.37,2026-09-02,0843,N21,low,2.0NRT,311.67,3.77,D
37.79698,62.55136,341.63,0.39,0.36,2026-09-02,0843,N21,low,2.0NRT,313.89,5.36,D
37.72681,62.12509,336.21,0.4,0.37,2026-09-02,0843,N21,low,2.0NRT,308.96,3.57,D
37.80957,60.16943,353.45,0.44,0.39,2026-09-02,0843,N21,nominal,2.0NRT,311.67,13.47,D
38.13798,61.91905,336.34,0.4,0.37,2026-09-02,0843,N21,low,2.0NRT,307.75,2.64,D
37.98938,58.55488,337.89,0.51,0.41,2026-09-02,0843,N21,low,2.0NRT,312.73,7.22,D
37.98994,58.55213,336.93,0.51,0.41,2026-09-02,0843,N21,low,2.0NRT,311.34,7.06,D
39.1551,63.31757,330.51,0.38,0.36,2026-09-02,0843,N21,low,2.0NRT,304.96,3.91,D
18.01316,54.5709,335.71,0.46,0.64,2026-09-02,1017,N21,low,2.0NRT,309.06,11.47,D
18.01358,54.57528,355.63,0.46,0.64,2026-09-02,1017,N21,low,2.0NRT,310.73,17.45,D
18.32403,55.10515,338.96,0.51,0.66,2026-09-02,1017,N21,nominal,2.0NRT,307.13,3.09,D
19.26487,56.17734,338.69,0.61,0.71,2026-09-02,1019,N21,nominal,2.0NRT,305.55,3.54,D
21.33493,56.70144,348.11,0.7,0.75,2026-09-02,1019,N21,nominal,2.0NRT,303.82,8.84,D
21.33443,56.69473,341.52,0.7,0.75,2026-09-02,1019,N21,nominal,2.0NRT,303.1,8.84,D
21.33579,56.70072,350.41,0.7,0.75,2026-09-02,1019,N21,nominal,2.0NRT,303.68,12.9,D
21.33532,56.69401,336.23,0.7,0.75,2026-09-02,1019,N21,nominal,2.0NRT,302.57,9.81,D
21.93986,57.07476,336.11,0.75,0.77,2026-09-02,1019,N21,nominal,2.0NRT,300.82,3.98,D
22.88176,55.92899,352.61,0.65,0.73,2026-09-02,1019,N21,nominal,2.0NRT,310.84,7.39,D
22.87934,55.92654,347.2,0.65,0.73,2026-09-02,1019,N21,nominal,2.0NRT,310.62,5.34,D
22.9241,55.80428,347.6,0.63,0.72,2026-09-02,1019,N21,nominal,2.0NRT,313.2,4.08,D
22.92881,55.80268,343.28,0.63,0.72,2026-09-02,1019,N21,nominal,2.0NRT,312.34,3.24,D
23.18749,55.45885,345.55,0.61,0.71,2026-09-02,1019,N21,nominal,2.0NRT,313.17,3.07,D
24.00281,55.49784,344.57,0.62,0.72,2026-09-02,1019,N21,low,2.0NRT,316.03,17.4,D
24.00321,55.50385,355.65,0.62,0.72,2026-09-02,1019,N21,low,2.0NRT,316.86,23.67,D
27.16944,56.06022,338.9,0.72,0.76,2026-09-02,1021,N21,nominal,2.0NRT,299.27,11.72,D
27.16903,56.06036,339.12,0.72,0.76,2026-09-02,1021,N21,nominal,2.0NRT,299.15,7.49,D
27.16867,56.05292,335.34,0.72,0.76,2026-09-02,1021,N21,nominal,2.0NRT,299.18,6.09,D
