latitude,longitude,bright_ti4,scan,track,acq_date,acq_time,satellite,confidence,version,bright_ti5,frp,daynight
14.0693,100.36461,328.85,0.45,0.47,2026-08-26,0622,N,nominal,2.0NRT,289.46,2.15,D
14.08085,100.2808,329.03,0.45,0.47,2026-08-26,0622,N,nominal,2.0NRT,288.33,2.46,D
14.1308,100.4379,325.82,0.44,0.46,2026-08-26,0622,N,nominal,2.0NRT,287.93,1.85,D
14.13505,100.43711,331.57,0.44,0.46,2026-08-26,0622,N,nominal,2.0NRT,288.3,1.85,D
14.13336,100.43774,339.71,0.44,0.46,2026-08-26,0622,N,nominal,2.0NRT,289.29,2.18,D
14.15885,100.43298,326.7,0.44,0.46,2026-08-26,0622,N,nominal,2.0NRT,291.29,3.43,D
14.32685,100.49505,331.83,0.43,0.46,2026-08-26,0622,N,nominal,2.0NRT,286.61,3.44,D
14.35793,100.35947,341.75,0.44,0.46,2026-08-26,0622,N,nominal,2.0NRT,291.02,6.04,D
14.44234,100.25036,326.98,0.45,0.47,2026-08-26,0622,N,nominal,2.0NRT,288.53,3.16,D
14.50705,99.98993,326,0.46,0.47,2026-08-26,0622,N,nominal,2.0NRT,284.56,1.07,D
16.00461,100.05755,333.82,0.43,0.46,2026-08-26,0622,N,nominal,2.0NRT,286.3,5.34,D
16.00883,100.05672,344.41,0.43,0.46,2026-08-26,0622,N,nominal,2.0NRT,287.45,5.34,D
16.00828,100.05807,341.25,0.43,0.46,2026-08-26,0622,N,nominal,2.0NRT,287.1,7.27,D
16.06279,100.0224,337.84,0.43,0.46,2026-08-26,0622,N,nominal,2.0NRT,289.85,6.77,D
16.12089,100.10282,341.59,0.43,0.46,2026-08-26,0622,N,nominal,2.0NRT,288.68,6.15,D
16.10787,100.03038,335.54,0.43,0.46,2026-08-26,0622,N,nominal,2.0NRT,290.36,5.33,D
16.11905,100.01981,330.07,0.43,0.46,2026-08-26,0622,N,nominal,2.0NRT,289.6,3.29,D
16.12768,99.99769,341.44,0.44,0.46,2026-08-26,0622,N,nominal,2.0NRT,290.81,4.42,D
16.1824,100.05811,339.16,0.43,0.46,2026-08-26,0622,N,nominal,2.0NRT,290,4.31,D
16.1866,100.05729,328.46,0.43,0.46,2026-08-26,0622,N,nominal,2.0NRT,289.82,3.07,D
16.23972,99.90017,330.37,0.44,0.46,2026-08-26,0622,N,nominal,2.0NRT,290.8,2.48,D
16.31184,99.84407,332.78,0.44,0.46,2026-08-26,0622,N,nominal,2.0NRT,283.85,2.41,D
17.23652,99.93385,338.6,0.42,0.45,2026-08-26,0622,N,nominal,2.0NRT,282.38,3.97,D
25.08438,99.15491,327.82,0.52,0.42,2026-08-26,0627,N,low,2.0NRT,298.77,4.62,D
25.04068,98.47852,327.55,0.57,0.43,2026-08-26,0627,N,low,2.0NRT,298.31,7.39,D
26.56616,101.67531,334.03,0.4,0.37,2026-08-26,0627,N,low,2.0NRT,304.85,9.64,D
26.56954,101.67468,333.67,0.4,0.37,2026-08-26,0627,N,low,2.0NRT,301.86,8.27,D
26.57156,101.66585,331.66,0.4,0.37,2026-08-26,0627,N,low,2.0NRT,304.82,5.19,D
26.5756,101.66928,338.5,0.4,0.37,2026-08-26,0627,N,low,2.0NRT,302.93,6.71,D
28.28423,101.94744,332.66,0.39,0.36,2026-08-26,0627,N,nominal,2.0NRT,293.79,2.77,D
28.49959,97.02323,333.15,0.4,0.44,2026-08-26,0627,N,nominal,2.0NRT,295.27,3.98,D
28.49955,97.02465,329.5,0.4,0.44,2026-08-26,0627,N,nominal,2.0NRT,293.85,4.07,D
8.54511,80.56976,330.72,0.41,0.37,2026-08-26,0801,N,nominal,2.0NRT,293.93,4.23,D
8.69024,80.84766,336.1,0.4,0.37,2026-08-26,0801,N,low,2.0NRT,298.49,4.04,D
8.66969,80.53839,341.19,0.41,0.37,2026-08-26,0801,N,low,2.0NRT,299.17,11.4,D
8.77482,80.87483,340.62,0.4,0.37,2026-08-26,0801,N,low,2.0NRT,296.31,6.12,D
8.87628,80.67516,349.07,0.4,0.37,2026-08-26,0801,N,low,2.0NRT,295.63,21.83,D
8.99618,80.83887,341.16,0.4,0.37,2026-08-26,0801,N,low,2.0NRT,300.2,7.74,D
9.00604,80.68044,342.47,0.4,0.37,2026-08-26,0801,N,nominal,2.0NRT,296.42,7.86,D
9.04064,80.67525,336.15,0.4,0.37,2026-08-26,0801,N,nominal,2.0NRT,297.39,4.64,D
9.07845,80.47284,330.08,0.41,0.37,2026-08-26,0801,N,low,2.0NRT,293.53,1.79,D
9.15012,80.21935,335.19,0.42,0.37,2026-08-26,0801,N,low,2.0NRT,296.34,6.6,D
9.34108,80.16885,334.89,0.42,0.37,2026-08-26,0801,N,low,2.0NRT,299.04,4.26,D
9.38904,78.88414,334.56,0.47,0.4,2026-08-26,0801,N,low,2.0NRT,299.26,5.44,D
9.38948,78.88505,336.31,0.47,0.4,2026-08-26,0801,N,low,2.0NRT,299.69,6.1,D
9.6447,79.92132,332.66,0.42,0.38,2026-08-26,0801,N,low,2.0NRT,297.66,4.9,D
9.80408,78.17467,337.02,0.5,0.41,2026-08-26,0801,N,nominal,2.0NRT,296.81,4,D
9.90871,78.08326,333.9,0.51,0.41,2026-08-26,0801,N,nominal,2.0NRT,295.44,5.83,D
9.90823,78.08034,333.85,0.51,0.41,2026-08-26,0801,N,nominal,2.0NRT,295.48,5.5,D
10.05334,77.95324,348.01,0.51,0.41,2026-08-26,0801,N,nominal,2.0NRT,296.96,10.17,D
12.13064,79.65323,333.44,0.41,0.37,2026-08-26,0801,N,low,2.0NRT,306.63,24.35,D
13.84194,79.25305,330.21,0.41,0.37,2026-08-26,0803,N,low,2.0NRT,296.56,5.29,D
14.25997,80.11976,330.87,0.39,0.36,2026-08-26,0803,N,low,2.0NRT,302.06,9.65,D
14.2594,80.11615,332.94,0.39,0.36,2026-08-26,0803,N,low,2.0NRT,301.84,5.44,D
15.17995,76.68201,334.96,0.51,0.41,2026-08-26,0803,N,nominal,2.0NRT,296.78,3.33,D
15.90841,79.10486,332.68,0.4,0.37,2026-08-26,0803,N,low,2.0NRT,300.64,3.57,D
16.40065,79.36692,335.87,0.39,0.36,2026-08-26,0803,N,nominal,2.0NRT,297.3,4.44,D
17.95717,80.79728,333.75,0.39,0.36,2026-08-26,0803,N,nominal,2.0NRT,296.44,3.39,D
18.54734,74.17914,332.83,0.42,0.45,2026-08-26,0803,N,nominal,2.0NRT,294.44,5.43,D
21.74366,83.84032,332.06,0.53,0.42,2026-08-26,0805,N,nominal,2.0NRT,291.1,5.71,D
21.74819,83.84499,338.5,0.53,0.42,2026-08-26,0805,N,nominal,2.0NRT,294.05,5.71,D
21.75594,83.84392,339.67,0.53,0.42,2026-08-26,0805,N,nominal,2.0NRT,293.25,10.06,D
22.35679,82.30565,330.32,0.45,0.39,2026-08-26,0805,N,nominal,2.0NRT,295.09,5.19,D
21.10306,72.64542,336.67,0.47,0.48,2026-08-26,0805,N,nominal,2.0NRT,293.41,4.7,D
21.10126,72.63638,355.87,0.47,0.48,2026-08-26,0805,N,nominal,2.0NRT,294.3,11.1,D
25.21213,68.3015,334.66,0.36,0.57,2026-08-26,0805,N,nominal,2.0NRT,299.45,2.42,D
26.53106,68.25273,331.86,0.34,0.56,2026-08-26,0807,N,low,2.0NRT,303.06,1.97,D
28.51605,68.00181,336.73,0.32,0.55,2026-08-26,0807,N,nominal,2.0NRT,301.55,1.59,D
28.51536,68.00385,338.07,0.32,0.55,2026-08-26,0807,N,nominal,2.0NRT,301.92,1.93,D
28.52324,67.90106,342.58,0.32,0.55,2026-08-26,0807,N,nominal,2.0NRT,301.03,2.54,D
30.37266,73.89281,332.4,0.44,0.38,2026-08-26,0807,N,low,2.0NRT,302.55,4.26,D
30.37163,73.89048,336.49,0.44,0.38,2026-08-26,0807,N,nominal,2.0NRT,302.65,4.25,D
31.608,74.33546,330.73,0.41,0.37,2026-08-26,0807,N,low,2.0NRT,304.78,3.2,D
32.5758,72.56439,333.08,0.46,0.39,2026-08-26,0807,N,low,2.0NRT,305.2,4.02,D
33.57693,74.22216,330.71,0.4,0.37,2026-08-26,0807,N,nominal,2.0NRT,299.53,2.99,D
38.42616,69.11572,340.33,0.53,0.42,2026-08-26,0809,N,low,2.0NRT,313.21,6.04,D
38.04957,67.26441,350.4,0.44,0.46,2026-08-26,0809,N,low,2.0NRT,325.18,21.44,D
37.0338,62.41454,355.03,0.41,0.61,2026-08-26,0809,N,nominal,2.0NRT,316.87,16.81,D
37.11373,62.36433,341.08,0.41,0.61,2026-08-26,0809,N,low,2.0NRT,315.81,7.25,D
37.1191,62.36205,347.66,0.41,0.61,2026-08-26,0809,N,nominal,2.0NRT,317.05,7.25,D
37.07094,60.84274,334.71,0.49,0.65,2026-08-26,0809,N,low,2.0NRT,308.99,2.11,D
37.60895,62.01571,356.01,0.41,0.61,2026-08-26,0809,N,nominal,2.0NRT,310.48,5.26,D
37.61435,62.01343,335.88,0.41,0.61,2026-08-26,0809,N,nominal,2.0NRT,309.62,3.01,D
37.41401,60.08638,355.73,0.53,0.67,2026-08-26,0809,N,nominal,2.0NRT,316.53,12.36,D
37.41233,60.08063,343.05,0.53,0.67,2026-08-26,0809,N,nominal,2.0NRT,313.88,6.06,D
37.41345,60.0876,348.8,0.53,0.67,2026-08-26,0809,N,nominal,2.0NRT,315.26,6.81,D
37.41175,60.08186,348.78,0.53,0.67,2026-08-26,0809,N,nominal,2.0NRT,314.75,6.81,D
20.37515,55.9345,350.59,0.4,0.37,2026-08-26,0945,N,nominal,2.0NRT,319.38,3.05,D
21.31237,57.74618,349.14,0.48,0.4,2026-08-26,0945,N,low,2.0NRT,319.46,5.42,D
21.32045,57.72125,347.32,0.48,0.4,2026-08-26,0945,N,low,2.0NRT,320.11,1.95,D
22.29265,56.52676,350.99,0.44,0.38,2026-08-26,0945,N,low,2.0NRT,322.94,2.19,D
22.40453,56.98938,347.03,0.46,0.39,2026-08-26,0945,N,low,2.0NRT,321.18,2.58,D
22.44263,56.70136,351.05,0.45,0.39,2026-08-26,0945,N,low,2.0NRT,324.48,22.12,D
22.87781,55.92716,352.42,0.42,0.38,2026-08-26,0945,N,low,2.0NRT,322.7,9.5,D
22.87157,55.6135,349.09,0.41,0.37,2026-08-26,0945,N,low,2.0NRT,322.39,1.4,D
23.27808,54.25918,351.98,0.39,0.36,2026-08-26,0947,N,low,2.0NRT,325.85,16.77,D
24.50621,56.60757,343.06,0.46,0.39,2026-08-26,0947,N,low,2.0NRT,313.65,20.31,D
25.30591,56.3726,332.81,0.46,0.39,2026-08-26,0947,N,low,2.0NRT,306.62,2.95,D
27.15912,56.10149,349.45,0.47,0.4,2026-08-26,0947,N,nominal,2.0NRT,313.23,16.99,D
27.16823,56.05671,341.59,0.47,0.39,2026-08-26,0947,N,low,2.0NRT,312.68,14.14,D
27.16762,56.05201,343.27,0.46,0.39,2026-08-26,0947,N,nominal,2.0NRT,313.05,14.23,D
28.16265,55.77308,351.38,0.46,0.39,2026-08-26,0947,N,low,2.0NRT,323.09,5.03,D
29.98778,55.85621,345.93,0.49,0.4,2026-08-26,0949,N,nominal,2.0NRT,320.04,22.55,D
35.75634,60.93473,354.56,0.36,0.57,2026-08-26,0949,N,nominal,2.0NRT,315.69,3.46,D
35.76011,60.93666,355.97,0.36,0.57,2026-08-26,0949,N,nominal,2.0NRT,316.58,5.42,D
37.03073,62.42043,348.95,0.44,0.62,2026-08-26,0949,N,nominal,2.0NRT,315.82,12.77,D
37.1158,62.36401,342.77,0.44,0.62,2026-08-26,0949,N,low,2.0NRT,316.35,10.41,D
37.11523,62.36611,346.35,0.44,0.62,2026-08-26,0949,N,nominal,2.0NRT,317.49,6.67,D
37.12106,62.36574,350.44,0.44,0.62,2026-08-26,0949,N,nominal,2.0NRT,316.25,6.67,D
36.94515,54.89092,335.54,0.52,0.42,2026-08-26,0949,N,nominal,2.0NRT,304.87,3.72,D
37.4101,60.08336,367,0.33,0.55,2026-08-26,0952,N,high,2.0NRT,321.33,15.02,D
37.40986,60.07955,367,0.33,0.55,2026-08-26,0952,N,high,2.0NRT,318.56,9.14,D
37.39223,55.48428,335.71,0.57,0.43,2026-08-26,0952,N,low,2.0NRT,307.91,2.1,D
37.41811,55.46074,335.83,0.56,0.43,2026-08-26,0952,N,low,2.0NRT,309.8,4.1,D
37.42034,55.46565,338.96,0.57,0.43,2026-08-26,0952,N,low,2.0NRT,310.85,4.8,D
38.26125,61.35493,343.8,0.4,0.6,2026-08-26,0952,N,low,2.0NRT,316.28,7.57,D
39.31152,55.90549,343.78,0.42,0.45,2026-08-26,0952,N,nominal,2.0NRT,311.93,8.34,D
39.356,55.75154,367,0.41,0.45,2026-08-26,0952,N,high,2.0NRT,317.15,11.26,D
39.35553,55.74675,345.63,0.41,0.45,2026-08-26,0952,N,nominal,2.0NRT,315.78,6.07,D
7.81514,99.80331,329.7,0.4,0.37,2026-08-26,1856,N,nominal,2.0NRT,293.12,3.47,N
7.81177,99.8028,310,0.4,0.37,2026-08-26,1856,N,nominal,2.0NRT,292.8,1.18,N
7.56978,99.62471,309.64,0.4,0.37,2026-08-26,1856,N,nominal,2.0NRT,292.41,1.07,N
6.98629,100.6218,309.78,0.38,0.36,2026-08-26,1856,N,nominal,2.0NRT,292.5,1.16,N
6.86025,100.83969,309.99,0.38,0.36,2026-08-26,1856,N,nominal,2.0NRT,293.19,1.17,N
30.06765,96.97842,305.39,0.33,0.55,2026-08-26,1849,N,nominal,2.0NRT,286.67,1.22,N
26.9662,100.35813,305.9,0.38,0.44,2026-08-26,1851,N,nominal,2.0NRT,286.2,1.31,N
26.62267,101.59635,331.93,0.49,0.4,2026-08-26,1851,N,nominal,2.0NRT,289.07,10.41,N
26.61896,101.59561,331.86,0.49,0.4,2026-08-26,1851,N,nominal,2.0NRT,289.31,10.41,N
24.92307,92.52792,297.19,0.55,0.68,2026-08-26,1851,N,nominal,2.0NRT,284.62,4.53,N
22.47516,91.73235,303.45,0.58,0.7,2026-08-26,1851,N,nominal,2.0NRT,282.54,3.27,N
15.68362,78.45876,306.97,0.39,0.36,2026-08-26,2036,N,nominal,2.0NRT,292.66,0.94,N
15.01486,79.80273,316.21,0.43,0.38,2026-08-26,2036,N,nominal,2.0NRT,292.67,4.81,N
15.33239,76.28411,306.46,0.4,0.37,2026-08-26,2036,N,nominal,2.0NRT,287.96,0.93,N
15.17826,77.10178,302.31,0.39,0.36,2026-08-26,2036,N,nominal,2.0NRT,285.43,0.81,N
38.05103,67.26063,367,0.68,0.74,2026-08-26,2029,N,high,2.0NRT,292.96,10.52,N
15.17495,77.10123,306.08,0.39,0.36,2026-08-26,2036,N,nominal,2.0NRT,287.24,0.81,N
15.02314,78.01447,308.69,0.39,0.36,2026-08-26,2036,N,nominal,2.0NRT,280.87,1.12,N
38.0509,67.26822,299.94,0.68,0.74,2026-08-26,2029,N,nominal,2.0NRT,289.9,10.52,N
15.30111,76.21888,304.95,0.4,0.37,2026-08-26,2036,N,nominal,2.0NRT,289.96,0.69,N
35.97722,79.17194,296.85,0.46,0.39,2026-08-26,2029,N,nominal,2.0NRT,274.87,0.62,N
15.1731,76.78556,304.39,0.39,0.36,2026-08-26,2036,N,nominal,2.0NRT,291.16,0.82,N
35.96835,68.68652,304.54,0.55,0.68,2026-08-26,2029,N,nominal,2.0NRT,292.26,1.57,N
15.18476,76.66579,311.2,0.39,0.36,2026-08-26,2036,N,nominal,2.0NRT,290.28,1.57,N
15.18143,76.66524,326.3,0.39,0.36,2026-08-26,2036,N,nominal,2.0NRT,290.26,1.57,N
33.40668,71.93626,315.38,0.34,0.56,2026-08-26,2032,N,nominal,2.0NRT,295.4,0.93,N
15.18476,76.64362,304.82,0.39,0.36,2026-08-26,2036,N,nominal,2.0NRT,289.85,0.6,N
33.40617,71.93729,314.78,0.34,0.56,2026-08-26,2032,N,nominal,2.0NRT,295.31,0.77,N
33.29676,71.18489,312.33,0.38,0.58,2026-08-26,2032,N,nominal,2.0NRT,293.68,1.05,N
15.18088,76.66885,306.97,0.39,0.36,2026-08-26,2036,N,nominal,2.0NRT,290.26,2.45,N
32.88788,71.61542,314.24,0.35,0.57,2026-08-26,2032,N,nominal,2.0NRT,297.12,1.4,N
15.17922,76.67965,309.1,0.39,0.36,2026-08-26,2036,N,nominal,2.0NRT,291.74,1.91,N
32.57602,72.56142,308.57,0.62,0.54,2026-08-26,2032,N,nominal,2.0NRT,297.06,4.27,N
15.17733,76.67619,328.74,0.39,0.36,2026-08-26,2036,N,nominal,2.0NRT,292.52,3.51,N
32.29348,70.72976,309.52,0.39,0.59,2026-08-26,2032,N,nominal,2.0NRT,294.09,2.39,N
15.17453,76.69421,316.22,0.39,0.36,2026-08-26,2036,N,nominal,2.0NRT,290.04,1.32,N
29.92137,74.95252,298.99,0.42,0.45,2026-08-26,2032,N,nominal,2.0NRT,282.32,0.96,N
15.17736,76.65406,327.76,0.39,0.36,2026-08-26,2036,N,nominal,2.0NRT,291.09,2.93,N
29.39776,70.99824,307.06,0.35,0.57,2026-08-26,2032,N,nominal,2.0NRT,296.18,0.46,N
15.1768,76.65766,332.51,0.39,0.36,2026-08-26,2036,N,nominal,2.0NRT,290.69,2.93,N
23.69875,87.09306,301.23,0.52,0.5,2026-08-26,2034,N,nominal,2.0NRT,285.24,2.02,N
15.17624,76.66125,304.34,0.39,0.36,2026-08-26,2036,N,nominal,2.0NRT,288.3,1.72,N
23.79604,86.28603,299.33,0.46,0.47,2026-08-26,2034,N,nominal,2.0NRT,285.08,1.39,N
15.1712,76.69366,302.91,0.39,0.36,2026-08-26,2036,N,nominal,2.0NRT,287.77,1.32,N
23.79305,86.23392,297.85,0.46,0.47,2026-08-26,2034,N,nominal,2.0NRT,284.98,3.42,N
15.17403,76.65352,310.22,0.39,0.36,2026-08-26,2036,N,nominal,2.0NRT,286.79,1,N
23.56083,87.22818,300.7,0.53,0.5,2026-08-26,2034,N,nominal,2.0NRT,280.42,2.21,N
15.17348,76.65711,311.66,0.39,0.36,2026-08-26,2036,N,nominal,2.0NRT,287.35,1,N
23.55976,87.23328,304.51,0.53,0.5,2026-08-26,2034,N,nominal,2.0NRT,285.34,2.46,N
15.16791,76.67098,309.55,0.39,0.36,2026-08-26,2036,N,nominal,2.0NRT,285.83,1.47,N
23.61457,86.79169,311.36,0.5,0.49,2026-08-26,2034,N,nominal,2.0NRT,287.95,3.56,N
15.16735,76.6746,304.85,0.39,0.36,2026-08-26,2036,N,nominal,2.0NRT,285.55,0.5,N
15.17149,76.38216,301.43,0.39,0.36,2026-08-26,2036,N,nominal,2.0NRT,288.15,0.46,N
23.61321,86.7896,311.97,0.5,0.49,2026-08-26,2034,N,nominal,2.0NRT,287.72,3.11,N
15.16815,76.38161,308.5,0.39,0.36,2026-08-26,2036,N,nominal,2.0NRT,288.52,1.39,N
23.12196,70.08334,311,0.34,0.56,2026-08-26,2034,N,nominal,2.0NRT,290.15,1.48,N
15.0046,77.00061,310.42,0.39,0.36,2026-08-26,2036,N,nominal,2.0NRT,292.26,0.69,N
20.86715,84.99306,303.85,0.43,0.46,2026-08-26,2034,N,nominal,2.0NRT,281.88,2.21,N
13.8324,79.25771,300.63,0.42,0.37,2026-08-26,2036,N,nominal,2.0NRT,283.62,0.19,N
20.86633,84.99726,302.62,0.43,0.46,2026-08-26,2034,N,nominal,2.0NRT,282.26,1.86,N
13.70935,79.61942,304.18,0.43,0.38,2026-08-26,2036,N,nominal,2.0NRT,281.75,0.92,N
20.86377,84.98796,331.05,0.43,0.46,2026-08-26,2034,N,nominal,2.0NRT,283.25,2.41,N
20.86296,84.99215,308.93,0.43,0.46,2026-08-26,2034,N,nominal,2.0NRT,281.55,2.41,N
13.62073,78.48496,299.89,0.4,0.37,2026-08-26,2036,N,nominal,2.0NRT,281.72,0.4,N
20.79388,85.25462,303.84,0.45,0.47,2026-08-26,2034,N,nominal,2.0NRT,286.57,1.13,N
11.81618,77.91673,315.08,0.4,0.37,2026-08-26,2038,N,nominal,2.0NRT,286.24,2.03,N
20.79303,85.25893,302.21,0.45,0.47,2026-08-26,2034,N,nominal,2.0NRT,287.06,1.13,N
11.80979,77.00835,302.99,0.38,0.36,2026-08-26,2038,N,nominal,2.0NRT,272.49,0.44,N
20.78876,85.25801,301.02,0.45,0.47,2026-08-26,2034,N,nominal,2.0NRT,286.65,1.13,N
11.2694,80.00464,310.68,0.47,0.4,2026-08-26,2038,N,nominal,2.0NRT,285.63,1.4,N
22.9245,69.82229,301.64,0.35,0.57,2026-08-26,2034,N,nominal,2.0NRT,290.12,1.76,N
11.18108,79.10128,303.57,0.43,0.38,2026-08-26,2038,N,nominal,2.0NRT,285.73,0.43,N
22.92565,69.82343,303.65,0.35,0.57,2026-08-26,2034,N,nominal,2.0NRT,290.14,0.67,N
18.95733,73.94366,324.36,0.53,0.42,2026-08-26,2036,N,nominal,2.0NRT,290,2.23,N
18.68391,73.0312,312.29,0.39,0.44,2026-08-26,2036,N,nominal,2.0NRT,291.47,2.8,N
18.68293,73.03869,308.16,0.39,0.44,2026-08-26,2036,N,nominal,2.0NRT,291.72,2.52,N
16.63467,74.34213,301.82,0.47,0.4,2026-08-26,2036,N,nominal,2.0NRT,290.9,0.52,N
38.6817,65.9853,310.74,0.8,0.78,2026-08-26,2029,N,nominal,2.0NRT,289.66,1.97,N
32.29206,70.73114,305.52,0.56,0.69,2026-08-26,2212,N,nominal,2.0NRT,292.87,2.11,N
33.75302,59.14592,322.89,0.41,0.37,2026-08-26,2212,N,nominal,2.0NRT,289.09,2.05,N
39.8843,66.31017,312.87,0.43,0.46,2026-08-26,2210,N,nominal,2.0NRT,287.17,1.17,N
38.39853,69.11398,305.27,0.32,0.55,2026-08-26,2210,N,nominal,2.0NRT,292.6,0.84,N
39.18801,65.28943,305.23,0.39,0.44,2026-08-26,2210,N,nominal,2.0NRT,295.13,1.07,N
33.62942,59.16882,301.56,0.41,0.37,2026-08-26,2212,N,nominal,2.0NRT,290.86,0.99,N
39.18314,65.31178,306.69,0.4,0.44,2026-08-26,2210,N,nominal,2.0NRT,291.7,0.7,N
39.33746,63.23638,304.67,0.48,0.4,2026-08-26,2210,N,nominal,2.0NRT,292.49,0.51,N
39.33814,63.24046,304.56,0.48,0.4,2026-08-26,2210,N,nominal,2.0NRT,292.52,1,N
38.68317,65.98685,314.83,0.44,0.46,2026-08-26,2210,N,nominal,2.0NRT,289.66,1.36,N
39.28414,63.0493,309.09,0.47,0.4,2026-08-26,2210,N,nominal,2.0NRT,290.9,0.94,N
39.25055,63.21734,300.91,0.48,0.4,2026-08-26,2210,N,nominal,2.0NRT,290.27,0.35,N
39.97222,58.93453,311.9,0.38,0.36,2026-08-26,2210,N,nominal,2.0NRT,292.61,1.19,N
39.17119,63.25405,301.48,0.48,0.4,2026-08-26,2210,N,nominal,2.0NRT,291.2,1.05,N
39.16757,63.25285,307.29,0.48,0.4,2026-08-26,2210,N,nominal,2.0NRT,290.83,1.45,N
39.16648,63.25835,304.89,0.48,0.4,2026-08-26,2210,N,nominal,2.0NRT,290.73,1.45,N
39.16538,63.26385,302.18,0.48,0.4,2026-08-26,2210,N,nominal,2.0NRT,290.67,0.57,N
39.15435,63.31897,303.41,0.49,0.4,2026-08-26,2210,N,nominal,2.0NRT,290.83,0.89,N
39.10627,63.40366,301.49,0.49,0.4,2026-08-26,2210,N,nominal,2.0NRT,288.98,0.51,N
39.11612,63.33583,305.02,0.49,0.4,2026-08-26,2210,N,nominal,2.0NRT,291.03,1.09,N
39.08672,63.48073,300.62,0.5,0.41,2026-08-26,2210,N,nominal,2.0NRT,289.24,0.53,N
39.0169,63.70598,306.38,0.51,0.41,2026-08-26,2210,N,nominal,2.0NRT,292.6,0.73,N
39.01748,63.70535,308.63,0.51,0.41,2026-08-26,2210,N,nominal,2.0NRT,292.79,1.05,N
39.05413,63.44495,305.55,0.49,0.41,2026-08-26,2210,N,nominal,2.0NRT,289.47,0.89,N
39.00445,63.53657,305.37,0.5,0.41,2026-08-26,2210,N,nominal,2.0NRT,289.02,0.99,N
38.95652,63.75255,303.47,0.51,0.41,2026-08-26,2210,N,nominal,2.0NRT,293.3,0.74,N
38.97281,63.65356,301.78,0.51,0.41,2026-08-26,2210,N,nominal,2.0NRT,291.48,0.85,N
38.96462,63.69369,306.5,0.51,0.41,2026-08-26,2210,N,nominal,2.0NRT,291.08,1.12,N
38.97563,63.46676,305.43,0.5,0.41,2026-08-26,2210,N,nominal,2.0NRT,292.6,1.37,N
38.35424,66.314,301.39,0.46,0.47,2026-08-26,2210,N,nominal,2.0NRT,289.57,0.75,N
38.8367,63.8166,305.44,0.52,0.41,2026-08-26,2210,N,nominal,2.0NRT,291.02,0.89,N
39.78251,58.49485,304.32,0.38,0.36,2026-08-26,2210,N,nominal,2.0NRT,291.8,0.56,N
32.92302,60.23282,307.14,0.45,0.39,2026-08-26,2212,N,nominal,2.0NRT,291.85,1,N
38.05098,67.26454,309.32,0.52,0.5,2026-08-26,2210,N,nominal,2.0NRT,290.47,1.41,N
33.2684,57.54259,300.1,0.39,0.36,2026-08-26,2212,N,nominal,2.0NRT,289.3,0.4,N
38.65253,63.97945,305.73,0.53,0.42,2026-08-26,2210,N,nominal,2.0NRT,290.68,0.97,N
33.04137,56.84746,318.56,0.38,0.36,2026-08-26,2212,N,nominal,2.0NRT,296.76,1.95,N
33.04073,56.85153,310.17,0.38,0.36,2026-08-26,2212,N,nominal,2.0NRT,295.38,0.88,N
38.12936,64.67594,311.07,0.39,0.44,2026-08-26,2210,N,nominal,2.0NRT,291.52,0.8,N
38.05061,64.90349,303.03,0.4,0.44,2026-08-26,2210,N,nominal,2.0NRT,289.93,0.58,N
37.76628,65.42963,301.65,0.43,0.46,2026-08-26,2210,N,nominal,2.0NRT,291.08,0.41,N
37.75712,65.49189,300.44,0.43,0.46,2026-08-26,2210,N,nominal,2.0NRT,290.1,0.29,N
39.51086,54.33017,313.27,0.48,0.4,2026-08-26,2210,N,nominal,2.0NRT,300.14,3.49,N
37.99063,61.87977,309.93,0.45,0.39,2026-08-26,2210,N,nominal,2.0NRT,292.39,1.19,N
32.33569,54.08731,312.28,0.42,0.38,2026-08-26,2212,N,nominal,2.0NRT,293.49,1.5,N
37.79951,62.55174,304.77,0.48,0.4,2026-08-26,2210,N,nominal,2.0NRT,290.22,0.87,N
37.79591,62.55062,313.57,0.48,0.4,2026-08-26,2210,N,nominal,2.0NRT,289.79,1.74,N
37.7908,62.53772,300.78,0.48,0.4,2026-08-26,2210,N,nominal,2.0NRT,289.73,1.35,N
37.7872,62.5366,318.7,0.48,0.4,2026-08-26,2210,N,nominal,2.0NRT,290.26,1.35,N
37.77711,62.10086,302.38,0.46,0.39,2026-08-26,2210,N,nominal,2.0NRT,290.9,0.65,N
37.7757,62.03012,305.23,0.46,0.39,2026-08-26,2210,N,nominal,2.0NRT,289.49,0.66,N
37.84499,61.60649,301.9,0.44,0.38,2026-08-26,2210,N,nominal,2.0NRT,291.73,0.54,N
37.74543,62.12915,307.79,0.46,0.39,2026-08-26,2210,N,nominal,2.0NRT,290.78,1.68,N
37.74116,62.07358,304.77,0.46,0.39,2026-08-26,2210,N,nominal,2.0NRT,290.13,1.04,N
37.7256,62.09591,321.49,0.46,0.39,2026-08-26,2210,N,nominal,2.0NRT,291.97,2.52,N
37.74949,61.85628,299.87,0.45,0.39,2026-08-26,2210,N,nominal,2.0NRT,289.21,0.5,N
37.74791,61.84518,299.91,0.45,0.39,2026-08-26,2210,N,nominal,2.0NRT,289.25,1.73,N
37.6716,62.23772,309.1,0.47,0.39,2026-08-26,2210,N,nominal,2.0NRT,290.62,1.75,N
37.6599,62.23961,302.03,0.47,0.39,2026-08-26,2210,N,nominal,2.0NRT,290.43,0.89,N
37.79594,61.49664,311.64,0.44,0.38,2026-08-26,2210,N,nominal,2.0NRT,293.99,1.26,N
37.65504,62.242,298.5,0.47,0.39,2026-08-26,2210,N,nominal,2.0NRT,288.07,0.74,N
37.63968,62.20427,306.82,0.46,0.39,2026-08-26,2210,N,nominal,2.0NRT,290.62,0.79,N
37.627,62.21134,306.89,0.47,0.39,2026-08-26,2210,N,nominal,2.0NRT,292.67,1.25,N
37.6279,62.16776,302.29,0.46,0.39,2026-08-26,2210,N,nominal,2.0NRT,289.12,0.94,N
37.6269,62.17292,303.27,0.46,0.39,2026-08-26,2210,N,nominal,2.0NRT,291.48,1.23,N
37.62423,62.12841,301.98,0.46,0.39,2026-08-26,2210,N,nominal,2.0NRT,291.89,0.72,N
37.62224,62.13871,312.57,0.46,0.39,2026-08-26,2210,N,nominal,2.0NRT,293.29,1.5,N
31.94098,54.04728,323.71,0.42,0.37,2026-08-26,2212,N,nominal,2.0NRT,295.58,2.22,N
37.61869,62.13762,315.73,0.46,0.39,2026-08-26,2210,N,nominal,2.0NRT,293.62,1.95,N
31.88346,54.42707,306.77,0.41,0.37,2026-08-26,2212,N,nominal,2.0NRT,295.63,1.67,N
38.85177,54.23112,307.44,0.47,0.4,2026-08-26,2210,N,nominal,2.0NRT,295.49,0.74,N
37.6559,61.90603,317.99,0.45,0.39,2026-08-26,2210,N,nominal,2.0NRT,292.84,1.91,N
31.89283,54.23908,302.33,0.41,0.37,2026-08-26,2214,N,nominal,2.0NRT,291.92,0.57,N
38.25541,58.39107,311.9,0.38,0.36,2026-08-26,2210,N,nominal,2.0NRT,297.32,2.26,N
31.7053,55.4487,311.7,0.39,0.36,2026-08-26,2214,N,nominal,2.0NRT,299.37,1.68,N
37.62895,61.72568,304.79,0.45,0.39,2026-08-26,2210,N,nominal,2.0NRT,290.69,0.3,N
37.5562,61.93231,303.85,0.46,0.39,2026-08-26,2210,N,nominal,2.0NRT,291.28,0.57,N
37.61116,61.60501,326.75,0.44,0.39,2026-08-26,2210,N,nominal,2.0NRT,296.69,2.51,N
37.61023,61.60995,306.23,0.44,0.39,2026-08-26,2210,N,nominal,2.0NRT,290.95,2.51,N
37.61327,61.57439,306.51,0.44,0.39,2026-08-26,2210,N,nominal,2.0NRT,292.83,1.05,N
37.61234,61.57932,305.3,0.44,0.39,2026-08-26,2210,N,nominal,2.0NRT,293.78,1.05,N
37.60886,61.57828,307.81,0.44,0.39,2026-08-26,2210,N,nominal,2.0NRT,294.31,2.28,N
38.22083,57.98579,302.38,0.38,0.36,2026-08-26,2210,N,nominal,2.0NRT,291.12,0.77,N
38.22015,57.99014,309.95,0.38,0.36,2026-08-26,2210,N,nominal,2.0NRT,294.09,0.77,N
38.19594,58.10167,324.93,0.38,0.36,2026-08-26,2210,N,nominal,2.0NRT,294.18,2.23,N
38.15001,58.39276,308.47,0.38,0.36,2026-08-26,2210,N,nominal,2.0NRT,294.18,1.37,N
31.43448,56.49024,303.49,0.38,0.36,2026-08-26,2214,N,nominal,2.0NRT,290.06,0.58,N
37.59773,61.55937,311.74,0.44,0.38,2026-08-26,2210,N,nominal,2.0NRT,292.57,1.57,N
38.26061,57.66027,311.43,0.39,0.36,2026-08-26,2210,N,nominal,2.0NRT,298.07,1.68,N
31.62453,54.74381,311.55,0.4,0.37,2026-08-26,2214,N,nominal,2.0NRT,295.59,1.38,N
37.59637,61.52781,318.68,0.44,0.38,2026-08-26,2210,N,nominal,2.0NRT,291.79,1.75,N
31.62363,54.7264,312.33,0.4,0.37,2026-08-26,2214,N,nominal,2.0NRT,295.08,1.78,N
37.58984,61.56222,304.24,0.44,0.38,2026-08-26,2210,N,nominal,2.0NRT,293.23,1.09,N
37.59289,61.52678,324.2,0.44,0.38,2026-08-26,2210,N,nominal,2.0NRT,293.73,1.75,N
38.25268,57.66744,309.6,0.39,0.36,2026-08-26,2210,N,nominal,2.0NRT,296.95,0.7,N
38.19355,58.05135,315.54,0.38,0.36,2026-08-26,2210,N,nominal,2.0NRT,294.53,1.54,N
37.59196,61.53168,301.83,0.44,0.38,2026-08-26,2210,N,nominal,2.0NRT,290.8,1.75,N
37.58636,61.56118,312.67,0.44,0.38,2026-08-26,2210,N,nominal,2.0NRT,293.63,1.09,N
37.58287,61.56014,320.21,0.44,0.38,2026-08-26,2210,N,nominal,2.0NRT,294.26,1.49,N
37.50006,61.99061,305.96,0.46,0.39,2026-08-26,2210,N,nominal,2.0NRT,291.03,1.06,N
37.5794,61.55911,302.14,0.44,0.38,2026-08-26,2210,N,nominal,2.0NRT,291.85,1.49,N
37.42547,62.31287,302.09,0.47,0.4,2026-08-26,2210,N,nominal,2.0NRT,288.69,0.39,N
37.42579,62.31149,301.59,0.47,0.4,2026-08-26,2210,N,nominal,2.0NRT,288.75,0.58,N
37.47993,62.0099,305.56,0.46,0.39,2026-08-26,2210,N,nominal,2.0NRT,291.3,1.04,N
37.42221,62.31038,299.94,0.47,0.4,2026-08-26,2210,N,nominal,2.0NRT,288.44,0.58,N
38.68249,54.31621,317.65,0.47,0.4,2026-08-26,2210,N,nominal,2.0NRT,297,1.27,N
38.67886,54.31548,312.8,0.47,0.4,2026-08-26,2210,N,nominal,2.0NRT,295.51,0.93,N
37.4993,61.84925,313.76,0.45,0.39,2026-08-26,2210,N,nominal,2.0NRT,293.86,1.41,N
37.49578,61.8482,315.78,0.45,0.39,2026-08-26,2210,N,nominal,2.0NRT,294.79,1.41,N
37.44491,62.07518,302.34,0.46,0.39,2026-08-26,2210,N,nominal,2.0NRT,289.57,0.87,N
37.39405,62.3184,301.39,0.47,0.4,2026-08-26,2210,N,nominal,2.0NRT,289.85,0.49,N
30.75525,56.65866,323.54,0.39,0.36,2026-08-26,2214,N,nominal,2.0NRT,294,1.41,N
38.64947,54.28203,332.04,0.47,0.4,2026-08-26,2210,N,nominal,2.0NRT,297.97,2.93,N
30.75589,56.65467,307.25,0.39,0.36,2026-08-26,2214,N,nominal,2.0NRT,294.33,1.41,N
38.06377,58.31417,302.11,0.38,0.36,2026-08-26,2210,N,nominal,2.0NRT,291.67,0.84,N
30.66659,56.62009,318.64,0.39,0.36,2026-08-26,2214,N,nominal,2.0NRT,291.02,1.54,N
37.94875,58.58915,305.2,0.38,0.36,2026-08-26,2210,N,nominal,2.0NRT,293.15,0.58,N
37.94239,58.56495,321.66,0.38,0.36,2026-08-26,2210,N,nominal,2.0NRT,295.84,2.01,N
37.62413,60.43991,306.3,0.41,0.37,2026-08-26,2210,N,nominal,2.0NRT,291.31,0.61,N
37.63529,60.33747,319.01,0.41,0.37,2026-08-26,2210,N,nominal,2.0NRT,291.21,1.46,N
37.63448,60.34203,304.37,0.41,0.37,2026-08-26,2210,N,nominal,2.0NRT,291.97,1.07,N
37.51271,61.01585,307.6,0.43,0.38,2026-08-26,2210,N,nominal,2.0NRT,292.49,0.91,N
37.61882,60.39034,306.75,0.41,0.37,2026-08-26,2210,N,nominal,2.0NRT,291.75,0.89,N
37.50412,61.02335,308.2,0.43,0.38,2026-08-26,2210,N,nominal,2.0NRT,291.93,0.72,N
37.34876,61.36628,310.46,0.44,0.38,2026-08-26,2210,N,nominal,2.0NRT,291.85,1.56,N
37.48581,60.4612,302.17,0.41,0.37,2026-08-26,2210,N,nominal,2.0NRT,288.55,0.64,N
37.11924,62.3651,324.99,0.48,0.4,2026-08-26,2210,N,nominal,2.0NRT,293.32,3.79,N
30.36874,56.12777,310.76,0.38,0.36,2026-08-26,2214,N,nominal,2.0NRT,291.95,1.19,N
37.11564,62.36399,322.68,0.48,0.4,2026-08-26,2210,N,nominal,2.0NRT,292.86,3.79,N
30.23466,56.90926,323.78,0.39,0.36,2026-08-26,2214,N,nominal,2.0NRT,294.25,2.03,N
37.82811,58.3844,319.32,0.38,0.36,2026-08-26,2210,N,nominal,2.0NRT,293.87,1.49,N
37.30654,61.12206,301.08,0.43,0.38,2026-08-26,2210,N,nominal,2.0NRT,289.36,1.11,N
30.32535,56.22906,306.72,0.38,0.36,2026-08-26,2214,N,nominal,2.0NRT,289.84,0.66,N
37.03405,62.41576,310.72,0.48,0.4,2026-08-26,2210,N,nominal,2.0NRT,292.76,2.63,N
37.03299,62.42111,311.23,0.48,0.4,2026-08-26,2210,N,nominal,2.0NRT,293.87,3.97,N
30.37992,55.86417,313.23,0.38,0.36,2026-08-26,2214,N,nominal,2.0NRT,291.99,1.04,N
37.21848,60.02182,328.13,0.4,0.37,2026-08-26,2212,N,nominal,2.0NRT,292.82,2.38,N
37.45259,57.68579,307.84,0.38,0.36,2026-08-26,2212,N,nominal,2.0NRT,291.6,1.22,N
29.47694,60.80862,305.97,0.54,0.42,2026-08-26,2214,N,nominal,2.0NRT,291.11,1.11,N
37.34147,58.04684,305.03,0.38,0.36,2026-08-26,2212,N,nominal,2.0NRT,289.39,0.97,N
36.47644,61.62305,306.64,0.46,0.39,2026-08-26,2212,N,nominal,2.0NRT,291.87,2.7,N
36.44036,61.2183,310.22,0.44,0.39,2026-08-26,2212,N,nominal,2.0NRT,293.17,1.49,N
30.32252,55.97215,312.84,0.38,0.36,2026-08-26,2214,N,nominal,2.0NRT,291.23,0.74,N
36.47686,59.74632,305.14,0.4,0.37,2026-08-26,2212,N,nominal,2.0NRT,290.28,0.77,N
36.99209,56.2315,305.09,0.4,0.37,2026-08-26,2212,N,nominal,2.0NRT,290.77,0.69,N
36.4955,59.33641,314.29,0.4,0.37,2026-08-26,2212,N,nominal,2.0NRT,289.76,0.66,N
37.0788,55.53986,301.85,0.41,0.37,2026-08-26,2212,N,nominal,2.0NRT,291.49,0.51,N
30.21536,55.98336,301.71,0.38,0.36,2026-08-26,2214,N,nominal,2.0NRT,289.59,1.33,N
30.21473,55.98731,307.84,0.38,0.36,2026-08-26,2214,N,nominal,2.0NRT,290.14,0.63,N
36.27156,59.6498,309.2,0.4,0.37,2026-08-26,2212,N,nominal,2.0NRT,292.33,0.86,N
36.23596,59.73323,299.36,0.41,0.37,2026-08-26,2212,N,nominal,2.0NRT,289.16,0.61,N
36.94681,54.888,328.08,0.43,0.38,2026-08-26,2212,N,nominal,2.0NRT,295.87,4.38,N
33.27002,71.31249,321.14,0.56,0.69,2026-08-26,2212,N,nominal,2.0NRT,291.23,2.72,N
33.2675,71.31137,320.75,0.57,0.69,2026-08-26,2212,N,nominal,2.0NRT,291.57,2.25,N
29.94791,56.73426,298.63,0.39,0.36,2026-08-26,2214,N,nominal,2.0NRT,288.13,0.65,N
32.88802,71.61938,305.79,0.6,0.71,2026-08-26,2212,N,nominal,2.0NRT,292.02,2.92,N
35.86369,57.99888,315.27,0.38,0.36,2026-08-26,2212,N,nominal,2.0NRT,289,1.11,N
29.92744,56.734,331.14,0.39,0.36,2026-08-26,2214,N,nominal,2.0NRT,293.2,3.53,N
36.29899,54.78621,308.38,0.43,0.38,2026-08-26,2212,N,nominal,2.0NRT,293.77,0.67,N
36.29552,54.78545,304.1,0.43,0.38,2026-08-26,2212,N,nominal,2.0NRT,293.16,0.67,N
36.32328,54.18742,301.29,0.45,0.39,2026-08-26,2212,N,nominal,2.0NRT,289.01,0.51,N
30.08315,55.39847,331.75,0.39,0.36,2026-08-26,2214,N,nominal,2.0NRT,294.39,5.76,N
35.36681,59.30672,312.4,0.4,0.37,2026-08-26,2212,N,nominal,2.0NRT,289.17,0.76,N
35.31657,59.48866,303.19,0.41,0.37,2026-08-26,2212,N,nominal,2.0NRT,291.51,0.86,N
29.98784,55.8559,326.2,0.38,0.36,2026-08-26,2214,N,nominal,2.0NRT,291.69,6.29,N
29.9885,55.85202,309.25,0.38,0.36,2026-08-26,2214,N,nominal,2.0NRT,286.48,6.29,N
29.98584,55.8474,296.09,0.38,0.36,2026-08-26,2214,N,nominal,2.0NRT,285.41,0.36,N
29.98131,55.85459,298.3,0.38,0.36,2026-08-26,2214,N,nominal,2.0NRT,288.05,0.73,N
29.9956,55.19777,306.71,0.39,0.36,2026-08-26,2214,N,nominal,2.0NRT,289.9,0.88,N
29.81088,55.75227,315.69,0.38,0.36,2026-08-26,2214,N,nominal,2.0NRT,290.22,0.93,N
29.69927,55.53547,302.62,0.38,0.36,2026-08-26,2214,N,nominal,2.0NRT,289.57,0.78,N
29.51197,55.79868,301.13,0.38,0.36,2026-08-26,2214,N,nominal,2.0NRT,289.78,0.45,N
29.15215,55.36802,317.94,0.38,0.36,2026-08-26,2214,N,nominal,2.0NRT,293.24,1.5,N
29.13355,55.38092,308.67,0.38,0.36,2026-08-26,2214,N,nominal,2.0NRT,293.87,1.65,N
29.20262,54.48331,304.19,0.39,0.36,2026-08-26,2214,N,nominal,2.0NRT,288.94,0.9,N
29.17247,54.61648,313.06,0.39,0.36,2026-08-26,2214,N,nominal,2.0NRT,294.57,1.28,N
28.64458,54.39703,302.78,0.39,0.36,2026-08-26,2214,N,nominal,2.0NRT,290.3,0.56,N
27.42444,56.50171,310.66,0.4,0.37,2026-08-26,2214,N,nominal,2.0NRT,300.62,1.12,N
27.42111,56.50101,320.66,0.4,0.37,2026-08-26,2214,N,nominal,2.0NRT,300.65,1.12,N
27.30343,56.30574,314.19,0.39,0.36,2026-08-26,2214,N,nominal,2.0NRT,300.83,0.83,N
27.16864,56.09748,328.09,0.39,0.36,2026-08-26,2214,N,nominal,2.0NRT,302.54,2.39,N
27.17176,56.05774,323.18,0.39,0.36,2026-08-26,2214,N,nominal,2.0NRT,302.01,1.66,N
27.16909,56.05315,331.22,0.39,0.36,2026-08-26,2214,N,nominal,2.0NRT,302.89,1.66,N
27.16844,56.05705,325.29,0.39,0.36,2026-08-26,2214,N,nominal,2.0NRT,301.52,1.66,N
27.16136,56.10002,339.37,0.39,0.36,2026-08-26,2214,N,nominal,2.0NRT,302.8,3.46,N
27.16071,56.10393,326.97,0.39,0.36,2026-08-26,2214,N,nominal,2.0NRT,302.32,3.46,N
27.16191,56.0759,314.58,0.39,0.36,2026-08-26,2214,N,nominal,2.0NRT,301.38,1.35,N
27.1455,56.11292,322.08,0.39,0.36,2026-08-26,2214,N,nominal,2.0NRT,301.41,1.58,N
26.95673,55.54247,316.11,0.39,0.36,2026-08-26,2214,N,nominal,2.0NRT,303.22,1.07,N
25.97397,56.0717,322.62,0.39,0.37,2026-08-26,2214,N,nominal,2.0NRT,305.5,1.11,N
25.97462,56.0678,313.5,0.39,0.37,2026-08-26,2214,N,nominal,2.0NRT,303.48,1.11,N
25.90385,54.53141,318.29,0.38,0.36,2026-08-26,2214,N,nominal,2.0NRT,301.27,0.68,N
25.57019,55.98886,315.36,0.4,0.37,2026-08-26,2214,N,nominal,2.0NRT,303.9,1.12,N
25.55684,55.98612,314.46,0.4,0.37,2026-08-26,2214,N,nominal,2.0NRT,303.56,1.13,N
25.70238,54.30239,320.58,0.39,0.36,2026-08-26,2214,N,nominal,2.0NRT,299.41,6.39,N
25.30971,56.37259,322.7,0.4,0.37,2026-08-26,2214,N,nominal,2.0NRT,301.71,2.35,N
25.15617,55.24087,315.94,0.39,0.36,2026-08-26,2214,N,nominal,2.0NRT,303.65,1.2,N
24.9903,55.62775,329.84,0.39,0.36,2026-08-26,2214,N,nominal,2.0NRT,304.63,1.88,N
24.50766,56.60619,331.89,0.42,0.37,2026-08-26,2214,N,nominal,2.0NRT,302.34,3.53,N
24.50695,56.61026,314.8,0.42,0.37,2026-08-26,2214,N,nominal,2.0NRT,302.32,1.94,N
24.50424,56.60549,335.82,0.42,0.37,2026-08-26,2214,N,nominal,2.0NRT,303.81,3.53,N
24.50637,56.5933,317.49,0.42,0.37,2026-08-26,2214,N,nominal,2.0NRT,303.1,1.37,N
24.50353,56.60955,312.83,0.42,0.37,2026-08-26,2214,N,nominal,2.0NRT,301.34,1.94,N
24.47171,56.63373,315.61,0.42,0.37,2026-08-26,2214,N,nominal,2.0NRT,301.09,1.08,N
24.45361,56.55405,312,0.41,0.37,2026-08-26,2214,N,nominal,2.0NRT,301.7,1.81,N
24.33022,54.47124,315.92,0.38,0.36,2026-08-26,2214,N,nominal,2.0NRT,292.9,2.96,N
24.00333,55.44025,317.23,0.39,0.36,2026-08-26,2214,N,nominal,2.0NRT,303.88,1.82,N
23.36664,56.28077,321.45,0.42,0.37,2026-08-26,2216,N,nominal,2.0NRT,302.44,1.89,N
22.65778,59.40765,311.09,0.39,0.44,2026-08-26,2216,N,nominal,2.0NRT,300.33,1.04,N
23.1918,55.45683,331.16,0.4,0.37,2026-08-26,2216,N,nominal,2.0NRT,303.58,2.02,N
23.31229,54.17804,340.85,0.38,0.36,2026-08-26,2216,N,nominal,2.0NRT,303.78,3.85,N
23.27883,54.26017,331.79,0.38,0.36,2026-08-26,2216,N,nominal,2.0NRT,303.62,2.16,N
23.27943,54.25644,314.44,0.38,0.36,2026-08-26,2216,N,nominal,2.0NRT,303.76,2.16,N
22.92606,55.80379,317.99,0.41,0.37,2026-08-26,2216,N,nominal,2.0NRT,301.81,1.34,N
22.88079,55.92513,315.73,0.41,0.37,2026-08-26,2216,N,nominal,2.0NRT,300.99,0.81,N
22.8774,55.92446,335.72,0.41,0.37,2026-08-26,2216,N,nominal,2.0NRT,302.21,4.38,N
22.87383,55.61298,329.6,0.4,0.37,2026-08-26,2216,N,nominal,2.0NRT,300.86,2.48,N
22.87317,55.61686,319.67,0.4,0.37,2026-08-26,2216,N,nominal,2.0NRT,299.97,0.94,N
22.407,56.98977,331.69,0.45,0.39,2026-08-26,2216,N,nominal,2.0NRT,299.82,3.27,N
22.44368,56.70082,326.53,0.44,0.38,2026-08-26,2216,N,nominal,2.0NRT,300.37,2.47,N
22.44019,56.70011,310.77,0.44,0.38,2026-08-26,2216,N,nominal,2.0NRT,299.2,2.47,N
22.32785,56.49012,332.75,0.43,0.38,2026-08-26,2216,N,nominal,2.0NRT,300.72,3.5,N
22.32725,56.47277,328.51,0.43,0.38,2026-08-26,2216,N,nominal,2.0NRT,300.54,1.95,N
21.93803,57.07311,337.06,0.46,0.39,2026-08-26,2216,N,nominal,2.0NRT,298.09,3.91,N
21.89163,56.84885,320.64,0.45,0.39,2026-08-26,2216,N,nominal,2.0NRT,299.51,1.6,N
21.83441,56.67927,322.86,0.44,0.39,2026-08-26,2216,N,nominal,2.0NRT,299.84,1.41,N
21.66349,56.41233,310.13,0.44,0.38,2026-08-26,2216,N,nominal,2.0NRT,299.37,0.85,N
21.33349,57.72184,312.23,0.5,0.41,2026-08-26,2216,N,nominal,2.0NRT,295.21,1.18,N
21.32144,57.7243,315.14,0.5,0.41,2026-08-26,2216,N,nominal,2.0NRT,295.27,1.29,N
21.31422,57.74273,317.76,0.5,0.41,2026-08-26,2216,N,nominal,2.0NRT,295.14,1.7,N
21.31334,57.74754,318.59,0.5,0.41,2026-08-26,2216,N,nominal,2.0NRT,295.02,1.7,N
21.30365,57.80068,312.7,0.51,0.41,2026-08-26,2216,N,nominal,2.0NRT,295.49,0.76,N
21.30961,57.74676,304.9,0.5,0.41,2026-08-26,2216,N,nominal,2.0NRT,294.54,1.7,N
21.29866,57.67981,307.45,0.5,0.41,2026-08-26,2216,N,nominal,2.0NRT,294.65,0.68,N
21.33325,56.69981,336.53,0.45,0.39,2026-08-26,2216,N,nominal,2.0NRT,303.6,10.42,N
21.0008,56.53328,330.71,0.45,0.39,2026-08-26,2216,N,nominal,2.0NRT,299.42,3.45,N
20.55979,56.42105,307.21,0.45,0.39,2026-08-26,2216,N,nominal,2.0NRT,296.82,0.45,N
20.39003,55.66331,326.33,0.42,0.38,2026-08-26,2216,N,nominal,2.0NRT,298.89,1.68,N
20.38659,55.66264,311.71,0.42,0.38,2026-08-26,2216,N,nominal,2.0NRT,297.65,1.68,N
20.38588,55.64602,327.54,0.42,0.38,2026-08-26,2216,N,nominal,2.0NRT,298.46,1.91,N
20.21207,55.71308,323.56,0.42,0.38,2026-08-26,2216,N,nominal,2.0NRT,297.56,1.74,N
18.56124,55.86861,314.81,0.45,0.39,2026-08-26,2216,N,nominal,2.0NRT,294.87,1.1,N
18.55697,55.87212,304.15,0.45,0.39,2026-08-26,2216,N,nominal,2.0NRT,293.9,0.52,N
18.32213,55.1067,339.2,0.42,0.38,2026-08-26,2216,N,nominal,2.0NRT,299.95,3.2,N
18.02254,54.5735,337.26,0.41,0.37,2026-08-26,2216,N,nominal,2.0NRT,300.33,7.08,N
18.01915,54.57288,338.41,0.41,0.37,2026-08-26,2216,N,nominal,2.0NRT,297.81,4.46,N
18.01576,54.57225,323.48,0.41,0.37,2026-08-26,2216,N,nominal,2.0NRT,300.59,4.46,N
18.01238,54.57163,333.98,0.41,0.37,2026-08-26,2216,N,nominal,2.0NRT,302.43,13.21,N
8.07855,100.08775,326.57,0.61,0.71,2026-08-27,0601,N,nominal,2.0NRT,290.06,3.78,D
14.09212,100.48013,336.47,0.45,0.63,2026-08-27,0603,N,nominal,2.0NRT,285.59,3.98,D
14.06006,100.31904,330.56,0.46,0.64,2026-08-27,0603,N,nominal,2.0NRT,286.91,3.23,D
14.09137,100.48029,329.79,0.45,0.63,2026-08-27,0603,N,nominal,2.0NRT,285.66,3.88,D
14.06403,100.31846,331.44,0.46,0.64,2026-08-27,0603,N,nominal,2.0NRT,284.38,3.23,D
14.09055,100.29948,326.08,0.46,0.64,2026-08-27,0603,N,nominal,2.0NRT,285.5,3.23,D
14.24481,100.67041,326.3,0.43,0.62,2026-08-27,0603,N,nominal,2.0NRT,276.54,3.06,D
14.24398,100.66638,326.66,0.43,0.62,2026-08-27,0603,N,nominal,2.0NRT,277.81,3.06,D
14.44419,100.01112,337.41,0.47,0.64,2026-08-27,0603,N,nominal,2.0NRT,287.13,5.29,D
14.99915,100.05308,339.27,0.46,0.64,2026-08-27,0603,N,nominal,2.0NRT,276.55,4.61,D
15.00497,100.05183,334.42,0.46,0.64,2026-08-27,0603,N,nominal,2.0NRT,277.79,4.61,D
15.109,100.32335,331.9,0.44,0.62,2026-08-27,0603,N,nominal,2.0NRT,282.82,1.88,D
15.3038,100.16104,341.5,0.45,0.63,2026-08-27,0603,N,nominal,2.0NRT,282.38,4.59,D
15.30373,100.16323,340.54,0.45,0.63,2026-08-27,0603,N,nominal,2.0NRT,282.5,7.21,D
15.91309,100.9536,332.46,0.39,0.59,2026-08-27,0603,N,nominal,2.0NRT,284.14,4.8,D
15.91241,100.9502,333.47,0.39,0.59,2026-08-27,0603,N,nominal,2.0NRT,283.92,3.73,D
15.913,100.95095,348.98,0.39,0.59,2026-08-27,0603,N,nominal,2.0NRT,284.36,5.33,D
15.79633,100.19299,339.48,0.44,0.62,2026-08-27,0603,N,nominal,2.0NRT,283.03,5.21,D
15.80202,100.19176,340.24,0.44,0.62,2026-08-27,0603,N,nominal,2.0NRT,282.67,5.21,D
15.98163,100.24985,328.82,0.43,0.62,2026-08-27,0603,N,nominal,2.0NRT,284.26,3.2,D
15.97742,100.25082,335.63,0.43,0.62,2026-08-27,0603,N,nominal,2.0NRT,283.67,3.81,D
16.04255,100.36514,335.17,0.42,0.61,2026-08-27,0603,N,nominal,2.0NRT,282.33,6.33,D
16.05692,100.34971,328.35,0.42,0.61,2026-08-27,0603,N,nominal,2.0NRT,282.27,1.98,D
16.07719,100.06798,326.51,0.44,0.62,2026-08-27,0603,N,nominal,2.0NRT,280.91,4.46,D
17.07961,99.95151,326.85,0.43,0.62,2026-08-27,0603,N,nominal,2.0NRT,284.76,4.36,D
26.56434,101.67622,330.19,0.44,0.46,2026-08-27,0605,N,low,2.0NRT,303.91,9.73,D
26.57608,101.66905,339.11,0.44,0.46,2026-08-27,0605,N,nominal,2.0NRT,300.02,4.32,D
26.57513,101.66429,339.78,0.44,0.46,2026-08-27,0605,N,nominal,2.0NRT,296.93,4.32,D
5.54704,95.50107,336.4,0.59,0.52,2026-08-27,0741,N,nominal,2.0NRT,297.39,5.38,D
5.54497,95.49859,343.54,0.59,0.53,2026-08-27,0741,N,nominal,2.0NRT,299.28,7.2,D
7.47004,81.04136,346.12,0.47,0.48,2026-08-27,0741,N,nominal,2.0NRT,296.41,9.14,D
7.60005,81.70477,330.28,0.43,0.46,2026-08-27,0741,N,nominal,2.0NRT,296.53,4.67,D
7.62258,80.95859,334.5,0.48,0.48,2026-08-27,0741,N,nominal,2.0NRT,291.98,1.45,D
7.93105,81.38248,331.54,0.44,0.46,2026-08-27,0741,N,nominal,2.0NRT,299.2,3.19,D
7.93412,81.38229,340.78,0.44,0.46,2026-08-27,0741,N,nominal,2.0NRT,299.88,4.3,D
7.93437,81.33264,334.16,0.44,0.46,2026-08-27,0741,N,nominal,2.0NRT,299.4,3.31,D
7.93113,81.2623,347.38,0.45,0.47,2026-08-27,0741,N,nominal,2.0NRT,296.46,8.43,D
7.72983,79.9324,335.01,0.55,0.51,2026-08-27,0741,N,nominal,2.0NRT,289.15,6.21,D
8.07976,81.34676,341.29,0.44,0.46,2026-08-27,0741,N,nominal,2.0NRT,297.32,3.62,D
8.16389,81.33283,331.58,0.44,0.46,2026-08-27,0741,N,nominal,2.0NRT,297.15,2.9,D
8.18388,81.21734,335.58,0.45,0.47,2026-08-27,0741,N,nominal,2.0NRT,295.36,3.52,D
8.18319,81.21323,333.47,0.45,0.47,2026-08-27,0741,N,nominal,2.0NRT,297.42,4.85,D
8.18817,81.2166,332.07,0.45,0.47,2026-08-27,0741,N,nominal,2.0NRT,296.28,2.87,D
8.39403,81.18223,333.39,0.45,0.47,2026-08-27,0741,N,nominal,2.0NRT,292.71,2.83,D
8.49397,80.63341,341.23,0.48,0.48,2026-08-27,0741,N,nominal,2.0NRT,292.78,4.77,D
8.92234,80.68958,340.84,0.47,0.48,2026-08-27,0744,N,nominal,2.0NRT,287.91,5.85,D
8.90006,80.48241,343.34,0.49,0.48,2026-08-27,0744,N,nominal,2.0NRT,287.95,5.58,D
8.53767,77.95551,330.37,0.37,0.58,2026-08-27,0744,N,nominal,2.0NRT,291.3,2.88,D
8.53706,77.95217,335.66,0.37,0.58,2026-08-27,0744,N,nominal,2.0NRT,291.67,2.88,D
9.13851,80.74121,330.75,0.46,0.47,2026-08-27,0744,N,nominal,2.0NRT,296.36,5.95,D
9.38627,80.50593,341.96,0.48,0.48,2026-08-27,0744,N,nominal,2.0NRT,296.78,3.62,D
8.93558,77.80733,336.01,0.37,0.58,2026-08-27,0744,N,nominal,2.0NRT,294.19,2.63,D
9.4147,80.41617,330.97,0.48,0.48,2026-08-27,0744,N,nominal,2.0NRT,295.31,2.19,D
9.42552,80.37328,340.3,0.49,0.48,2026-08-27,0744,N,nominal,2.0NRT,295.98,7.33,D
9.45494,80.49021,344.21,0.48,0.48,2026-08-27,0744,N,nominal,2.0NRT,295.5,5.54,D
9.30486,78.81577,336.81,0.62,0.54,2026-08-27,0744,N,nominal,2.0NRT,296.38,6.54,D
9.13252,77.84334,338.51,0.36,0.58,2026-08-27,0744,N,nominal,2.0NRT,296.56,3.68,D
9.30457,78.81348,334.81,0.62,0.54,2026-08-27,0744,N,nominal,2.0NRT,296.26,0.98,D
9.1307,77.84574,335.59,0.36,0.58,2026-08-27,0744,N,nominal,2.0NRT,296.02,4.28,D
9.13009,77.84245,341.07,0.36,0.58,2026-08-27,0744,N,nominal,2.0NRT,296.5,4.92,D
9.20093,77.46384,331.96,0.38,0.59,2026-08-27,0744,N,nominal,2.0NRT,295.68,1.61,D
9.9931,79.18903,333.06,0.57,0.52,2026-08-27,0744,N,nominal,2.0NRT,295.75,1.7,D
9.91843,77.93557,335.55,0.35,0.56,2026-08-27,0744,N,nominal,2.0NRT,294.03,2.57,D
10.02469,78.36389,334.84,0.32,0.55,2026-08-27,0744,N,nominal,2.0NRT,295.39,2.55,D
10.28012,78.98431,339.64,0.58,0.52,2026-08-27,0744,N,nominal,2.0NRT,296.95,7.07,D
10.99141,78.89906,338.6,0.57,0.52,2026-08-27,0744,N,nominal,2.0NRT,298.76,10.52,D
10.87787,77.24078,330.18,0.37,0.58,2026-08-27,0744,N,nominal,2.0NRT,295.55,3.26,D
11.69187,79.39234,332.69,0.52,0.5,2026-08-27,0744,N,nominal,2.0NRT,295.48,1.98,D
12.19828,79.71751,331.74,0.48,0.48,2026-08-27,0744,N,nominal,2.0NRT,293.89,2.89,D
17.64342,74.69589,335.54,0.41,0.61,2026-08-27,0746,N,nominal,2.0NRT,291.34,4.07,D
20.78782,85.26209,335.01,0.39,0.36,2026-08-27,0746,N,nominal,2.0NRT,289.15,1.55,D
20.86458,84.98833,338.21,0.39,0.36,2026-08-27,0746,N,nominal,2.0NRT,293.29,4.15,D
20.884,84.98126,330.65,0.39,0.36,2026-08-27,0746,N,nominal,2.0NRT,295.69,2.97,D
27.26775,88.31142,332.2,0.4,0.44,2026-08-27,0748,N,nominal,2.0NRT,278.62,4.19,D
26.63397,70.38496,340.33,0.49,0.65,2026-08-27,0748,N,nominal,2.0NRT,300.41,3.37,D
26.63018,70.38756,336.05,0.49,0.65,2026-08-27,0748,N,nominal,2.0NRT,299.79,4.07,D
27.73219,68.73432,334.98,0.57,0.69,2026-08-27,0748,N,nominal,2.0NRT,295.92,6.08,D
28.4669,67.90577,339.32,0.61,0.71,2026-08-27,0750,N,nominal,2.0NRT,299.77,4.53,D
29.70477,72.60225,337.54,0.62,0.54,2026-08-27,0750,N,nominal,2.0NRT,293.84,4.11,D
29.47649,70.75252,330.8,0.4,0.6,2026-08-27,0750,N,nominal,2.0NRT,299.04,2.16,D
30.60386,74.03584,337.14,0.49,0.48,2026-08-27,0750,N,nominal,2.0NRT,298.61,3.14,D
30.69802,74.17593,330.82,0.48,0.48,2026-08-27,0750,N,low,2.0NRT,300.88,3.07,D
31.39734,72.43457,343.26,0.58,0.52,2026-08-27,0750,N,nominal,2.0NRT,299.32,6.59,D
31.39786,72.4391,334.97,0.58,0.52,2026-08-27,0750,N,nominal,2.0NRT,299.15,5.73,D
31.39647,72.43313,330.38,0.58,0.52,2026-08-27,0750,N,nominal,2.0NRT,298.4,5.73,D
31.4112,72.16735,336.49,0.6,0.53,2026-08-27,0750,N,nominal,2.0NRT,298.2,4.74,D
31.45704,72.16631,341.89,0.6,0.53,2026-08-27,0750,N,nominal,2.0NRT,298.62,8.53,D
39.51966,76.84339,340.05,0.4,0.37,2026-08-27,0752,N,nominal,2.0NRT,309.81,3.42,D
39.52462,76.85172,347.78,0.4,0.37,2026-08-27,0752,N,nominal,2.0NRT,315.45,11.07,D
39.52301,76.84243,344.58,0.4,0.37,2026-08-27,0752,N,nominal,2.0NRT,313.1,7.11,D
39.5415,76.23886,344.93,0.42,0.38,2026-08-27,0752,N,nominal,2.0NRT,312.8,4.79,D
38.04996,67.2649,367,0.38,0.59,2026-08-27,0752,N,high,2.0NRT,323.02,17.83,D
37.03358,62.41341,340.96,0.71,0.75,2026-08-27,0752,N,low,2.0NRT,313.61,15.35,D
37.03177,62.41329,341.72,0.71,0.75,2026-08-27,0752,N,nominal,2.0NRT,313.61,15.29,D
37.11475,62.36303,338.06,0.71,0.75,2026-08-27,0752,N,low,2.0NRT,311.8,12.24,D
39.72873,66.91973,350.99,0.36,0.57,2026-08-27,0752,N,nominal,2.0NRT,308.99,9.01,D
39.72763,66.91566,350.24,0.36,0.57,2026-08-27,0752,N,nominal,2.0NRT,307.27,7.56,D
38.26112,61.35088,367,0.74,0.76,2026-08-27,0752,N,high,2.0NRT,313.72,30.46,D
38.25845,61.34271,355.28,0.74,0.76,2026-08-27,0752,N,nominal,2.0NRT,314.34,26.19,D
38.26508,61.3392,367,0.74,0.76,2026-08-27,0752,N,high,2.0NRT,316.8,29.36,D
38.26458,61.34883,367,0.74,0.76,2026-08-27,0752,N,high,2.0NRT,315.04,35.01,D
38.26187,61.34066,350.47,0.74,0.76,2026-08-27,0752,N,nominal,2.0NRT,316.89,35.01,D
39.79701,64.96152,367,0.45,0.63,2026-08-27,0752,N,high,2.0NRT,317.16,15.1,D
25.05237,67.49464,330.32,0.35,0.57,2026-08-27,0928,N,low,2.0NRT,303.19,2.2,D
24.50896,54.01881,334.8,0.48,0.4,2026-08-27,0928,N,nominal,2.0NRT,305.14,2.14,D
25.30648,56.37431,330.47,0.4,0.37,2026-08-27,0928,N,low,2.0NRT,304.63,4.52,D
27.18834,67.158,337.06,0.36,0.57,2026-08-27,0928,N,low,2.0NRT,308.37,1.53,D
27.16755,56.09797,341.06,0.39,0.36,2026-08-27,0930,N,low,2.0NRT,315.13,11.94,D
30.17456,72.42779,331.62,0.78,0.78,2026-08-27,0930,N,nominal,2.0NRT,292.92,8.86,D
30.17446,72.42593,335.47,0.78,0.78,2026-08-27,0930,N,nominal,2.0NRT,292.53,7.18,D
37.03316,62.41826,348.96,0.48,0.48,2026-08-27,0932,N,nominal,2.0NRT,320.04,14.85,D
37.05667,60.93607,342.38,0.4,0.45,2026-08-27,0932,N,low,2.0NRT,317.31,4.64,D
37.22952,61.2122,341.23,0.42,0.45,2026-08-27,0932,N,low,2.0NRT,315.09,5,D
37.46663,60.40573,345.55,0.38,0.44,2026-08-27,0932,N,low,2.0NRT,316.92,14.63,D
37.80162,60.60104,346.15,0.4,0.44,2026-08-27,0932,N,low,2.0NRT,320.21,27.99,D
37.24641,55.6728,334.84,0.39,0.36,2026-08-27,0932,N,low,2.0NRT,306.75,3.47,D
38.26052,61.34546,367,0.44,0.46,2026-08-27,0932,N,high,2.0NRT,328.3,12.76,D
38.2648,61.34484,367,0.44,0.46,2026-08-27,0932,N,low,2.0NRT,325.84,12.76,D
38.26432,61.3398,367,0.44,0.46,2026-08-27,0932,N,low,2.0NRT,328.81,12.76,D
39.18986,63.47176,340.71,0.58,0.52,2026-08-27,0932,N,nominal,2.0NRT,311.38,6.3,D
38.69226,57.0006,348.52,0.43,0.38,2026-08-27,0932,N,nominal,2.0NRT,315.26,6.66,D
38.96388,56.40413,338.92,0.42,0.37,2026-08-27,0932,N,low,2.0NRT,313.91,7.05,D
38.96325,56.39932,347.84,0.42,0.37,2026-08-27,0932,N,nominal,2.0NRT,315.72,7.05,D
39.50915,54.32978,338.4,0.39,0.36,2026-08-27,0932,N,low,2.0NRT,311.63,4.14,D
26.96521,100.35764,304.65,0.37,0.58,2026-08-27,1832,N,nominal,2.0NRT,284.16,1.18,N
26.66754,100.19441,300.4,0.38,0.59,2026-08-27,1832,N,nominal,2.0NRT,286.14,0.81,N
25.5357,100.58095,299.66,0.35,0.57,2026-08-27,1832,N,nominal,2.0NRT,287.74,0.6,N
14.13565,100.20498,313.38,0.53,0.5,2026-08-27,1836,N,nominal,2.0NRT,283.41,2.31,N
39.86186,98.25341,306.22,0.52,0.5,2026-08-27,2010,N,nominal,2.0NRT,283.73,1.58,N
39.84272,98.27158,297.32,0.53,0.5,2026-08-27,2010,N,nominal,2.0NRT,283.98,0.87,N
39.84175,98.27747,304.18,0.53,0.5,2026-08-27,2010,N,nominal,2.0NRT,284.19,1.67,N
39.81376,98.29212,300.5,0.53,0.5,2026-08-27,2010,N,nominal,2.0NRT,284.99,2.17,N
39.8123,98.2982,300.59,0.53,0.5,2026-08-27,2010,N,nominal,2.0NRT,286.48,1.89,N
38.92303,88.3245,304.84,0.38,0.36,2026-08-27,2010,N,nominal,2.0NRT,293.05,1.06,N
37.30121,77.72136,297.69,0.33,0.55,2026-08-27,2010,N,nominal,2.0NRT,282.38,0.83,N
11.81603,77.91864,320.62,0.48,0.4,2026-08-27,2017,N,nominal,2.0NRT,290.36,2.43,N
11.81781,77.91653,311.73,0.48,0.4,2026-08-27,2017,N,nominal,2.0NRT,289.98,2.88,N
11.26739,80.00417,312.59,0.4,0.37,2026-08-27,2017,N,nominal,2.0NRT,289.69,1.56,N
11.18222,79.10208,304.71,0.42,0.38,2026-08-27,2017,N,nominal,2.0NRT,290.78,2.06,N
11.17704,79.08945,307.88,0.42,0.38,2026-08-27,2017,N,nominal,2.0NRT,291.52,1.27,N
11.10949,77.76649,309.44,0.48,0.4,2026-08-27,2017,N,nominal,2.0NRT,292.92,1.12,N
10.14528,78.35623,306.72,0.44,0.38,2026-08-27,2017,N,nominal,2.0NRT,293.87,0.73,N
9.49338,77.62221,302,0.47,0.4,2026-08-27,2017,N,nominal,2.0NRT,281.79,0.44,N
9.49335,77.62408,304.15,0.47,0.4,2026-08-27,2017,N,nominal,2.0NRT,283.83,0.45,N
8.99971,80.67416,308.64,0.38,0.36,2026-08-27,2017,N,nominal,2.0NRT,291.14,1.16,N
8.41052,80.75783,302.76,0.38,0.36,2026-08-27,2019,N,nominal,2.0NRT,286.31,0.38,N
8.40721,80.75729,303.08,0.38,0.36,2026-08-27,2019,N,nominal,2.0NRT,285.68,0.38,N
8.30766,77.63818,310.18,0.46,0.39,2026-08-27,2019,N,nominal,2.0NRT,293.28,1.33,N
8.30407,77.63763,313.44,0.46,0.39,2026-08-27,2019,N,nominal,2.0NRT,293.13,1.33,N
7.31323,80.94892,332.47,0.39,0.36,2026-08-27,2019,N,nominal,2.0NRT,287.52,3.94,N
7.31267,80.95242,316.66,0.39,0.36,2026-08-27,2019,N,nominal,2.0NRT,287.35,2.22,N
7.30991,80.94836,325.87,0.39,0.36,2026-08-27,2019,N,nominal,2.0NRT,287.3,1.88,N
7.30935,80.95189,304.57,0.39,0.36,2026-08-27,2019,N,nominal,2.0NRT,286.88,1.58,N
7.3066,80.94781,306.31,0.39,0.36,2026-08-27,2019,N,nominal,2.0NRT,286.08,1.88,N
6.8742,81.44757,306.05,0.39,0.36,2026-08-27,2019,N,nominal,2.0NRT,281.95,1.04,N
6.85014,81.04932,295.85,0.39,0.36,2026-08-27,2019,N,nominal,2.0NRT,271.53,0.66,N
29.08417,88.0132,300.12,0.42,0.37,2026-08-27,2014,N,nominal,2.0NRT,280.25,1.48,N
29.91529,74.9477,308.09,0.4,0.6,2026-08-27,2014,N,nominal,2.0NRT,292.96,1.59,N
29.91498,74.95193,306.17,0.4,0.6,2026-08-27,2014,N,nominal,2.0NRT,293,1.59,N
29.91002,74.94289,346.19,0.4,0.6,2026-08-27,2014,N,nominal,2.0NRT,292.71,12.52,N
29.90971,74.94712,350.51,0.4,0.6,2026-08-27,2014,N,nominal,2.0NRT,294.75,13.61,N
29.9094,74.95135,321.57,0.4,0.6,2026-08-27,2014,N,nominal,2.0NRT,293.15,13.61,N
29.91033,74.93867,305.44,0.4,0.6,2026-08-27,2014,N,nominal,2.0NRT,292.26,12.52,N
29.90909,74.95557,306.55,0.4,0.6,2026-08-27,2014,N,nominal,2.0NRT,292.96,2.25,N
29.457,76.86609,334.4,0.61,0.53,2026-08-27,2014,N,nominal,2.0NRT,289.84,7.66,N
25.81079,88.8863,303.34,0.49,0.4,2026-08-27,2014,N,nominal,2.0NRT,286.07,3.4,N
23.68629,87.12115,295.74,0.44,0.38,2026-08-27,2014,N,nominal,2.0NRT,261.37,0.41,N
23.66489,87.16066,304.31,0.44,0.38,2026-08-27,2014,N,nominal,2.0NRT,275.89,0.75,N
23.66214,87.15569,314.34,0.44,0.38,2026-08-27,2014,N,nominal,2.0NRT,274.6,2.08,N
23.56085,87.2383,327.01,0.44,0.38,2026-08-27,2014,N,nominal,2.0NRT,278.76,1.94,N
23.56009,87.24259,308.29,0.44,0.38,2026-08-27,2014,N,nominal,2.0NRT,278.93,1.94,N
23.55659,87.24186,305.1,0.44,0.38,2026-08-27,2014,N,nominal,2.0NRT,278.17,1.94,N
23.55232,87.24541,308.68,0.44,0.39,2026-08-27,2014,N,nominal,2.0NRT,275.15,0.54,N
23.54881,87.24468,296.44,0.44,0.39,2026-08-27,2014,N,nominal,2.0NRT,266.9,0.54,N
23.84105,85.30284,296.4,0.39,0.36,2026-08-27,2014,N,nominal,2.0NRT,270.04,0.35,N
23.69652,85.29062,304.11,0.39,0.36,2026-08-27,2014,N,nominal,2.0NRT,279.36,0.74,N
22.79055,86.20983,306.4,0.41,0.37,2026-08-27,2014,N,nominal,2.0NRT,278.4,1.08,N
22.78921,86.19717,327.01,0.41,0.37,2026-08-27,2014,N,nominal,2.0NRT,278.39,3.24,N
22.3763,87.27986,324.45,0.46,0.39,2026-08-27,2014,N,nominal,2.0NRT,287.22,3.31,N
22.3771,87.27546,307.83,0.46,0.39,2026-08-27,2014,N,nominal,2.0NRT,286.36,1.49,N
22.36518,87.3004,323.59,0.46,0.39,2026-08-27,2014,N,nominal,2.0NRT,287.19,3.88,N
22.3576,87.29176,305.77,0.46,0.39,2026-08-27,2014,N,nominal,2.0NRT,285.89,1.78,N
22.24742,87.38844,309.29,0.46,0.39,2026-08-27,2014,N,nominal,2.0NRT,285.15,1.81,N
22.38937,73.11508,295.06,0.43,0.62,2026-08-27,2017,N,nominal,2.0NRT,272.37,0.59,N
21.10433,72.64272,305.89,0.45,0.63,2026-08-27,2017,N,nominal,2.0NRT,264.87,2.66,N
17.95681,80.78843,308.3,0.42,0.37,2026-08-27,2017,N,nominal,2.0NRT,291.87,3.03,N
17.95565,80.79626,317.3,0.42,0.37,2026-08-27,2017,N,nominal,2.0NRT,291.82,2.91,N
17.46458,80.65409,319.97,0.42,0.37,2026-08-27,2017,N,nominal,2.0NRT,292.22,2.91,N
16.54488,79.75774,307.31,0.44,0.39,2026-08-27,2017,N,nominal,2.0NRT,293.17,3.09,N
15.84457,79.77414,312.68,0.44,0.38,2026-08-27,2017,N,nominal,2.0NRT,293.76,3.7,N
15.99257,78.3996,304.82,0.51,0.41,2026-08-27,2017,N,nominal,2.0NRT,283.96,1.89,N
15.33388,76.28443,306.14,0.44,0.46,2026-08-27,2019,N,nominal,2.0NRT,289.24,1.24,N
15.33447,76.2467,304.65,0.44,0.46,2026-08-27,2019,N,nominal,2.0NRT,290.98,0.65,N
15.17564,77.10123,299.95,0.39,0.44,2026-08-27,2019,N,nominal,2.0NRT,280.76,1.48,N
15.02335,78.01398,308.39,0.52,0.41,2026-08-27,2019,N,nominal,2.0NRT,285.12,2.22,N
15.17269,76.6937,297.01,0.41,0.45,2026-08-27,2019,N,nominal,2.0NRT,273.2,1.21,N
15.17371,76.65434,309.23,0.42,0.45,2026-08-27,2019,N,nominal,2.0NRT,285.98,2.19,N
15.07126,76.86606,302.03,0.4,0.44,2026-08-27,2019,N,nominal,2.0NRT,286.05,1.52,N
13.82483,79.2569,309.05,0.44,0.38,2026-08-27,2019,N,nominal,2.0NRT,292,1.07,N
13.70962,79.61949,310.51,0.42,0.38,2026-08-27,2019,N,nominal,2.0NRT,292.96,1.84,N
13.39244,80.10186,316.57,0.41,0.37,2026-08-27,2019,N,nominal,2.0NRT,295.63,2.51,N
31.4354,61.24392,312.64,0.38,0.36,2026-08-27,2153,N,nominal,2.0NRT,299.08,1.46,N
32.33347,54.08609,304.75,0.46,0.47,2026-08-27,2153,N,nominal,2.0NRT,289.97,1.38,N
28.42398,69.70206,310.73,0.32,0.55,2026-08-27,2153,N,nominal,2.0NRT,296.06,1.46,N
30.7557,56.65586,311.38,0.49,0.4,2026-08-27,2153,N,nominal,2.0NRT,294.3,2.74,N
30.15524,60.73639,311.25,0.38,0.36,2026-08-27,2153,N,nominal,2.0NRT,298.22,0.87,N
39.85358,66.19861,309.1,0.41,0.37,2026-08-27,2153,N,nominal,2.0NRT,293.63,1.15,N
39.84644,63.17105,326.05,0.38,0.36,2026-08-27,2153,N,nominal,2.0NRT,293.7,1.9,N
39.1844,65.31373,306.46,0.4,0.37,2026-08-27,2153,N,nominal,2.0NRT,292.75,0.79,N
39.18106,65.31275,308.2,0.4,0.37,2026-08-27,2153,N,nominal,2.0NRT,292.15,0.75,N
39.43219,62.99452,318.16,0.39,0.36,2026-08-27,2153,N,nominal,2.0NRT,293.07,1.37,N
39.97285,58.93494,305.5,0.49,0.4,2026-08-27,2153,N,nominal,2.0NRT,294.05,0.88,N
39.29109,63.39498,303.97,0.38,0.36,2026-08-27,2153,N,nominal,2.0NRT,290.54,0.59,N
39.30642,62.97386,305.93,0.39,0.36,2026-08-27,2153,N,nominal,2.0NRT,294.2,0.89,N
39.28494,63.04649,307.19,0.38,0.36,2026-08-27,2153,N,nominal,2.0NRT,292.17,0.81,N
39.28165,63.04564,308.81,0.38,0.36,2026-08-27,2153,N,nominal,2.0NRT,290.97,0.91,N
39.24895,63.2118,314.33,0.38,0.36,2026-08-27,2153,N,nominal,2.0NRT,292.44,1.29,N
39.24858,63.17037,303.6,0.38,0.36,2026-08-27,2153,N,nominal,2.0NRT,291.92,0.43,N
39.17724,63.57856,302.94,0.38,0.36,2026-08-27,2153,N,nominal,2.0NRT,290.25,0.58,N
39.20435,63.27826,304.18,0.38,0.36,2026-08-27,2153,N,nominal,2.0NRT,291.3,0.49,N
39.17945,63.35186,307.13,0.38,0.36,2026-08-27,2153,N,nominal,2.0NRT,292.15,0.71,N
39.1367,63.62044,305.22,0.38,0.36,2026-08-27,2153,N,nominal,2.0NRT,291.51,0.52,N
39.15732,63.46991,306.46,0.38,0.36,2026-08-27,2153,N,nominal,2.0NRT,292.2,0.78,N
39.17277,63.28593,308.87,0.38,0.36,2026-08-27,2153,N,nominal,2.0NRT,291.66,1,N
39.17207,63.29033,304.09,0.38,0.36,2026-08-27,2153,N,nominal,2.0NRT,291.85,0.31,N
39.1759,63.22254,303.45,0.38,0.36,2026-08-27,2153,N,nominal,2.0NRT,292.05,0.62,N
39.16777,63.25253,313.26,0.38,0.36,2026-08-27,2153,N,nominal,2.0NRT,291.68,1.24,N
39.16708,63.25694,309.25,0.38,0.36,2026-08-27,2153,N,nominal,2.0NRT,291.99,1.24,N
39.16638,63.26134,302.76,0.38,0.36,2026-08-27,2153,N,nominal,2.0NRT,292.04,0.5,N
39.15736,63.31859,312.53,0.38,0.36,2026-08-27,2153,N,nominal,2.0NRT,291.72,1.48,N
39.1631,63.26049,303.7,0.38,0.36,2026-08-27,2153,N,nominal,2.0NRT,292.17,0.5,N
39.12851,63.30651,313.61,0.38,0.36,2026-08-27,2153,N,nominal,2.0NRT,292.58,0.99,N
39.11708,63.33561,309.73,0.38,0.36,2026-08-27,2153,N,nominal,2.0NRT,291.74,0.83,N
39.10663,63.40162,303.61,0.38,0.36,2026-08-27,2153,N,nominal,2.0NRT,290.44,0.62,N
39.09378,63.4395,304.98,0.38,0.36,2026-08-27,2153,N,nominal,2.0NRT,291.14,0.58,N
39.08748,63.47908,306.08,0.38,0.36,2026-08-27,2153,N,nominal,2.0NRT,289.72,0.66,N
39.08538,63.49228,300.63,0.38,0.36,2026-08-27,2153,N,nominal,2.0NRT,289.93,0.73,N
39.08117,63.51867,300.95,0.38,0.36,2026-08-27,2153,N,nominal,2.0NRT,289.88,0.4,N
39.06914,63.38428,301.4,0.38,0.36,2026-08-27,2153,N,nominal,2.0NRT,290.52,0.64,N
39.0178,63.70526,306.44,0.38,0.36,2026-08-27,2153,N,nominal,2.0NRT,291.25,0.62,N
39.05608,63.44498,319.65,0.38,0.36,2026-08-27,2153,N,nominal,2.0NRT,291.36,1.44,N
38.94074,64.13518,305.39,0.39,0.36,2026-08-27,2153,N,nominal,2.0NRT,293.33,0.63,N
38.98555,63.58673,310.92,0.38,0.36,2026-08-27,2153,N,nominal,2.0NRT,291.72,0.81,N
38.96457,63.69571,310.01,0.38,0.36,2026-08-27,2153,N,nominal,2.0NRT,290.74,0.47,N
38.95533,63.75277,305.29,0.38,0.36,2026-08-27,2153,N,nominal,2.0NRT,291.25,0.6,N
38.97359,63.46915,318.98,0.38,0.36,2026-08-27,2153,N,nominal,2.0NRT,293.72,1.35,N
38.91137,63.79151,308.84,0.39,0.36,2026-08-27,2153,N,nominal,2.0NRT,290.65,0.76,N
38.87319,63.79725,310.44,0.39,0.36,2026-08-27,2153,N,nominal,2.0NRT,291.21,0.6,N
38.83863,63.82013,309.58,0.39,0.36,2026-08-27,2153,N,nominal,2.0NRT,290.51,0.96,N
38.83278,63.81398,304.81,0.39,0.36,2026-08-27,2153,N,nominal,2.0NRT,291.5,0.66,N
38.78523,63.91594,309.43,0.39,0.36,2026-08-27,2153,N,nominal,2.0NRT,290.85,0.73,N
38.45337,65.80639,307.16,0.42,0.37,2026-08-27,2153,N,nominal,2.0NRT,291.86,1.07,N
38.35183,66.31448,303.68,0.43,0.38,2026-08-27,2153,N,nominal,2.0NRT,292.65,0.79,N
38.35172,66.3127,304.29,0.43,0.38,2026-08-27,2153,N,nominal,2.0NRT,292.48,0.72,N
38.77522,63.81471,303.36,0.39,0.36,2026-08-27,2153,N,nominal,2.0NRT,291.93,0.67,N
38.65221,63.97899,313.56,0.39,0.36,2026-08-27,2153,N,nominal,2.0NRT,291.49,0.78,N
38.05093,67.26306,329.27,0.47,0.4,2026-08-27,2153,N,nominal,2.0NRT,293.76,4.7,N
38.40316,64.40967,299.59,0.39,0.36,2026-08-27,2153,N,nominal,2.0NRT,289.39,0.64,N
38.10972,65.48152,307.6,0.41,0.37,2026-08-27,2153,N,nominal,2.0NRT,290.14,0.96,N
38.10889,65.48616,299.64,0.41,0.37,2026-08-27,2153,N,nominal,2.0NRT,288.83,0.49,N
38.10551,65.48518,300.67,0.41,0.37,2026-08-27,2153,N,nominal,2.0NRT,288.51,0.49,N
38.16665,64.57649,300.33,0.39,0.37,2026-08-27,2153,N,nominal,2.0NRT,290.11,0.48,N
38.12906,64.6736,315.89,0.4,0.37,2026-08-27,2153,N,nominal,2.0NRT,292.68,1.49,N
38.11877,64.71291,308.94,0.4,0.37,2026-08-27,2153,N,nominal,2.0NRT,291.66,0.79,N
39.23254,56.30284,326.84,0.42,0.45,2026-08-27,2153,N,nominal,2.0NRT,290.63,2.48,N
37.93253,65.63923,302.06,0.42,0.38,2026-08-27,2153,N,nominal,2.0NRT,290.18,0.33,N
37.92913,65.63825,307.08,0.42,0.38,2026-08-27,2153,N,nominal,2.0NRT,289.86,0.58,N
30.36883,56.12545,302.13,0.51,0.41,2026-08-27,2153,N,nominal,2.0NRT,289.42,1.11,N
30.38199,55.86237,299.87,0.53,0.42,2026-08-27,2153,N,nominal,2.0NRT,289.47,0.72,N
38.05288,64.90417,321.22,0.4,0.37,2026-08-27,2153,N,nominal,2.0NRT,293.38,1.9,N
30.37814,55.86178,312.34,0.53,0.42,2026-08-27,2153,N,nominal,2.0NRT,290.78,1.58,N
30.32536,56.2267,301.83,0.51,0.41,2026-08-27,2153,N,nominal,2.0NRT,290.57,0.89,N
37.86343,65.61221,299.38,0.42,0.38,2026-08-27,2153,N,nominal,2.0NRT,288.08,0.33,N
30.23475,56.90921,323.14,0.47,0.4,2026-08-27,2153,N,nominal,2.0NRT,295.22,2.59,N
37.88699,65.08849,306.69,0.41,0.37,2026-08-27,2153,N,nominal,2.0NRT,291.47,0.96,N
37.82892,65.17749,304.91,0.41,0.37,2026-08-27,2153,N,nominal,2.0NRT,290.97,1.06,N
37.75819,65.49174,304.25,0.42,0.37,2026-08-27,2153,N,nominal,2.0NRT,291.23,0.57,N
37.80212,65.18913,307.45,0.41,0.37,2026-08-27,2153,N,nominal,2.0NRT,291.14,0.61,N
37.76562,65.35257,301.64,0.41,0.37,2026-08-27,2153,N,nominal,2.0NRT,290.8,0.43,N
37.72734,65.5093,302.17,0.42,0.37,2026-08-27,2153,N,nominal,2.0NRT,291.31,0.75,N
37.67513,65.26574,305.31,0.41,0.37,2026-08-27,2153,N,nominal,2.0NRT,292.95,0.68,N
37.66424,65.28683,307.59,0.41,0.37,2026-08-27,2153,N,nominal,2.0NRT,290.79,0.76,N
37.96148,62.66613,310.76,0.38,0.36,2026-08-27,2153,N,nominal,2.0NRT,293.01,1.2,N
37.98954,61.88222,319.35,0.39,0.36,2026-08-27,2153,N,nominal,2.0NRT,292.73,1.43,N
30.32141,55.97551,308.24,0.52,0.42,2026-08-27,2153,N,nominal,2.0NRT,291.29,1.47,N
37.98557,61.88585,310.06,0.39,0.36,2026-08-27,2153,N,nominal,2.0NRT,293.15,1.19,N
37.79899,62.55174,318.87,0.38,0.36,2026-08-27,2153,N,nominal,2.0NRT,291.49,1.51,N
37.7957,62.55093,316.32,0.38,0.36,2026-08-27,2153,N,nominal,2.0NRT,290.03,1.61,N
37.78798,62.53759,337.49,0.38,0.36,2026-08-27,2153,N,nominal,2.0NRT,293.08,3.53,N
37.78274,62.52731,307.86,0.38,0.36,2026-08-27,2153,N,nominal,2.0NRT,290.17,1.09,N
37.82684,61.99147,303.02,0.39,0.36,2026-08-27,2153,N,nominal,2.0NRT,289.76,0.46,N
38.67894,54.31251,310.21,0.53,0.5,2026-08-27,2153,N,nominal,2.0NRT,294.29,1.47,N
37.77601,62.10171,308.73,0.39,0.36,2026-08-27,2153,N,nominal,2.0NRT,291.19,0.78,N
37.84645,61.60349,303.11,0.39,0.36,2026-08-27,2153,N,nominal,2.0NRT,291.26,0.84,N
37.77662,62.02939,310.9,0.39,0.36,2026-08-27,2153,N,nominal,2.0NRT,290.51,1.11,N
38.6483,54.28342,336.15,0.53,0.5,2026-08-27,2153,N,nominal,2.0NRT,295.2,4.6,N
37.7453,62.13195,305.36,0.39,0.36,2026-08-27,2153,N,nominal,2.0NRT,291.24,1.23,N
37.742,62.13116,321.36,0.39,0.36,2026-08-27,2153,N,nominal,2.0NRT,290.52,1.23,N
37.74069,62.07206,300.9,0.39,0.36,2026-08-27,2153,N,nominal,2.0NRT,288.97,0.49,N
37.74003,62.07643,300.22,0.39,0.36,2026-08-27,2153,N,nominal,2.0NRT,289.83,0.49,N
38.65094,54.28231,317.54,0.53,0.5,2026-08-27,2153,N,nominal,2.0NRT,294.52,1.93,N
38.64628,54.28168,316.12,0.53,0.5,2026-08-27,2153,N,nominal,2.0NRT,294.19,1.73,N
37.72682,62.09587,327.83,0.39,0.36,2026-08-27,2153,N,nominal,2.0NRT,292.59,2.14,N
37.74911,61.85634,299.35,0.39,0.36,2026-08-27,2153,N,nominal,2.0NRT,289.01,0.43,N
37.74776,61.84237,320.64,0.39,0.36,2026-08-27,2153,N,nominal,2.0NRT,292.74,2.32,N
37.79528,61.49665,312.15,0.39,0.36,2026-08-27,2153,N,nominal,2.0NRT,292.18,1.38,N
37.67133,62.23597,315.79,0.39,0.36,2026-08-27,2153,N,nominal,2.0NRT,290.36,1.84,N
38.26105,57.65744,309.4,0.53,0.42,2026-08-27,2153,N,nominal,2.0NRT,298.42,2.19,N
37.66078,62.23793,300.45,0.39,0.36,2026-08-27,2153,N,nominal,2.0NRT,289.5,0.68,N
37.66011,62.24227,304.36,0.39,0.36,2026-08-27,2153,N,nominal,2.0NRT,290.16,0.67,N
37.65616,62.24582,298.8,0.39,0.36,2026-08-27,2153,N,nominal,2.0NRT,288.62,0.67,N
37.64956,62.24423,298.21,0.39,0.36,2026-08-27,2153,N,nominal,2.0NRT,287.58,0.4,N
38.19611,58.09983,307.56,0.51,0.41,2026-08-27,2153,N,nominal,2.0NRT,293.67,1.09,N
37.63837,62.20551,317.84,0.39,0.36,2026-08-27,2153,N,nominal,2.0NRT,290.14,1.72,N
37.62715,62.21181,313.05,0.39,0.36,2026-08-27,2153,N,nominal,2.0NRT,292.5,1.55,N
37.62649,62.21615,308.96,0.39,0.36,2026-08-27,2153,N,nominal,2.0NRT,290.47,1.28,N
37.62752,62.1689,324.94,0.39,0.36,2026-08-27,2153,N,nominal,2.0NRT,291.88,0.85,N
37.65655,61.9092,316.03,0.39,0.36,2026-08-27,2153,N,nominal,2.0NRT,292.45,0.89,N
37.62358,62.12738,314.7,0.39,0.36,2026-08-27,2153,N,nominal,2.0NRT,292.6,1.05,N
37.6216,62.14043,312.41,0.39,0.36,2026-08-27,2153,N,nominal,2.0NRT,293.57,1.61,N
37.65324,61.90842,309.96,0.39,0.36,2026-08-27,2153,N,nominal,2.0NRT,291.95,0.89,N
37.61829,62.13964,318.1,0.39,0.36,2026-08-27,2153,N,nominal,2.0NRT,292.31,1.61,N
37.62881,61.95697,301.67,0.39,0.36,2026-08-27,2153,N,nominal,2.0NRT,290.27,0.96,N
29.4761,60.80488,300.98,0.38,0.36,2026-08-27,2153,N,nominal,2.0NRT,290.34,0.55,N
29.47548,60.8088,307.1,0.38,0.36,2026-08-27,2153,N,nominal,2.0NRT,290.78,0.55,N
37.62903,61.72557,307.17,0.39,0.36,2026-08-27,2153,N,nominal,2.0NRT,290.99,0.89,N
37.56152,62.08546,309.66,0.39,0.36,2026-08-27,2153,N,nominal,2.0NRT,288.87,1.03,N
37.80855,60.33091,301.33,0.42,0.38,2026-08-27,2153,N,nominal,2.0NRT,291.29,0.47,N
37.61654,61.57669,302.14,0.39,0.36,2026-08-27,2153,N,nominal,2.0NRT,290.68,1.15,N
37.61202,61.60763,317.47,0.39,0.36,2026-08-27,2153,N,nominal,2.0NRT,291.7,3.13,N
37.61321,61.57591,325.25,0.39,0.36,2026-08-27,2153,N,nominal,2.0NRT,295.81,1.15,N
37.60869,61.60685,345.98,0.39,0.36,2026-08-27,2153,N,nominal,2.0NRT,298.02,3.13,N
37.61063,61.59361,314.78,0.39,0.36,2026-08-27,2153,N,nominal,2.0NRT,291.6,1.56,N
37.55834,61.93347,308.1,0.39,0.36,2026-08-27,2153,N,nominal,2.0NRT,291.33,1.21,N
37.60877,61.57267,309.55,0.39,0.36,2026-08-27,2153,N,nominal,2.0NRT,291.52,1.56,N
37.60812,61.57709,315.01,0.39,0.36,2026-08-27,2153,N,nominal,2.0NRT,291.39,1.56,N
38.05845,58.16737,305.9,0.5,0.41,2026-08-27,2153,N,nominal,2.0NRT,295.51,1.45,N
37.57143,61.8007,310.5,0.39,0.36,2026-08-27,2153,N,nominal,2.0NRT,291.63,0.85,N
37.59742,61.55632,312.54,0.39,0.36,2026-08-27,2153,N,nominal,2.0NRT,291.61,1.22,N
37.59676,61.56074,310.08,0.39,0.36,2026-08-27,2153,N,nominal,2.0NRT,292,1.1,N
37.59799,61.52901,319.15,0.39,0.36,2026-08-27,2153,N,nominal,2.0NRT,291.31,2.31,N
37.59467,61.52824,336.28,0.39,0.36,2026-08-27,2153,N,nominal,2.0NRT,294.59,2.31,N
37.59011,61.5592,301.13,0.39,0.36,2026-08-27,2153,N,nominal,2.0NRT,290.97,0.57,N
37.55486,61.7968,307,0.39,0.36,2026-08-27,2153,N,nominal,2.0NRT,290.55,0.28,N
37.59134,61.52747,323.81,0.39,0.36,2026-08-27,2153,N,nominal,2.0NRT,291.01,2.24,N
37.58613,61.56284,327.07,0.39,0.36,2026-08-27,2153,N,nominal,2.0NRT,293.81,2.29,N
37.59003,61.53632,301.74,0.39,0.36,2026-08-27,2153,N,nominal,2.0NRT,291.65,0.59,N
37.5828,61.56207,322.8,0.39,0.36,2026-08-27,2153,N,nominal,2.0NRT,292.79,2.29,N
37.57948,61.5613,314.18,0.39,0.36,2026-08-27,2153,N,nominal,2.0NRT,290.26,1.33,N
29.92718,56.73214,315.14,0.47,0.4,2026-08-27,2153,N,nominal,2.0NRT,290.25,1.97,N
30.08373,55.40157,322,0.55,0.43,2026-08-27,2153,N,nominal,2.0NRT,290.11,1.87,N
30.07981,55.40092,315.56,0.55,0.43,2026-08-27,2153,N,nominal,2.0NRT,289.76,2.11,N
37.50219,61.98789,314.79,0.39,0.36,2026-08-27,2153,N,nominal,2.0NRT,291.13,1.14,N
37.48173,62.01007,305.98,0.39,0.36,2026-08-27,2153,N,nominal,2.0NRT,291.53,0.79,N
37.94306,58.56344,311.27,0.48,0.4,2026-08-27,2153,N,nominal,2.0NRT,295.39,1.86,N
37.49934,61.84715,321.64,0.39,0.36,2026-08-27,2153,N,nominal,2.0NRT,294.78,1.84,N
37.49603,61.84637,308.85,0.39,0.36,2026-08-27,2153,N,nominal,2.0NRT,293.6,1.01,N
37.49537,61.85074,304.21,0.39,0.36,2026-08-27,2153,N,nominal,2.0NRT,293.23,1.01,N
29.99022,55.85722,328.04,0.52,0.42,2026-08-27,2153,N,nominal,2.0NRT,289.04,6.09,N
37.42564,62.31113,311.69,0.39,0.36,2026-08-27,2153,N,nominal,2.0NRT,289.4,0.9,N
29.99085,55.85202,313.18,0.52,0.42,2026-08-27,2153,N,nominal,2.0NRT,286.51,4.9,N
37.42234,62.31033,306.33,0.39,0.36,2026-08-27,2153,N,nominal,2.0NRT,288.64,0.9,N
29.98703,55.85139,295.84,0.52,0.42,2026-08-27,2153,N,nominal,2.0NRT,285.55,2.3,N
29.9864,55.85658,316.08,0.52,0.42,2026-08-27,2153,N,nominal,2.0NRT,286.1,3.28,N
37.44481,62.07331,302.32,0.39,0.36,2026-08-27,2153,N,nominal,2.0NRT,289.2,0.6,N
37.40521,62.31067,308.31,0.39,0.36,2026-08-27,2153,N,nominal,2.0NRT,290.6,0.64,N
37.394,62.31692,306.51,0.39,0.36,2026-08-27,2153,N,nominal,2.0NRT,291.17,0.82,N
37.62337,60.44174,313.81,0.41,0.37,2026-08-27,2153,N,nominal,2.0NRT,292.64,1.23,N
37.63406,60.33786,322.41,0.42,0.37,2026-08-27,2153,N,nominal,2.0NRT,292.59,1.73,N
37.61953,60.39272,308.34,0.41,0.37,2026-08-27,2153,N,nominal,2.0NRT,293.13,0.86,N
37.52786,61.04935,306.67,0.4,0.37,2026-08-27,2153,N,nominal,2.0NRT,293.26,0.84,N
37.51154,61.01775,316.3,0.4,0.37,2026-08-27,2153,N,nominal,2.0NRT,293.86,0.93,N
37.50353,61.02527,316.68,0.4,0.37,2026-08-27,2153,N,nominal,2.0NRT,293.43,1.4,N
37.83016,58.38421,307.04,0.49,0.4,2026-08-27,2153,N,nominal,2.0NRT,294.77,0.81,N
37.21882,62.39831,302.01,0.38,0.36,2026-08-27,2153,N,nominal,2.0NRT,288.66,0.65,N
37.48874,60.45771,311.07,0.41,0.37,2026-08-27,2153,N,nominal,2.0NRT,289.78,1.06,N
37.34672,61.36497,320.58,0.39,0.36,2026-08-27,2153,N,nominal,2.0NRT,291.96,1.84,N
37.36747,61.05212,303.77,0.4,0.37,2026-08-27,2153,N,nominal,2.0NRT,290.12,0.61,N
29.81191,55.75116,301.27,0.53,0.42,2026-08-27,2153,N,nominal,2.0NRT,288.39,0.55,N
37.32889,61.09657,300.26,0.4,0.37,2026-08-27,2153,N,nominal,2.0NRT,290.02,0.86,N
37.11894,62.36264,331.16,0.38,0.36,2026-08-27,2153,N,nominal,2.0NRT,294.12,3.26,N
37.30491,61.11886,317.65,0.4,0.37,2026-08-27,2153,N,nominal,2.0NRT,291.53,1.24,N
37.11499,62.36614,323.09,0.38,0.36,2026-08-27,2153,N,nominal,2.0NRT,292.4,3.26,N
37.35499,60.46471,301.56,0.41,0.37,2026-08-27,2153,N,nominal,2.0NRT,289.65,0.56,N
37.03295,62.41514,327.62,0.38,0.36,2026-08-27,2153,N,nominal,2.0NRT,293.92,3.67,N
37.03228,62.41943,326.68,0.38,0.36,2026-08-27,2153,N,nominal,2.0NRT,296.07,3.67,N
37.28289,60.66018,309.97,0.41,0.37,2026-08-27,2153,N,nominal,2.0NRT,288.37,1.18,N
37.26421,60.69369,306.78,0.41,0.37,2026-08-27,2153,N,nominal,2.0NRT,288.14,0.95,N
37.18069,60.86677,306.65,0.4,0.37,2026-08-27,2153,N,nominal,2.0NRT,290.54,0.69,N
37.21997,60.02265,313.28,0.42,0.38,2026-08-27,2153,N,nominal,2.0NRT,292.37,1.45,N
37.21653,60.02193,309.6,0.42,0.38,2026-08-27,2153,N,nominal,2.0NRT,291.34,1.45,N
37.45518,57.68854,301.88,0.52,0.41,2026-08-27,2153,N,nominal,2.0NRT,291.76,1.1,N
37.08545,60.19468,306.06,0.42,0.37,2026-08-27,2153,N,nominal,2.0NRT,293.27,0.69,N
36.47558,61.62341,307.71,0.39,0.36,2026-08-27,2153,N,nominal,2.0NRT,290.58,2.87,N
36.47298,61.45771,308.15,0.39,0.36,2026-08-27,2153,N,nominal,2.0NRT,290.24,0.94,N
36.44109,61.21846,305.69,0.39,0.36,2026-08-27,2153,N,nominal,2.0NRT,292.07,0.89,N
36.43776,61.21771,312.89,0.39,0.36,2026-08-27,2153,N,nominal,2.0NRT,292.06,1.3,N
36.99325,56.23012,306.81,0.4,0.44,2026-08-27,2153,N,nominal,2.0NRT,290.91,0.75,N
36.99046,56.23243,309.03,0.4,0.44,2026-08-27,2153,N,nominal,2.0NRT,289.64,0.43,N
36.47747,59.74392,300.45,0.42,0.38,2026-08-27,2153,N,nominal,2.0NRT,290.35,0.9,N
36.49875,59.33348,303.19,0.44,0.38,2026-08-27,2153,N,nominal,2.0NRT,290,0.94,N
35.99236,62.78232,305.62,0.38,0.36,2026-08-27,2153,N,nominal,2.0NRT,295.06,0.69,N
35.90811,62.96398,311.44,0.39,0.36,2026-08-27,2153,N,nominal,2.0NRT,294.79,0.86,N
36.27066,59.64843,310.62,0.42,0.38,2026-08-27,2153,N,nominal,2.0NRT,291.91,0.98,N
36.23674,59.73032,304.15,0.42,0.38,2026-08-27,2153,N,nominal,2.0NRT,288.61,1.27,N
33.80159,72.09836,307.55,0.33,0.55,2026-08-27,2153,N,nominal,2.0NRT,294.52,0.73,N
33.29675,71.1889,308.48,0.61,0.53,2026-08-27,2153,N,nominal,2.0NRT,294.71,0.62,N
35.36702,59.30292,299.26,0.43,0.38,2026-08-27,2153,N,nominal,2.0NRT,287.56,0.65,N
32.88834,71.61575,316.14,0.33,0.55,2026-08-27,2153,N,nominal,2.0NRT,296.86,1.67,N
28.84663,58.52255,304.22,0.4,0.37,2026-08-27,2153,N,nominal,2.0NRT,291.9,0.39,N
29.15134,55.36418,308.48,0.54,0.42,2026-08-27,2153,N,nominal,2.0NRT,291.49,1.11,N
27.22901,60.48898,319.95,0.39,0.36,2026-08-27,2155,N,nominal,2.0NRT,300.25,2.37,N
33.7526,59.14648,319.38,0.42,0.38,2026-08-27,2155,N,nominal,2.0NRT,287.83,2.5,N
33.62886,59.16887,302.43,0.42,0.38,2026-08-27,2155,N,nominal,2.0NRT,289.32,0.76,N
29.47338,76.864,304,0.78,0.78,2026-08-27,2155,N,nominal,2.0NRT,286.48,2.54,N
29.91607,74.94938,305.84,0.6,0.7,2026-08-27,2155,N,nominal,2.0NRT,292.75,14.38,N
29.91436,74.95547,310.32,0.6,0.7,2026-08-27,2155,N,nominal,2.0NRT,292.87,14.38,N
29.90808,74.95317,367,0.6,0.7,2026-08-27,2155,N,high,2.0NRT,294.32,14.38,N
29.90978,74.9471,319.17,0.6,0.7,2026-08-27,2155,N,nominal,2.0NRT,292.2,14.38,N
29.90638,74.95924,319.9,0.6,0.7,2026-08-27,2155,N,nominal,2.0NRT,292.24,19.52,N
29.91466,74.95614,306.96,0.6,0.7,2026-08-27,2155,N,nominal,2.0NRT,293.04,15.44,N
29.90838,74.95381,367,0.6,0.7,2026-08-27,2155,N,high,2.0NRT,294.14,15.44,N
29.91005,74.94773,319.45,0.6,0.7,2026-08-27,2155,N,nominal,2.0NRT,292.36,28.69,N
29.90671,74.9599,317.64,0.6,0.7,2026-08-27,2155,N,nominal,2.0NRT,292.12,15.44,N
32.92406,60.23167,307.57,0.39,0.36,2026-08-27,2155,N,nominal,2.0NRT,291.79,0.89,N
33.04086,56.84692,311.86,0.51,0.41,2026-08-27,2155,N,nominal,2.0NRT,294.95,1.62,N
27.42279,56.50287,317.84,0.46,0.39,2026-08-27,2155,N,nominal,2.0NRT,300.97,0.97,N
27.30414,56.30253,317.23,0.47,0.39,2026-08-27,2155,N,nominal,2.0NRT,301.25,2.25,N
27.11126,57.03151,318.54,0.43,0.38,2026-08-27,2155,N,nominal,2.0NRT,298.86,1.65,N
27.11065,57.03588,311.12,0.43,0.38,2026-08-27,2155,N,nominal,2.0NRT,299.16,1.1,N
27.17095,56.09872,312.57,0.47,0.4,2026-08-27,2155,N,nominal,2.0NRT,302.18,1.61,N
27.16729,56.09811,319.38,0.47,0.4,2026-08-27,2155,N,nominal,2.0NRT,301.96,1.61,N
27.1692,56.05437,335.13,0.48,0.4,2026-08-27,2155,N,nominal,2.0NRT,302.92,4.46,N
27.16302,56.10228,322.54,0.47,0.4,2026-08-27,2155,N,nominal,2.0NRT,302.41,4.44,N
27.16982,56.04958,312.82,0.48,0.4,2026-08-27,2155,N,nominal,2.0NRT,301.63,1.56,N
27.15936,56.10167,347.87,0.47,0.4,2026-08-27,2155,N,nominal,2.0NRT,302.86,4.44,N
27.16245,56.07771,314.96,0.47,0.4,2026-08-27,2155,N,nominal,2.0NRT,301.93,1.6,N
27.14405,56.11119,318.97,0.47,0.4,2026-08-27,2155,N,nominal,2.0NRT,301.88,2.14,N
25.97255,56.06868,320.21,0.46,0.39,2026-08-27,2155,N,nominal,2.0NRT,303.3,2.26,N
25.96532,56.06747,317.75,0.46,0.39,2026-08-27,2155,N,nominal,2.0NRT,303.63,1.4,N
25.57103,55.98883,316.9,0.46,0.39,2026-08-27,2155,N,nominal,2.0NRT,303.36,1.55,N
25.30766,56.37212,329.74,0.44,0.39,2026-08-27,2155,N,nominal,2.0NRT,303.13,2.82,N
24.50561,56.60543,333.43,0.43,0.38,2026-08-27,2155,N,nominal,2.0NRT,305.24,4.78,N
24.50502,56.60964,322.12,0.43,0.38,2026-08-27,2155,N,nominal,2.0NRT,302.68,4.78,N
24.50737,56.59279,317.82,0.43,0.38,2026-08-27,2155,N,nominal,2.0NRT,304.39,1.25,N
24.50213,56.60484,318.85,0.43,0.38,2026-08-27,2155,N,nominal,2.0NRT,303.55,1.4,N
24.47255,56.63181,317.31,0.43,0.38,2026-08-27,2155,N,nominal,2.0NRT,301.79,1.18,N
24.46787,56.6396,315.1,0.43,0.38,2026-08-27,2155,N,nominal,2.0NRT,302.38,1.45,N
24.45544,56.55154,318.73,0.43,0.38,2026-08-27,2155,N,nominal,2.0NRT,302.52,1.55,N
24.51207,54.01886,319.15,0.56,0.43,2026-08-27,2155,N,nominal,2.0NRT,304.54,1.08,N
24.5081,54.01827,314.99,0.56,0.43,2026-08-27,2155,N,nominal,2.0NRT,304.46,1.01,N
24.50987,54.01726,326.29,0.56,0.43,2026-08-27,2155,N,nominal,2.0NRT,304.66,2.33,N
24.32841,54.47235,317.29,0.53,0.42,2026-08-27,2155,N,nominal,2.0NRT,304.36,1.23,N
23.55299,58.20141,316.95,0.39,0.36,2026-08-27,2155,N,nominal,2.0NRT,303.57,1.05,N
23.48272,58.28177,321.48,0.39,0.36,2026-08-27,2155,N,nominal,2.0NRT,304.36,1.01,N
23.66408,54.35114,312.06,0.53,0.42,2026-08-27,2155,N,nominal,2.0NRT,298.41,1.15,N
22.65998,59.40857,311.87,0.39,0.36,2026-08-27,2155,N,nominal,2.0NRT,301.4,0.89,N
23.19049,55.45968,320.1,0.46,0.39,2026-08-27,2155,N,nominal,2.0NRT,304.23,3.08,N
23.31209,54.18077,330.4,0.53,0.42,2026-08-27,2155,N,nominal,2.0NRT,300.76,2.57,N
23.31274,54.17553,312.85,0.53,0.42,2026-08-27,2155,N,nominal,2.0NRT,302.09,4.09,N
23.30822,54.18018,317.29,0.53,0.42,2026-08-27,2155,N,nominal,2.0NRT,299.06,1.48,N
23.31161,54.17941,339.58,0.53,0.42,2026-08-27,2155,N,nominal,2.0NRT,301.75,8.31,N
22.70746,57.57848,312.16,0.39,0.36,2026-08-27,2155,N,nominal,2.0NRT,300.33,5.04,N
22.87539,55.61465,333.14,0.45,0.39,2026-08-27,2155,N,nominal,2.0NRT,301,2.91,N
22.78249,55.81267,312.16,0.44,0.38,2026-08-27,2155,N,nominal,2.0NRT,300.63,0.97,N
22.40586,56.98756,330.42,0.4,0.37,2026-08-27,2155,N,nominal,2.0NRT,301.2,5.92,N
22.44099,56.69939,316.28,0.41,0.37,2026-08-27,2155,N,nominal,2.0NRT,299.1,3.8,N
22.67464,54.12702,333.69,0.53,0.42,2026-08-27,2155,N,nominal,2.0NRT,304.31,10.38,N
22.67399,54.13218,327.55,0.53,0.42,2026-08-27,2155,N,nominal,2.0NRT,303.33,10.38,N
22.67299,54.12962,340.53,0.53,0.42,2026-08-27,2155,N,nominal,2.0NRT,307.19,20.04,N
22.32887,56.49004,333.83,0.41,0.37,2026-08-27,2155,N,nominal,2.0NRT,300.65,5.75,N
22.32778,56.47344,330.95,0.42,0.37,2026-08-27,2155,N,nominal,2.0NRT,300.79,2.18,N
22.29216,56.52502,309.68,0.41,0.37,2026-08-27,2155,N,nominal,2.0NRT,298.95,0.71,N
22.61549,54.05801,336.39,0.53,0.42,2026-08-27,2155,N,nominal,2.0NRT,303.69,5.24,N
22.61484,54.06312,335.31,0.53,0.42,2026-08-27,2155,N,nominal,2.0NRT,303.61,5.24,N
22.61164,54.05733,351.03,0.53,0.42,2026-08-27,2155,N,nominal,2.0NRT,325.98,40.17,N
22.61099,54.06244,332.19,0.53,0.42,2026-08-27,2155,N,nominal,2.0NRT,313.73,40.17,N
22.6123,54.05217,314.67,0.53,0.42,2026-08-27,2155,N,nominal,2.0NRT,301.79,5.41,N
22.61032,54.06763,313,0.53,0.42,2026-08-27,2155,N,nominal,2.0NRT,302.49,2.49,N
22.60778,54.05676,337.89,0.53,0.42,2026-08-27,2155,N,nominal,2.0NRT,303.42,40.17,N
22.60713,54.06184,328.96,0.53,0.42,2026-08-27,2155,N,nominal,2.0NRT,303.55,40.17,N
22.60647,54.06696,314.3,0.53,0.42,2026-08-27,2155,N,nominal,2.0NRT,304.09,2.49,N
22.52808,54.05349,321.38,0.53,0.42,2026-08-27,2155,N,nominal,2.0NRT,301.35,4.96,N
21.89252,56.84815,305.87,0.4,0.37,2026-08-27,2155,N,nominal,2.0NRT,293.61,3.33,N
21.83332,56.68265,321.85,0.41,0.37,2026-08-27,2155,N,nominal,2.0NRT,298.73,4.15,N
21.8339,56.67874,309.16,0.41,0.37,2026-08-27,2155,N,nominal,2.0NRT,298.09,3.98,N
21.32087,57.72264,330.42,0.39,0.36,2026-08-27,2155,N,nominal,2.0NRT,296.36,1.84,N
21.32145,57.71894,310.02,0.39,0.36,2026-08-27,2155,N,nominal,2.0NRT,295.48,1.84,N
21.31413,57.74432,330.98,0.39,0.36,2026-08-27,2155,N,nominal,2.0NRT,296.03,5.04,N
21.31355,57.74803,311.93,0.39,0.36,2026-08-27,2155,N,nominal,2.0NRT,295.46,1.4,N
21.31024,57.74744,319.46,0.39,0.36,2026-08-27,2155,N,nominal,2.0NRT,295.65,1.4,N
21.30223,57.79924,309.24,0.39,0.36,2026-08-27,2155,N,nominal,2.0NRT,291.65,2.55,N
21.33526,56.69853,335.21,0.4,0.37,2026-08-27,2155,N,nominal,2.0NRT,305.24,11.18,N
21.33188,56.69796,340.69,0.4,0.37,2026-08-27,2155,N,nominal,2.0NRT,298.85,9.46,N
21.41116,55.7432,316.19,0.43,0.38,2026-08-27,2155,N,nominal,2.0NRT,300.9,1.27,N
20.9893,56.77314,311.47,0.4,0.37,2026-08-27,2155,N,nominal,2.0NRT,297.97,0.5,N
21.00473,56.53062,309.16,0.41,0.37,2026-08-27,2155,N,nominal,2.0NRT,299.14,1.97,N
21.00134,56.53005,331.29,0.41,0.37,2026-08-27,2155,N,nominal,2.0NRT,300.11,1.97,N
20.56078,56.4198,308.34,0.41,0.37,2026-08-27,2157,N,nominal,2.0NRT,297.61,0.47,N
20.37666,55.93592,310.98,0.42,0.37,2026-08-27,2157,N,nominal,2.0NRT,298.35,0.33,N
20.38932,55.66253,330.98,0.43,0.38,2026-08-27,2157,N,nominal,2.0NRT,299.9,3.8,N
20.38473,55.64506,310.38,0.43,0.38,2026-08-27,2157,N,nominal,2.0NRT,298.49,1.34,N
20.38414,55.64914,315.99,0.43,0.38,2026-08-27,2157,N,nominal,2.0NRT,298.45,1.11,N
20.21416,55.71039,319.22,0.42,0.38,2026-08-27,2157,N,nominal,2.0NRT,298.36,0.86,N
20.02449,56.1518,308.95,0.41,0.37,2026-08-27,2157,N,nominal,2.0NRT,297.44,0.66,N
19.34767,56.45966,309.49,0.4,0.37,2026-08-27,2157,N,nominal,2.0NRT,296.92,0.78,N
19.26832,56.17462,314.35,0.4,0.37,2026-08-27,2157,N,nominal,2.0NRT,296.52,0.99,N
18.71097,55.34418,309.5,0.42,0.38,2026-08-27,2157,N,nominal,2.0NRT,296.21,0.98,N
18.32435,55.10596,326.12,0.43,0.38,2026-08-27,2157,N,nominal,2.0NRT,298.94,1.79,N
18.32086,55.10541,311.07,0.43,0.38,2026-08-27,2157,N,nominal,2.0NRT,297.64,1.79,N
18.02028,54.57137,341.64,0.45,0.39,2026-08-27,2157,N,nominal,2.0NRT,298.35,14.24,N
18.01315,54.57026,330.44,0.45,0.39,2026-08-27,2157,N,nominal,2.0NRT,299.2,9.67,N
18.01256,54.57449,331.27,0.45,0.39,2026-08-27,2157,N,nominal,2.0NRT,300.45,7.74,N
17.97678,54.52722,315.05,0.45,0.39,2026-08-27,2157,N,nominal,2.0NRT,296.54,2.22,N
17.97322,54.52667,334.79,0.45,0.39,2026-08-27,2157,N,nominal,2.0NRT,296.27,2.22,N
38.68194,54.31711,306.16,0.61,0.71,2026-08-27,2331,N,nominal,2.0NRT,289.51,0.75,N
38.68345,54.31931,302.8,0.61,0.71,2026-08-27,2331,N,nominal,2.0NRT,289.84,0.51,N
38.67726,54.31611,306.55,0.61,0.71,2026-08-27,2331,N,nominal,2.0NRT,289.55,0.83,N
38.65058,54.2865,310.7,0.61,0.71,2026-08-27,2331,N,nominal,2.0NRT,289.8,1.33,N
38.64439,54.28331,302.27,0.61,0.71,2026-08-27,2331,N,nominal,2.0NRT,289.7,0.65,N
39.85654,96.71787,330.11,0.37,0.58,2026-08-28,0553,N,low,2.0NRT,305.05,1.78,D
5.57307,95.71117,342.98,0.46,0.39,2026-08-28,0722,N,nominal,2.0NRT,298.09,10.36,D
5.59956,95.43382,333.05,0.45,0.39,2026-08-28,0722,N,nominal,2.0NRT,300.53,1.68,D
6.97281,100.74034,367,0.33,0.55,2026-08-28,0722,N,high,2.0NRT,293.57,7.1,D
7.86496,100.09595,332.56,0.62,0.54,2026-08-28,0722,N,nominal,2.0NRT,292.12,9.97,D
6.82944,81.44043,331.7,0.48,0.64,2026-08-28,0724,N,nominal,2.0NRT,290.04,3.32,D
6.84907,81.48148,349.79,0.47,0.64,2026-08-28,0724,N,nominal,2.0NRT,289.59,11.54,D
6.8483,81.47719,341.48,0.47,0.64,2026-08-28,0724,N,nominal,2.0NRT,291.08,8.93,D
7.12036,81.83202,340.52,0.44,0.63,2026-08-28,0724,N,nominal,2.0NRT,290.97,7.49,D
7.20586,81.80885,327.81,0.44,0.63,2026-08-28,0724,N,nominal,2.0NRT,291.56,3.52,D
8.66278,81.14859,330.04,0.46,0.64,2026-08-28,0724,N,nominal,2.0NRT,287.35,2.39,D
8.57365,80.37617,329.17,0.52,0.67,2026-08-28,0724,N,nominal,2.0NRT,282.05,3.95,D
8.72573,80.74754,337.93,0.49,0.65,2026-08-28,0724,N,nominal,2.0NRT,291.49,7.24,D
8.97291,80.68935,336.86,0.49,0.65,2026-08-28,0724,N,nominal,2.0NRT,287.05,7.29,D
8.73258,78.10741,334.15,0.73,0.76,2026-08-28,0724,N,nominal,2.0NRT,291.19,7.04,D
8.71467,77.97586,332.45,0.75,0.77,2026-08-28,0724,N,nominal,2.0NRT,291.91,6.6,D
8.72874,78.1054,335.79,0.73,0.76,2026-08-28,0724,N,nominal,2.0NRT,291.61,9.62,D
9.277,78.39668,334.35,0.69,0.74,2026-08-28,0724,N,nominal,2.0NRT,290.53,6.4,D
9.27714,78.39496,335.92,0.69,0.74,2026-08-28,0724,N,nominal,2.0NRT,290.19,4.62,D
16.31353,100.4274,329.53,0.42,0.61,2026-08-28,0726,N,nominal,2.0NRT,285.5,2.33,D
16.37563,100.89962,328.86,0.45,0.63,2026-08-28,0726,N,nominal,2.0NRT,285.47,2.89,D
14.49187,79.7094,335.09,0.45,0.63,2026-08-28,0726,N,nominal,2.0NRT,297.62,5.47,D
14.49166,79.70969,339.76,0.45,0.63,2026-08-28,0726,N,nominal,2.0NRT,297.46,6.57,D
14.75162,79.71841,330.88,0.45,0.63,2026-08-28,0726,N,nominal,2.0NRT,293.97,2.94,D
15.02867,79.75406,334.11,0.44,0.62,2026-08-28,0726,N,nominal,2.0NRT,296.17,2.51,D
15.63637,79.58625,330.26,0.44,0.62,2026-08-28,0726,N,nominal,2.0NRT,295.72,4.78,D
15.76769,79.49413,331.28,0.44,0.62,2026-08-28,0726,N,nominal,2.0NRT,292.63,3.29,D
21.74797,83.84405,332.09,0.55,0.43,2026-08-28,0729,N,nominal,2.0NRT,289.1,4.65,D
22.377,87.2805,341.05,0.4,0.37,2026-08-28,0729,N,nominal,2.0NRT,291.28,7.49,D
22.36216,87.01751,332.41,0.4,0.37,2026-08-28,0729,N,nominal,2.0NRT,295.92,4.8,D
26.60799,90.33498,336.49,0.43,0.38,2026-08-28,0729,N,nominal,2.0NRT,289.46,5.57,D
28.31779,95.1801,329.86,0.54,0.51,2026-08-28,0729,N,nominal,2.0NRT,290.37,4.86,D
29.13515,89.25123,330.31,0.42,0.38,2026-08-28,0731,N,low,2.0NRT,305.02,3.97,D
29.08413,88.01273,331.12,0.39,0.36,2026-08-28,0731,N,low,2.0NRT,304.21,2.79,D
9.27846,78.39858,336.74,0.57,0.69,2026-08-28,0905,N,nominal,2.0NRT,293.77,6.18,D
9.33131,77.52667,334.29,0.5,0.66,2026-08-28,0905,N,nominal,2.0NRT,297.26,1.72,D
37.08331,79.64874,350.5,0.5,0.41,2026-08-28,0731,N,nominal,2.0NRT,310.51,12.58,D
9.33079,77.52433,334.37,0.5,0.66,2026-08-28,0905,N,nominal,2.0NRT,297.58,4.97,D
9.4159,77.509,332.41,0.5,0.66,2026-08-28,0905,N,nominal,2.0NRT,296.85,1.46,D
9.41621,77.50993,334.29,0.5,0.66,2026-08-28,0905,N,nominal,2.0NRT,297.25,2.78,D
38.04893,67.26797,355.24,0.66,0.73,2026-08-28,0733,N,nominal,2.0NRT,314.27,14.77,D
38.05226,67.26972,338.02,0.66,0.73,2026-08-28,0733,N,low,2.0NRT,311.41,6.24,D
38.05002,67.26272,349.71,0.66,0.73,2026-08-28,0733,N,nominal,2.0NRT,313.39,6.24,D
39.99028,68.94501,367,0.48,0.65,2026-08-28,0733,N,high,2.0NRT,306.97,10.14,D
18.69312,55.50175,346.98,0.63,0.54,2026-08-28,0907,N,nominal,2.0NRT,313.98,1.17,D
20.22535,55.73981,345.92,0.57,0.52,2026-08-28,0907,N,low,2.0NRT,316.18,1.71,D
20.2246,55.7388,342.15,0.57,0.52,2026-08-28,0907,N,low,2.0NRT,315.7,0.63,D
20.37704,55.93351,346.78,0.55,0.51,2026-08-28,0907,N,nominal,2.0NRT,315.4,1.14,D
20.37462,55.93671,346.92,0.55,0.51,2026-08-28,0907,N,nominal,2.0NRT,315.56,1.48,D
22.92944,70.106,336.34,0.49,0.48,2026-08-28,0907,N,nominal,2.0NRT,295.78,4.39,D
21.00144,56.53226,350.7,0.49,0.49,2026-08-28,0907,N,nominal,2.0NRT,317.19,2.39,D
21.83331,56.68337,344.63,0.47,0.47,2026-08-28,0909,N,low,2.0NRT,316.66,0.9,D
21.83367,56.68098,345.56,0.46,0.47,2026-08-28,0909,N,low,2.0NRT,316.78,1.16,D
21.93843,57.07484,347.06,0.44,0.46,2026-08-28,0909,N,nominal,2.0NRT,316.66,5.12,D
22.4063,56.9912,343.44,0.44,0.46,2026-08-28,0909,N,low,2.0NRT,314.73,3.1,D
22.32697,56.4906,348.32,0.47,0.48,2026-08-28,0909,N,nominal,2.0NRT,317.22,2.33,D
22.32781,56.47166,344.35,0.47,0.48,2026-08-28,0909,N,low,2.0NRT,315.9,1.79,D
22.33127,56.46613,342.01,0.47,0.48,2026-08-28,0909,N,low,2.0NRT,316.82,2.09,D
22.44052,56.69928,347.01,0.45,0.47,2026-08-28,0909,N,low,2.0NRT,317.63,16.45,D
24.84141,68.06506,342.24,0.39,0.44,2026-08-28,0909,N,nominal,2.0NRT,304.84,3.72,D
22.87265,55.61444,347.43,0.52,0.5,2026-08-28,0909,N,low,2.0NRT,320.56,1.22,D
23.19199,55.45761,351.74,0.52,0.5,2026-08-28,0909,N,low,2.0NRT,323.33,4.91,D
25.94312,72.19508,367,0.36,0.57,2026-08-28,0909,N,high,2.0NRT,302.25,21.83,D
25.94344,72.1987,330.75,0.36,0.57,2026-08-28,0909,N,nominal,2.0NRT,298.95,21.83,D
25.9428,72.19143,351.1,0.36,0.57,2026-08-28,0909,N,nominal,2.0NRT,296.52,18.43,D
24.50221,56.60633,338.1,0.42,0.45,2026-08-28,0909,N,low,2.0NRT,312.54,15.75,D
24.50714,56.60949,341.2,0.42,0.45,2026-08-28,0909,N,low,2.0NRT,313.69,16.31,D
25.30762,56.37117,336.76,0.42,0.45,2026-08-28,0909,N,low,2.0NRT,308.21,1.57,D
26.61976,54.92251,344.9,0.48,0.48,2026-08-28,0909,N,nominal,2.0NRT,312.08,15.22,D
29.27192,71.18018,356.76,0.34,0.56,2026-08-28,0909,N,nominal,2.0NRT,299.7,4.02,D
27.16134,56.10095,348.36,0.4,0.44,2026-08-28,0909,N,nominal,2.0NRT,312.89,15.7,D
27.16966,56.05662,344.09,0.4,0.45,2026-08-28,0909,N,low,2.0NRT,314.17,12.38,D
27.16888,56.0526,349.19,0.41,0.45,2026-08-28,0909,N,nominal,2.0NRT,314.6,14.9,D
27.16814,56.05338,352.11,0.4,0.45,2026-08-28,0909,N,nominal,2.0NRT,314.95,14.22,D
29.27299,71.17931,347.95,0.34,0.56,2026-08-28,0909,N,nominal,2.0NRT,299.55,3.38,D
29.02501,67.89983,337.99,0.43,0.46,2026-08-28,0909,N,low,2.0NRT,310.72,6.55,D
37.19556,68.07668,344.07,0.54,0.51,2026-08-28,0913,N,nominal,2.0NRT,313.96,4.78,D
37.21907,60.61179,345.09,0.4,0.37,2026-08-28,0913,N,low,2.0NRT,316.59,7.15,D
38.06224,67.78931,338.56,0.53,0.5,2026-08-28,0913,N,low,2.0NRT,313.42,4,D
37.35188,60.83764,343.05,0.4,0.37,2026-08-28,0913,N,low,2.0NRT,315.13,3.34,D
37.35126,60.83313,343.74,0.4,0.37,2026-08-28,0913,N,low,2.0NRT,315.76,3.34,D
37.59698,59.72832,347.75,0.39,0.36,2026-08-28,0913,N,low,2.0NRT,320.11,13.28,D
37.77172,58.90859,345.86,0.38,0.36,2026-08-28,0913,N,nominal,2.0NRT,317.44,8.22,D
37.89639,58.51056,355.74,0.38,0.36,2026-08-28,0913,N,nominal,2.0NRT,316.89,8.48,D
37.99323,58.86976,351.93,0.38,0.36,2026-08-28,0913,N,low,2.0NRT,323.48,28.43,D
37.55158,55.59954,339.38,0.44,0.38,2026-08-28,0913,N,nominal,2.0NRT,308.63,3.13,D
38.59455,57.23057,345.33,0.39,0.36,2026-08-28,0913,N,low,2.0NRT,316.32,6.3,D
39.89964,64.1545,331.75,0.55,0.43,2026-08-28,0913,N,nominal,2.0NRT,304.03,2.88,D
38.6474,54.28519,341.85,0.47,0.4,2026-08-28,0913,N,nominal,2.0NRT,305.68,6,D
39.26749,55.99408,340.25,0.41,0.37,2026-08-28,0913,N,low,2.0NRT,311.7,4.58,D
39.27087,55.9931,348.17,0.41,0.37,2026-08-28,0913,N,nominal,2.0NRT,310.73,4.58,D
26.34879,100.63498,297.91,0.69,0.74,2026-08-28,1813,N,nominal,2.0NRT,283.75,1.27,N
7.53416,100.05628,306.28,0.46,0.63,2026-08-28,1819,N,nominal,2.0NRT,279.21,0.75,N
8.12404,80.80512,309.4,0.55,0.43,2026-08-28,2000,N,nominal,2.0NRT,292.18,1.75,N
8.12011,80.80454,304.51,0.55,0.43,2026-08-28,2000,N,nominal,2.0NRT,291.61,1.75,N
8.1194,80.80952,307.31,0.55,0.43,2026-08-28,2000,N,nominal,2.0NRT,289.69,1.75,N
8.11868,80.81451,303.83,0.55,0.43,2026-08-28,2000,N,nominal,2.0NRT,290.23,2.69,N
8.12065,80.80275,305.22,0.55,0.43,2026-08-28,2000,N,nominal,2.0NRT,292.45,2.23,N
8.1199,80.80773,309.11,0.55,0.43,2026-08-28,2000,N,nominal,2.0NRT,290.57,1.65,N
8.11915,80.81272,304.91,0.55,0.43,2026-08-28,2000,N,nominal,2.0NRT,290.01,1.65,N
7.8021,80.47414,305.84,0.57,0.43,2026-08-28,2000,N,nominal,2.0NRT,290.75,1.63,N
6.86092,81.53809,305.96,0.48,0.4,2026-08-28,2000,N,nominal,2.0NRT,290.81,1.08,N
6.81763,80.87114,310.41,0.53,0.42,2026-08-28,2000,N,nominal,2.0NRT,284.4,0.96,N
6.817,80.87542,303.83,0.53,0.42,2026-08-28,2000,N,nominal,2.0NRT,283.86,0.96,N
6.81385,80.87016,325.37,0.53,0.42,2026-08-28,2000,N,nominal,2.0NRT,283.06,3.37,N
6.81319,80.87464,314.97,0.53,0.42,2026-08-28,2000,N,nominal,2.0NRT,284.96,3.37,N
6.81518,80.87301,337.37,0.52,0.42,2026-08-28,2000,N,nominal,2.0NRT,286.53,3.98,N
6.81137,80.87222,303.74,0.52,0.42,2026-08-28,2000,N,nominal,2.0NRT,282.5,3.98,N
27.37928,95.33176,306.89,0.56,0.43,2026-08-28,1953,N,nominal,2.0NRT,289.99,3.02,N
27.37818,95.33735,310.91,0.56,0.43,2026-08-28,1953,N,nominal,2.0NRT,290.26,2.81,N
27.32473,95.27738,308.91,0.56,0.43,2026-08-28,1953,N,nominal,2.0NRT,289.97,0.89,N
27.326,95.27651,309.19,0.56,0.43,2026-08-28,1953,N,nominal,2.0NRT,290.24,0.92,N
24.11668,86.85818,299.08,0.42,0.38,2026-08-28,1955,N,nominal,2.0NRT,270.26,1.25,N
24.11609,86.8623,299.6,0.42,0.38,2026-08-28,1955,N,nominal,2.0NRT,273.16,1.75,N
17.95635,80.79659,310.34,0.49,0.49,2026-08-28,1957,N,nominal,2.0NRT,286.49,1.61,N
17.46345,80.65358,305.28,0.5,0.49,2026-08-28,1957,N,nominal,2.0NRT,287.2,1.06,N
17.46277,80.65205,305.23,0.5,0.49,2026-08-28,1957,N,nominal,2.0NRT,287.76,2.54,N
15.66104,73.9874,299.07,0.65,0.73,2026-08-28,1957,N,nominal,2.0NRT,285.44,0.86,N
15.65942,73.98846,301.95,0.65,0.73,2026-08-28,1957,N,nominal,2.0NRT,285.04,0.75,N
15.17497,77.10068,306.28,0.4,0.6,2026-08-28,1957,N,nominal,2.0NRT,288.41,0.83,N
15.18332,76.66703,307.26,0.43,0.62,2026-08-28,1957,N,nominal,2.0NRT,287.05,1.48,N
15.18288,76.67104,302.34,0.43,0.62,2026-08-28,1957,N,nominal,2.0NRT,287.09,1.48,N
15.18244,76.67507,315.47,0.43,0.62,2026-08-28,1957,N,nominal,2.0NRT,286.94,2.9,N
15.17891,76.65431,302.81,0.43,0.62,2026-08-28,1957,N,nominal,2.0NRT,286.99,1.76,N
15.18653,76.67741,301.38,0.43,0.62,2026-08-28,1957,N,nominal,2.0NRT,286.17,1.49,N
15.18174,76.66875,301.69,0.43,0.62,2026-08-28,1957,N,nominal,2.0NRT,286.44,2,N
15.18128,76.67277,310.62,0.43,0.62,2026-08-28,1957,N,nominal,2.0NRT,286.51,2,N
15.18081,76.67679,307.26,0.43,0.62,2026-08-28,1957,N,nominal,2.0NRT,285.14,1.49,N
15.17742,76.65607,302.89,0.43,0.62,2026-08-28,1957,N,nominal,2.0NRT,286.94,2.55,N
15.17508,76.67622,297.14,0.43,0.62,2026-08-28,1957,N,nominal,2.0NRT,282.33,0.95,N
13.71205,79.61907,307.18,0.52,0.5,2026-08-28,1957,N,nominal,2.0NRT,290.35,2.67,N
10.61728,77.41994,301.09,0.33,0.55,2026-08-28,2000,N,nominal,2.0NRT,284.85,0.23,N
39.86189,98.25308,315.97,0.48,0.4,2026-08-28,1949,N,nominal,2.0NRT,290.85,2.75,N
39.84213,98.27554,328.69,0.48,0.4,2026-08-28,1949,N,nominal,2.0NRT,286.27,4.07,N
39.82254,98.23959,299.35,0.48,0.4,2026-08-28,1949,N,nominal,2.0NRT,287.18,0.84,N
39.81154,98.29444,309.16,0.48,0.4,2026-08-28,1949,N,nominal,2.0NRT,292.08,1.82,N
39.81044,98.29995,317.57,0.48,0.4,2026-08-28,1949,N,nominal,2.0NRT,292.56,1.82,N
39.79299,97.88907,303.27,0.46,0.39,2026-08-28,1949,N,nominal,2.0NRT,289.31,0.93,N
39.79194,97.89439,297.25,0.46,0.39,2026-08-28,1949,N,nominal,2.0NRT,287.05,0.93,N
39.59271,94.30653,299.04,0.39,0.36,2026-08-28,1951,N,nominal,2.0NRT,288.06,0.51,N
36.89187,101.7495,295.82,0.53,0.5,2026-08-28,1951,N,nominal,2.0NRT,280.41,0.83,N
36.43926,101.60069,296.01,0.54,0.51,2026-08-28,1951,N,nominal,2.0NRT,277.62,1.36,N
36.74481,95.23365,311.03,0.42,0.37,2026-08-28,1951,N,nominal,2.0NRT,290.98,2.22,N
36.74516,95.23571,306.78,0.42,0.37,2026-08-28,1951,N,nominal,2.0NRT,290.36,1.69,N
28.94593,58.51933,307.29,0.44,0.46,2026-08-28,2136,N,nominal,2.0NRT,295.51,1.56,N
29.13409,55.37959,305.14,0.34,0.56,2026-08-28,2136,N,nominal,2.0NRT,293.53,0.99,N
29.13299,55.37996,304.37,0.34,0.56,2026-08-28,2136,N,nominal,2.0NRT,293.17,0.86,N
25.94091,72.19165,311.26,0.53,0.5,2026-08-28,2136,N,nominal,2.0NRT,294.86,2.14,N
27.94871,57.57615,308.08,0.48,0.48,2026-08-28,2136,N,nominal,2.0NRT,295.32,1.83,N
27.22932,60.48814,314.08,0.49,0.41,2026-08-28,2136,N,nominal,2.0NRT,300.35,3.01,N
24.66053,74.63365,302.81,0.4,0.6,2026-08-28,2136,N,nominal,2.0NRT,289.45,1.34,N
27.30155,56.30148,314.68,0.57,0.52,2026-08-28,2136,N,nominal,2.0NRT,299.97,1.69,N
27.1707,56.05145,332.86,0.59,0.53,2026-08-28,2136,N,nominal,2.0NRT,301.16,3.04,N
27.16138,56.09853,322.64,0.58,0.52,2026-08-28,2136,N,nominal,2.0NRT,300.78,5.44,N
27.16583,56.0508,313.72,0.59,0.53,2026-08-28,2136,N,nominal,2.0NRT,299.67,3.04,N
27.16082,56.1045,316.09,0.58,0.52,2026-08-28,2136,N,nominal,2.0NRT,299.89,1.96,N
27.1729,56.05105,312.54,0.59,0.53,2026-08-28,2136,N,nominal,2.0NRT,300.1,3.3,N
27.16803,56.05044,324.95,0.59,0.53,2026-08-28,2136,N,nominal,2.0NRT,300.38,3.3,N
27.16265,56.104,326.48,0.58,0.52,2026-08-28,2136,N,nominal,2.0NRT,300.47,2.7,N
27.16325,56.09804,315.4,0.58,0.52,2026-08-28,2136,N,nominal,2.0NRT,300.42,2.7,N
25.97317,56.06842,319.03,0.57,0.52,2026-08-28,2136,N,nominal,2.0NRT,302.98,2.78,N
25.5568,55.98301,311.59,0.57,0.52,2026-08-28,2136,N,nominal,2.0NRT,301.11,1.74,N
39.8534,66.19992,309.71,0.41,0.37,2026-08-28,2131,N,nominal,2.0NRT,295.29,1.34,N
39.17774,68.61401,301.69,0.39,0.36,2026-08-28,2131,N,nominal,2.0NRT,285.95,0.84,N
39.92541,63.10244,329.39,0.52,0.41,2026-08-28,2131,N,nominal,2.0NRT,296.4,2.92,N
39.8457,63.16679,319.22,0.51,0.41,2026-08-28,2131,N,nominal,2.0NRT,294.74,2,N
39.84501,63.17279,318.2,0.51,0.41,2026-08-28,2131,N,nominal,2.0NRT,294.33,2,N
39.18202,65.31509,310.64,0.42,0.38,2026-08-28,2131,N,nominal,2.0NRT,295.6,0.97,N
38.65117,68.77331,306.21,0.39,0.36,2026-08-28,2131,N,nominal,2.0NRT,294.42,0.94,N
39.25078,63.21264,307.72,0.5,0.41,2026-08-28,2131,N,nominal,2.0NRT,293.22,1.49,N
38.39626,69.11211,310.09,0.39,0.36,2026-08-28,2131,N,nominal,2.0NRT,295.55,0.95,N
39.17659,63.57774,302.39,0.48,0.4,2026-08-28,2131,N,nominal,2.0NRT,292.3,0.41,N
39.20447,63.2801,303.31,0.5,0.41,2026-08-28,2131,N,nominal,2.0NRT,292.11,0.37,N
39.1807,63.35211,303.67,0.49,0.41,2026-08-28,2131,N,nominal,2.0NRT,292.78,0.66,N
39.15912,63.47044,304.63,0.49,0.4,2026-08-28,2131,N,nominal,2.0NRT,293.38,0.84,N
39.17317,63.28592,308.12,0.5,0.41,2026-08-28,2131,N,nominal,2.0NRT,293.03,1.04,N
39.16904,63.25557,319.11,0.5,0.41,2026-08-28,2131,N,nominal,2.0NRT,294.87,2.71,N
39.16837,63.26136,303.8,0.5,0.41,2026-08-28,2131,N,nominal,2.0NRT,293.23,1.12,N
39.1542,63.31763,303.73,0.5,0.41,2026-08-28,2131,N,nominal,2.0NRT,292.69,1.06,N
39.12872,63.30682,304.8,0.5,0.41,2026-08-28,2131,N,nominal,2.0NRT,293.01,0.96,N
38.32568,68.98464,307.78,0.39,0.36,2026-08-28,2131,N,nominal,2.0NRT,296.24,1.4,N
38.99571,64.11743,307.78,0.46,0.39,2026-08-28,2131,N,nominal,2.0NRT,295.17,0.83,N
39.05521,63.44283,311.21,0.49,0.4,2026-08-28,2131,N,nominal,2.0NRT,292.44,1.5,N
39.01646,63.70395,304.72,0.48,0.4,2026-08-28,2131,N,nominal,2.0NRT,294.24,0.8,N
38.97338,63.65585,303.93,0.48,0.4,2026-08-28,2131,N,nominal,2.0NRT,292.32,0.29,N
38.95433,63.75355,303.76,0.47,0.4,2026-08-28,2131,N,nominal,2.0NRT,293.64,0.66,N
38.97277,63.46722,305.81,0.49,0.4,2026-08-28,2131,N,nominal,2.0NRT,294.82,1.92,N
38.97502,63.46652,313.86,0.49,0.4,2026-08-28,2131,N,nominal,2.0NRT,295.54,1.73,N
38.90904,63.79358,305.95,0.47,0.4,2026-08-28,2131,N,nominal,2.0NRT,293.23,0.86,N
38.87127,63.79722,304.23,0.47,0.4,2026-08-28,2131,N,nominal,2.0NRT,292.49,0.87,N
38.45366,65.8055,310.34,0.41,0.37,2026-08-28,2131,N,nominal,2.0NRT,294.77,1.31,N
38.45372,65.80331,309.79,0.41,0.37,2026-08-28,2131,N,nominal,2.0NRT,294.22,1.12,N
38.35295,66.31357,303.26,0.4,0.37,2026-08-28,2131,N,nominal,2.0NRT,293.19,0.86,N
38.65216,63.98206,309.62,0.46,0.39,2026-08-28,2131,N,nominal,2.0NRT,293.16,0.63,N
24.50821,56.60816,313.49,0.5,0.49,2026-08-28,2138,N,nominal,2.0NRT,303.14,1.58,N
24.50367,56.60755,335.51,0.5,0.49,2026-08-28,2138,N,nominal,2.0NRT,302.99,4.22,N
38.05162,67.26363,337.66,0.39,0.36,2026-08-28,2133,N,nominal,2.0NRT,295.95,12.99,N
38.40106,64.41095,309.44,0.44,0.39,2026-08-28,2133,N,nominal,2.0NRT,296.27,1.24,N
24.50531,56.59249,313.16,0.5,0.49,2026-08-28,2138,N,nominal,2.0NRT,302.9,1.53,N
38.16771,64.57565,311.41,0.44,0.38,2026-08-28,2133,N,nominal,2.0NRT,297.14,1.23,N
24.50422,56.60253,315.23,0.5,0.49,2026-08-28,2138,N,nominal,2.0NRT,304.06,3.49,N
38.1296,64.67431,308.66,0.43,0.38,2026-08-28,2133,N,nominal,2.0NRT,297.75,1.27,N
38.45546,61.65999,306.39,0.39,0.44,2026-08-28,2133,N,nominal,2.0NRT,293.18,0.47,N
24.45439,56.55036,315.38,0.51,0.49,2026-08-28,2138,N,nominal,2.0NRT,302.6,1.69,N
38.05552,64.8843,309.68,0.43,0.38,2026-08-28,2133,N,nominal,2.0NRT,296.48,0.71,N
38.05297,64.90363,308.3,0.42,0.38,2026-08-28,2133,N,nominal,2.0NRT,296.05,1,N
37.92911,65.64069,309.11,0.41,0.37,2026-08-28,2133,N,nominal,2.0NRT,293.46,0.72,N
37.90426,65.10619,307.98,0.42,0.38,2026-08-28,2133,N,nominal,2.0NRT,294.71,0.7,N
37.88671,65.08976,306.01,0.42,0.38,2026-08-28,2133,N,nominal,2.0NRT,295,1.05,N
24.50905,54.01534,338.55,0.37,0.58,2026-08-28,2138,N,nominal,2.0NRT,303.05,2.94,N
37.82924,65.17464,311.62,0.42,0.37,2026-08-28,2133,N,nominal,2.0NRT,293.72,0.98,N
37.82581,65.1739,305.28,0.42,0.37,2026-08-28,2133,N,nominal,2.0NRT,294.13,0.98,N
37.75792,65.49028,309.57,0.41,0.37,2026-08-28,2133,N,nominal,2.0NRT,295.29,0.85,N
37.67402,65.26447,306.66,0.41,0.37,2026-08-28,2133,N,nominal,2.0NRT,294.65,0.83,N
38.64968,54.28172,299.54,0.48,0.64,2026-08-28,2133,N,nominal,2.0NRT,276.53,3.07,N
24.44073,54.25502,323.61,0.35,0.57,2026-08-28,2138,N,nominal,2.0NRT,302.46,1.83,N
37.79759,62.55245,322.05,0.52,0.41,2026-08-28,2133,N,nominal,2.0NRT,295.07,2.49,N
37.78746,62.53856,321.19,0.52,0.41,2026-08-28,2133,N,nominal,2.0NRT,294.39,2.6,N
24.4404,54.25855,321.32,0.35,0.57,2026-08-28,2138,N,nominal,2.0NRT,302.33,1.83,N
37.79534,62.55121,306.55,0.52,0.41,2026-08-28,2133,N,nominal,2.0NRT,292.4,1.25,N
37.78908,62.53806,317.11,0.52,0.41,2026-08-28,2133,N,nominal,2.0NRT,294.6,2.58,N
37.77526,62.02871,302.54,0.55,0.42,2026-08-28,2133,N,nominal,2.0NRT,291.83,0.72,N
37.74437,62.13064,307.25,0.54,0.42,2026-08-28,2133,N,nominal,2.0NRT,293.24,1.3,N
37.79486,61.49435,308.13,0.39,0.44,2026-08-28,2133,N,nominal,2.0NRT,294.39,0.63,N
21.1034,72.64882,301.14,0.35,0.57,2026-08-28,2138,N,nominal,2.0NRT,288.98,0.74,N
37.72822,62.09636,307.19,0.54,0.42,2026-08-28,2133,N,nominal,2.0NRT,294.47,0.94,N
37.72432,62.09567,306.4,0.54,0.42,2026-08-28,2133,N,nominal,2.0NRT,293.63,0.94,N
37.79457,61.49585,306.04,0.39,0.44,2026-08-28,2133,N,nominal,2.0NRT,294.27,1.07,N
21.10043,72.63733,305.36,0.35,0.57,2026-08-28,2138,N,nominal,2.0NRT,289.84,1.2,N
37.72489,62.09463,314.86,0.54,0.42,2026-08-28,2133,N,nominal,2.0NRT,293.73,2.01,N
23.55449,58.19887,315.87,0.39,0.44,2026-08-28,2138,N,nominal,2.0NRT,304.58,0.59,N
37.66967,62.23463,306.15,0.53,0.42,2026-08-28,2133,N,nominal,2.0NRT,293.08,0.89,N
23.48246,58.2791,318.32,0.39,0.44,2026-08-28,2138,N,nominal,2.0NRT,303.71,1.46,N
37.66127,62.23932,303.3,0.53,0.42,2026-08-28,2133,N,nominal,2.0NRT,293.21,1.69,N
37.63754,62.20414,308.95,0.53,0.42,2026-08-28,2133,N,nominal,2.0NRT,292.64,1.1,N
37.62847,62.21494,309.83,0.53,0.42,2026-08-28,2133,N,nominal,2.0NRT,294.76,1.83,N
37.65391,61.9044,304.93,0.55,0.43,2026-08-28,2133,N,nominal,2.0NRT,293.3,0.99,N
37.62536,62.17096,312.85,0.54,0.42,2026-08-28,2133,N,nominal,2.0NRT,295.37,1.47,N
23.36716,56.28276,312.91,0.51,0.49,2026-08-28,2138,N,nominal,2.0NRT,301.66,1.21,N
37.62611,62.12743,306.15,0.54,0.42,2026-08-28,2133,N,nominal,2.0NRT,293.64,1.48,N
37.6209,62.139,308.59,0.54,0.42,2026-08-28,2133,N,nominal,2.0NRT,295.22,1.66,N
20.9107,71.46196,305.7,0.6,0.53,2026-08-28,2138,N,nominal,2.0NRT,292.17,2.89,N
37.65477,61.90406,306.96,0.55,0.43,2026-08-28,2133,N,nominal,2.0NRT,293.79,1.76,N
37.62476,62.17018,311.1,0.54,0.42,2026-08-28,2133,N,nominal,2.0NRT,295.43,2.19,N
23.18977,55.45824,325.26,0.57,0.52,2026-08-28,2138,N,nominal,2.0NRT,301.63,4.25,N
37.62574,62.12672,305.62,0.54,0.42,2026-08-28,2133,N,nominal,2.0NRT,293.44,0.91,N
23.31024,54.17743,321.59,0.35,0.56,2026-08-28,2138,N,nominal,2.0NRT,299.38,1.67,N
37.62047,62.13829,313.28,0.54,0.42,2026-08-28,2133,N,nominal,2.0NRT,296.2,2.35,N
23.31056,54.17397,310.57,0.35,0.56,2026-08-28,2138,N,nominal,2.0NRT,298.67,1.95,N
37.94141,58.56451,310.46,0.55,0.51,2026-08-28,2133,N,nominal,2.0NRT,295.32,1.14,N
23.1907,55.45735,321.91,0.57,0.52,2026-08-28,2138,N,nominal,2.0NRT,301.22,4.22,N
37.61068,61.6037,322.11,0.57,0.43,2026-08-28,2133,N,nominal,2.0NRT,297.07,2.83,N
23.3105,54.17434,310.23,0.35,0.56,2026-08-28,2138,N,nominal,2.0NRT,298.51,1.41,N
37.61341,61.57767,306.65,0.57,0.43,2026-08-28,2133,N,nominal,2.0NRT,295.17,1.85,N
23.31015,54.17778,318.58,0.35,0.56,2026-08-28,2138,N,nominal,2.0NRT,299.23,1.11,N
37.61205,61.5907,305.51,0.57,0.43,2026-08-28,2133,N,nominal,2.0NRT,294.3,1.46,N
23.15279,55.44678,311.88,0.57,0.52,2026-08-28,2138,N,nominal,2.0NRT,299.99,1.49,N
37.59428,61.52675,311.7,0.38,0.43,2026-08-28,2133,N,nominal,2.0NRT,295.34,1.47,N
22.8739,55.61209,324.43,0.55,0.51,2026-08-28,2138,N,nominal,2.0NRT,298.76,2.3,N
37.58678,61.55986,308.05,0.57,0.43,2026-08-28,2133,N,nominal,2.0NRT,294.69,1.6,N
37.58278,61.55919,313.59,0.57,0.43,2026-08-28,2133,N,nominal,2.0NRT,295.25,1.6,N
22.78333,54.72951,311.44,0.63,0.54,2026-08-28,2138,N,nominal,2.0NRT,299.19,0.68,N
37.58597,61.56003,309.09,0.57,0.43,2026-08-28,2133,N,nominal,2.0NRT,294.72,2.16,N
22.44393,56.69751,312.91,0.47,0.48,2026-08-28,2138,N,nominal,2.0NRT,297.85,1.52,N
37.58197,61.55936,316.61,0.57,0.43,2026-08-28,2133,N,nominal,2.0NRT,295.42,2.16,N
22.40576,56.98923,324.04,0.45,0.47,2026-08-28,2138,N,nominal,2.0NRT,298.1,2.44,N
37.4984,61.84503,315.06,0.55,0.43,2026-08-28,2133,N,nominal,2.0NRT,297.01,3.92,N
22.32897,56.49042,340.53,0.48,0.48,2026-08-28,2138,N,nominal,2.0NRT,299.71,5.07,N
37.63472,60.33749,311.05,0.44,0.46,2026-08-28,2133,N,nominal,2.0NRT,294.23,1.08,N
22.3266,56.47116,319.61,0.48,0.48,2026-08-28,2138,N,nominal,2.0NRT,299.47,1.68,N
37.42316,62.31236,311.85,0.53,0.42,2026-08-28,2133,N,nominal,2.0NRT,293.36,1.47,N
22.32837,56.47319,320.43,0.48,0.48,2026-08-28,2138,N,nominal,2.0NRT,299.49,1.7,N
37.40396,62.30891,303.43,0.53,0.42,2026-08-28,2133,N,nominal,2.0NRT,292.47,0.86,N
22.3267,56.48724,336.55,0.48,0.48,2026-08-28,2138,N,nominal,2.0NRT,298.79,2.73,N
37.51195,61.0162,309.95,0.4,0.45,2026-08-28,2133,N,nominal,2.0NRT,295.52,1.2,N
22.32614,56.49197,309.7,0.48,0.48,2026-08-28,2138,N,nominal,2.0NRT,298.84,2.73,N
37.50277,61.02409,305.46,0.4,0.45,2026-08-28,2133,N,nominal,2.0NRT,294.45,0.87,N
22.29058,56.52559,310.46,0.48,0.48,2026-08-28,2138,N,nominal,2.0NRT,298.53,0.84,N
37.48632,60.45972,304.71,0.43,0.46,2026-08-28,2133,N,nominal,2.0NRT,292.2,0.81,N
37.34851,61.36238,312.76,0.39,0.44,2026-08-28,2133,N,nominal,2.0NRT,293.87,1.12,N
37.32657,61.09507,305.65,0.4,0.44,2026-08-28,2133,N,nominal,2.0NRT,293.53,0.56,N
37.30343,61.11892,304.53,0.4,0.44,2026-08-28,2133,N,nominal,2.0NRT,293.12,0.7,N
22.52365,54.04922,324.62,0.35,0.56,2026-08-28,2138,N,nominal,2.0NRT,299.27,1.81,N
37.30407,61.12149,310.06,0.4,0.44,2026-08-28,2133,N,nominal,2.0NRT,293.72,0.67,N
21.93794,57.07188,338.11,0.44,0.46,2026-08-28,2138,N,nominal,2.0NRT,296.76,2.94,N
37.11923,62.36359,322.3,0.52,0.41,2026-08-28,2133,N,nominal,2.0NRT,295.97,3.18,N
21.93888,57.07372,331.94,0.44,0.46,2026-08-28,2138,N,nominal,2.0NRT,296.84,4.09,N
37.11542,62.36292,316.05,0.52,0.41,2026-08-28,2133,N,nominal,2.0NRT,295.72,3.18,N
21.89205,56.84665,325.11,0.45,0.47,2026-08-28,2138,N,nominal,2.0NRT,297.25,2.43,N
37.03302,62.41911,321.18,0.51,0.41,2026-08-28,2133,N,nominal,2.0NRT,297.98,2.94,N
21.83575,56.68156,320.45,0.46,0.47,2026-08-28,2138,N,nominal,2.0NRT,298.16,1.4,N
21.64673,55.9957,333.63,0.51,0.49,2026-08-28,2138,N,nominal,2.0NRT,302.91,4.01,N
37.0337,62.41332,307.62,0.51,0.41,2026-08-28,2133,N,nominal,2.0NRT,295.23,2.94,N
21.46324,57.24572,307.63,0.42,0.45,2026-08-28,2138,N,nominal,2.0NRT,296.18,0.54,N
37.5033,57.32396,302.31,0.32,0.55,2026-08-28,2133,N,nominal,2.0NRT,287.66,0.38,N
21.45905,57.24513,306.63,0.42,0.45,2026-08-28,2138,N,nominal,2.0NRT,296.07,0.54,N
37.45161,57.68795,303.18,0.61,0.53,2026-08-28,2133,N,nominal,2.0NRT,292.84,0.67,N
21.33313,57.72139,313.89,0.39,0.44,2026-08-28,2138,N,nominal,2.0NRT,294.67,1.08,N
37.21688,60.02082,311.17,0.45,0.47,2026-08-28,2133,N,nominal,2.0NRT,293.31,1.06,N
21.32095,57.71957,306.91,0.39,0.44,2026-08-28,2138,N,nominal,2.0NRT,294.35,1.38,N
34.84531,73.12538,298.62,0.4,0.44,2026-08-28,2133,N,nominal,2.0NRT,286.73,1.3,N
21.32048,57.7234,318.49,0.39,0.44,2026-08-28,2138,N,nominal,2.0NRT,294.65,0.97,N
36.99158,56.23225,307.39,0.36,0.58,2026-08-28,2133,N,nominal,2.0NRT,290.76,0.9,N
21.3141,57.74189,322.4,0.39,0.44,2026-08-28,2138,N,nominal,2.0NRT,294.53,1.76,N
36.43909,61.22065,306.98,0.38,0.44,2026-08-28,2133,N,nominal,2.0NRT,295.08,0.69,N
21.31364,57.74569,319.62,0.39,0.44,2026-08-28,2138,N,nominal,2.0NRT,294.76,1.8,N
36.43853,61.21698,308.22,0.38,0.44,2026-08-28,2133,N,nominal,2.0NRT,295.01,0.96,N
21.32123,57.72084,327.85,0.39,0.44,2026-08-28,2138,N,nominal,2.0NRT,295.05,1.92,N
36.27149,59.64956,303.29,0.46,0.47,2026-08-28,2133,N,nominal,2.0NRT,292.63,0.61,N
21.31423,57.7431,320.6,0.39,0.44,2026-08-28,2138,N,nominal,2.0NRT,294.66,2.43,N
35.90813,62.96651,309.86,0.47,0.4,2026-08-28,2133,N,nominal,2.0NRT,297.69,2.05,N
21.31374,57.74688,324.75,0.39,0.44,2026-08-28,2138,N,nominal,2.0NRT,295.17,1.4,N
36.27179,59.6487,304.83,0.46,0.47,2026-08-28,2133,N,nominal,2.0NRT,292.73,0.75,N
21.30969,57.74629,313.59,0.39,0.44,2026-08-28,2138,N,nominal,2.0NRT,294.3,0.87,N
36.23721,59.73251,303.65,0.46,0.47,2026-08-28,2133,N,nominal,2.0NRT,291.66,1.16,N
21.30288,57.79918,319.73,0.39,0.44,2026-08-28,2138,N,nominal,2.0NRT,295.46,0.9,N
36.299,54.78658,302.94,0.43,0.62,2026-08-28,2133,N,nominal,2.0NRT,292.77,0.7,N
21.30647,57.707,313.87,0.39,0.44,2026-08-28,2138,N,nominal,2.0NRT,294.83,0.94,N
36.29853,54.78514,303.21,0.43,0.62,2026-08-28,2133,N,nominal,2.0NRT,292.84,0.73,N
21.29721,57.68233,305.43,0.4,0.44,2026-08-28,2138,N,nominal,2.0NRT,294.39,0.45,N
21.33545,56.69868,340.68,0.45,0.47,2026-08-28,2138,N,nominal,2.0NRT,301.19,9.63,N
35.36895,59.30545,301.42,0.47,0.48,2026-08-28,2133,N,nominal,2.0NRT,290.36,0.8,N
21.33111,56.69808,341.5,0.45,0.47,2026-08-28,2138,N,nominal,2.0NRT,297.27,9.63,N
21.33444,56.69503,327.02,0.45,0.47,2026-08-28,2138,N,nominal,2.0NRT,296.92,10.18,N
21.3339,56.69944,335.72,0.45,0.47,2026-08-28,2138,N,nominal,2.0NRT,301.44,10.18,N
21.0029,56.53045,337.93,0.46,0.47,2026-08-28,2138,N,nominal,2.0NRT,297.72,7.7,N
20.55757,56.41842,310.73,0.46,0.47,2026-08-28,2138,N,nominal,2.0NRT,294.76,0.74,N
20.37806,55.93492,323.46,0.49,0.49,2026-08-28,2138,N,nominal,2.0NRT,296.89,1.7,N
33.23443,71.51507,309.83,0.53,0.42,2026-08-28,2133,N,nominal,2.0NRT,294.83,2.87,N
20.37356,55.9343,312.34,0.49,0.49,2026-08-28,2138,N,nominal,2.0NRT,296.46,1.37,N
33.29671,71.18774,310.92,0.51,0.41,2026-08-28,2133,N,nominal,2.0NRT,295.41,3.28,N
20.39089,55.66018,319.12,0.51,0.5,2026-08-28,2138,N,nominal,2.0NRT,297.18,2.62,N
20.39057,55.66343,323.32,0.51,0.5,2026-08-28,2138,N,nominal,2.0NRT,297.32,2.92,N
33.24416,71.29903,315.28,0.52,0.42,2026-08-28,2133,N,nominal,2.0NRT,295.52,4.38,N
20.38777,55.64787,311.48,0.51,0.5,2026-08-28,2138,N,nominal,2.0NRT,296.93,2.01,N
32.64531,72.97565,307.22,0.43,0.46,2026-08-28,2133,N,nominal,2.0NRT,295.31,1.63,N
20.21328,55.71316,317.44,0.51,0.49,2026-08-28,2138,N,nominal,2.0NRT,296.2,1.13,N
19.26808,56.17499,307.3,0.46,0.47,2026-08-28,2138,N,nominal,2.0NRT,293.87,0.7,N
32.88881,71.6145,315.56,0.55,0.42,2026-08-28,2133,N,nominal,2.0NRT,296.37,4.89,N
18.69074,55.50644,308.5,0.5,0.49,2026-08-28,2138,N,nominal,2.0NRT,294.89,8.1,N
32.29657,74.31654,307.16,0.52,0.5,2026-08-28,2133,N,nominal,2.0NRT,292.56,2.54,N
18.68621,55.50582,349.52,0.5,0.49,2026-08-28,2138,N,nominal,2.0NRT,295.39,8.1,N
33.75268,59.14748,311.68,0.46,0.47,2026-08-28,2133,N,nominal,2.0NRT,288.48,1.41,N
18.32127,55.1048,332.68,0.52,0.5,2026-08-28,2138,N,nominal,2.0NRT,297.71,4.93,N
18.32252,55.10317,331.76,0.52,0.5,2026-08-28,2138,N,nominal,2.0NRT,297.86,4.24,N
30.47519,76.58662,304.01,0.38,0.59,2026-08-28,2133,N,nominal,2.0NRT,288.36,0.86,N
18.03472,54.64174,352.78,0.56,0.51,2026-08-28,2138,N,nominal,2.0NRT,299.39,11.69,N
31.76995,70.11077,309.2,0.49,0.4,2026-08-28,2133,N,nominal,2.0NRT,297.18,2.36,N
18.03536,54.63643,310.69,0.56,0.51,2026-08-28,2138,N,nominal,2.0NRT,296.78,2.78,N
32.63626,59.75808,299.19,0.41,0.45,2026-08-28,2133,N,nominal,2.0NRT,288.72,0.63,N
18.01918,54.56921,311.19,0.56,0.52,2026-08-28,2138,N,nominal,2.0NRT,295.88,15.91,N
32.63527,59.75614,300.12,0.41,0.45,2026-08-28,2133,N,nominal,2.0NRT,287.88,0.49,N
18.01441,54.56861,339.48,0.56,0.52,2026-08-28,2138,N,nominal,2.0NRT,298.99,15.91,N
18.01377,54.57396,334.09,0.56,0.52,2026-08-28,2138,N,nominal,2.0NRT,305.55,28.48,N
32.33233,54.08735,299.75,0.44,0.62,2026-08-28,2133,N,nominal,2.0NRT,288.09,0.85,N
31.43782,61.25834,335.06,0.5,0.41,2026-08-28,2133,N,nominal,2.0NRT,302.27,4.86,N
31.43406,61.25771,323.57,0.5,0.41,2026-08-28,2133,N,nominal,2.0NRT,300.46,4.17,N
31.62133,54.72283,302.75,0.39,0.6,2026-08-28,2136,N,nominal,2.0NRT,291.35,1.28,N
30.75374,56.65565,313.48,0.59,0.53,2026-08-28,2136,N,nominal,2.0NRT,291.42,3.25,N
30.66556,56.61909,301.79,0.6,0.53,2026-08-28,2136,N,nominal,2.0NRT,287.75,1.21,N
30.38971,55.77559,302.83,0.33,0.55,2026-08-28,2136,N,nominal,2.0NRT,289.4,0.38,N
28.42477,69.69869,313.81,0.52,0.42,2026-08-28,2136,N,nominal,2.0NRT,298.24,1.06,N
28.42534,69.70181,313.98,0.52,0.42,2026-08-28,2136,N,nominal,2.0NRT,298.29,1.63,N
30.32383,55.97339,314.54,0.32,0.55,2026-08-28,2136,N,nominal,2.0NRT,290.06,0.86,N
30.23447,56.90988,321.43,0.57,0.52,2026-08-28,2136,N,nominal,2.0NRT,291.99,2.42,N
30.21754,55.98316,304.48,0.32,0.55,2026-08-28,2136,N,nominal,2.0NRT,289.6,0.81,N
30.0822,55.39598,306.68,0.35,0.57,2026-08-28,2136,N,nominal,2.0NRT,291.16,1.2,N
30.08191,55.39965,308.25,0.35,0.57,2026-08-28,2136,N,nominal,2.0NRT,290.6,1.2,N
30.0825,55.3976,315.78,0.35,0.57,2026-08-28,2136,N,nominal,2.0NRT,291.53,2.25,N
29.47627,60.80811,306.36,0.5,0.41,2026-08-28,2136,N,nominal,2.0NRT,291.6,0.87,N
29.99151,55.85455,344.15,0.33,0.55,2026-08-28,2136,N,nominal,2.0NRT,289.36,2.56,N
29.98643,55.85386,329.02,0.33,0.55,2026-08-28,2136,N,nominal,2.0NRT,286.2,2.56,N
29.70119,55.53575,308.54,0.34,0.56,2026-08-28,2136,N,nominal,2.0NRT,288.67,0.76,N
29.51168,55.79933,300.39,0.32,0.55,2026-08-28,2136,N,nominal,2.0NRT,289.3,0.91,N
29.51354,55.79996,300.54,0.32,0.55,2026-08-28,2136,N,nominal,2.0NRT,289.53,0.75,N
39.51174,54.32956,305.83,0.34,0.56,2026-08-28,2314,N,nominal,2.0NRT,292.66,0.84,N
38.25302,58.39238,303.12,0.58,0.7,2026-08-28,2314,N,nominal,2.0NRT,292.29,1.27,N
38.67978,54.31333,299.71,0.36,0.57,2026-08-28,2314,N,nominal,2.0NRT,288.75,0.9,N
38.67874,54.31728,302.22,0.36,0.57,2026-08-28,2314,N,nominal,2.0NRT,287.05,0.72,N
36.9898,56.23168,300.29,0.5,0.65,2026-08-28,2314,N,nominal,2.0NRT,288.14,0.23,N
36.48098,54.90136,302.47,0.44,0.62,2026-08-28,2314,N,nominal,2.0NRT,290.16,0.67,N
32.33834,54.08619,296.42,0.5,0.66,2026-08-28,2316,N,nominal,2.0NRT,286.22,0.51,N
31.9381,54.04513,302.65,0.51,0.66,2026-08-28,2316,N,nominal,2.0NRT,290.7,1.13,N
30.50004,56.81684,298.97,0.79,0.78,2026-08-28,2316,N,nominal,2.0NRT,288.17,2.97,N
30.49682,56.81802,299.67,0.79,0.78,2026-08-28,2316,N,nominal,2.0NRT,287.8,2.49,N
30.32391,55.97303,296.42,0.72,0.76,2026-08-28,2316,N,nominal,2.0NRT,286.4,0.98,N
30.32379,55.97496,297.2,0.72,0.76,2026-08-28,2316,N,nominal,2.0NRT,286.24,1.06,N
29.99096,55.85144,300.35,0.73,0.76,2026-08-28,2316,N,nominal,2.0NRT,283.45,2.19,N
29.9884,55.86031,300.72,0.73,0.76,2026-08-28,2316,N,nominal,2.0NRT,284.51,2.19,N
30.07751,55.39163,297.57,0.68,0.74,2026-08-28,2316,N,nominal,2.0NRT,287.17,2.89,N
14.52675,99.54555,336.97,0.52,0.42,2026-08-29,0705,N,nominal,2.0NRT,296.25,5.52,D
15.08736,100.66895,333.46,0.41,0.45,2026-08-29,0705,N,nominal,2.0NRT,292.09,4.88,D
15.21264,100.53157,333.42,0.41,0.45,2026-08-29,0705,N,nominal,2.0NRT,292.15,4.15,D
15.19731,100.31341,340.44,0.39,0.44,2026-08-29,0705,N,nominal,2.0NRT,291.85,4.58,D
15.28713,100.55596,335.34,0.41,0.45,2026-08-29,0705,N,nominal,2.0NRT,291.55,3.85,D
15.29274,100.56671,336.22,0.41,0.45,2026-08-29,0705,N,nominal,2.0NRT,291.9,4.79,D
15.34455,100.56281,335.88,0.41,0.45,2026-08-29,0705,N,nominal,2.0NRT,292.1,5.65,D
15.39378,100.52103,330.28,0.41,0.45,2026-08-29,0705,N,nominal,2.0NRT,292.54,3.15,D
15.43235,100.62172,339.99,0.41,0.45,2026-08-29,0705,N,nominal,2.0NRT,291.63,2.9,D
15.43414,100.62141,340.95,0.41,0.45,2026-08-29,0705,N,nominal,2.0NRT,291.59,4.26,D
15.46396,100.58995,332.52,0.41,0.45,2026-08-29,0705,N,nominal,2.0NRT,291.16,2.53,D
15.44439,100.43718,337.32,0.4,0.44,2026-08-29,0705,N,nominal,2.0NRT,291.25,2.74,D
15.98022,100.17762,337.89,0.39,0.44,2026-08-29,0705,N,nominal,2.0NRT,285.75,4.57,D
21.42638,98.13615,331.76,0.53,0.42,2026-08-29,0707,N,nominal,2.0NRT,287.26,4.35,D
21.84742,97.18694,334.06,0.48,0.4,2026-08-29,0707,N,nominal,2.0NRT,293.31,3.89,D
22.37665,87.28234,332.05,0.43,0.46,2026-08-29,0707,N,nominal,2.0NRT,292.39,4.74,D
22.37586,87.27822,331.92,0.43,0.46,2026-08-29,0707,N,nominal,2.0NRT,292.02,4.74,D
23.74449,90.5308,337.63,0.43,0.38,2026-08-29,0707,N,low,2.0NRT,295.91,3.85,D
24.08363,90.3568,330.71,0.43,0.38,2026-08-29,0709,N,low,2.0NRT,294.95,6.46,D
23.55899,87.24026,330.62,0.41,0.45,2026-08-29,0709,N,nominal,2.0NRT,290.41,2.57,D
28.10045,95.53236,330.43,0.47,0.39,2026-08-29,0709,N,nominal,2.0NRT,294.85,2.14,D
29.23654,88.87944,329.58,0.43,0.38,2026-08-29,0709,N,nominal,2.0NRT,294.29,2.4,D
7.52567,81.08916,339.17,0.39,0.59,2026-08-29,0845,N,nominal,2.0NRT,268.01,8.15,D
8.60485,77.9724,339.73,0.5,0.49,2026-08-29,0845,N,nominal,2.0NRT,288.68,3.44,D
8.60874,77.96722,336.02,0.5,0.49,2026-08-29,0845,N,nominal,2.0NRT,287.79,2.7,D
8.57969,77.66151,339.99,0.48,0.48,2026-08-29,0845,N,nominal,2.0NRT,295.44,3.72,D
8.64795,77.83846,336.15,0.49,0.49,2026-08-29,0845,N,nominal,2.0NRT,293.65,2.82,D
8.65245,77.83784,330.16,0.49,0.49,2026-08-29,0845,N,nominal,2.0NRT,291.93,1.92,D
8.74677,78.08665,332.55,0.51,0.49,2026-08-29,0845,N,nominal,2.0NRT,287.41,2.69,D
9.38339,80.4523,329.01,0.38,0.58,2026-08-29,0845,N,nominal,2.0NRT,282.56,4.82,D
9.38294,80.44886,345.5,0.38,0.58,2026-08-29,0845,N,nominal,2.0NRT,283.23,5.38,D
9.41203,80.44762,328.29,0.38,0.59,2026-08-29,0845,N,nominal,2.0NRT,287.77,3.19,D
9.41747,80.44695,343.39,0.38,0.59,2026-08-29,0845,N,nominal,2.0NRT,286.81,3.19,D
9.50563,77.60714,335.3,0.49,0.48,2026-08-29,0845,N,nominal,2.0NRT,295.79,4.45,D
10.93459,78.47301,337.47,0.58,0.52,2026-08-29,0845,N,nominal,2.0NRT,299.46,5.59,D
11.74922,79.71774,333.73,0.36,0.58,2026-08-29,0845,N,nominal,2.0NRT,294.78,2.57,D
11.83292,79.64937,332.56,0.36,0.57,2026-08-29,0845,N,nominal,2.0NRT,295.44,2.65,D
12.17967,79.73842,344.66,0.37,0.58,2026-08-29,0845,N,nominal,2.0NRT,295.14,7.67,D
13.51015,78.18242,335.03,0.6,0.53,2026-08-29,0848,N,nominal,2.0NRT,295.74,6.93,D
14.20221,79.16484,336.34,0.36,0.57,2026-08-29,0848,N,nominal,2.0NRT,292.66,2.54,D
14.14709,77.40031,330.17,0.55,0.51,2026-08-29,0848,N,nominal,2.0NRT,296,1.36,D
14.78831,79.94443,332.64,0.41,0.61,2026-08-29,0848,N,nominal,2.0NRT,290.36,6.21,D
15.46434,80.16425,349.37,0.43,0.62,2026-08-29,0848,N,nominal,2.0NRT,293.78,5.8,D
15.47011,80.16361,333.26,0.43,0.62,2026-08-29,0848,N,nominal,2.0NRT,289.99,5.8,D
31.65704,78.40268,329.09,0.46,0.63,2026-08-29,0712,N,low,2.0NRT,303.31,4.03,D
39.25024,75.91334,330.73,0.39,0.6,2026-08-29,0714,N,nominal,2.0NRT,301.44,2.05,D
16.22416,80.35689,334.08,0.46,0.63,2026-08-29,0848,N,nominal,2.0NRT,290.07,3.15,D
16.34823,78.444,337.73,0.34,0.56,2026-08-29,0848,N,nominal,2.0NRT,290.62,3.06,D
18.01359,54.56913,355.98,0.75,0.77,2026-08-29,0850,N,nominal,2.0NRT,305.18,9.39,D
18.68588,55.50655,352.42,0.63,0.72,2026-08-29,0850,N,nominal,2.0NRT,308.45,4.69,D
19.26709,56.17495,336.69,0.56,0.69,2026-08-29,0850,N,nominal,2.0NRT,303.48,1.68,D
20.375,55.93457,352.43,0.55,0.68,2026-08-29,0850,N,nominal,2.0NRT,306.64,1.47,D
21.00338,56.52997,352.59,0.49,0.65,2026-08-29,0850,N,nominal,2.0NRT,306.6,6,D
20.99959,56.52979,344.89,0.49,0.65,2026-08-29,0850,N,nominal,2.0NRT,306.38,4,D
21.31248,57.74446,339.81,0.4,0.6,2026-08-29,0850,N,nominal,2.0NRT,306.57,2.37,D
21.31912,57.72219,338.62,0.41,0.6,2026-08-29,0850,N,nominal,2.0NRT,306.39,1.08,D
21.66754,56.40545,342.69,0.48,0.65,2026-08-29,0850,N,nominal,2.0NRT,307.56,4.23,D
21.64827,55.9934,336.56,0.51,0.66,2026-08-29,0850,N,low,2.0NRT,306.64,2.59,D
21.64816,55.99474,344.21,0.51,0.66,2026-08-29,0850,N,nominal,2.0NRT,306.66,3.53,D
21.83355,56.68111,340.16,0.46,0.63,2026-08-29,0850,N,nominal,2.0NRT,306.91,0.91,D
21.93568,57.07492,347.06,0.43,0.62,2026-08-29,0850,N,nominal,2.0NRT,308.63,2.69,D
21.93474,57.07075,337.9,0.43,0.62,2026-08-29,0850,N,low,2.0NRT,308.52,1.09,D
22.40502,56.98889,346.93,0.43,0.62,2026-08-29,0850,N,nominal,2.0NRT,309.83,4.18,D
22.40749,56.98896,342.21,0.43,0.62,2026-08-29,0850,N,nominal,2.0NRT,309.55,3.65,D
22.32785,56.48958,353.25,0.46,0.64,2026-08-29,0850,N,nominal,2.0NRT,310.02,6.79,D
22.33427,56.46437,339.21,0.46,0.64,2026-08-29,0850,N,nominal,2.0NRT,308.99,4,D
22.44248,56.69721,339.81,0.45,0.63,2026-08-29,0850,N,nominal,2.0NRT,309.54,14.84,D
22.44283,56.69969,345.31,0.44,0.63,2026-08-29,0850,N,nominal,2.0NRT,309.96,14.53,D
24.95683,68.29113,330.06,0.39,0.36,2026-08-29,0850,N,low,2.0NRT,304.65,2.12,D
25.38717,68.58321,337.92,0.4,0.37,2026-08-29,0850,N,nominal,2.0NRT,305.66,2.16,D
23.19206,55.45491,346.65,0.51,0.66,2026-08-29,0850,N,nominal,2.0NRT,313.93,2.27,D
23.84653,57.35268,342.26,0.38,0.59,2026-08-29,0850,N,low,2.0NRT,317.02,4.79,D
23.66399,54.34734,352.87,0.58,0.7,2026-08-29,0852,N,nominal,2.0NRT,314.21,5.8,D
24.50371,56.60656,335.72,0.41,0.6,2026-08-29,0852,N,low,2.0NRT,307.68,11.76,D
24.4792,56.47359,342.5,0.42,0.61,2026-08-29,0852,N,nominal,2.0NRT,308.72,3.66,D
24.5026,56.60651,335.47,0.41,0.6,2026-08-29,0852,N,low,2.0NRT,308.34,5.07,D
24.47723,56.47397,336.14,0.42,0.61,2026-08-29,0852,N,low,2.0NRT,308.52,3.48,D
27.31574,72.3643,338.67,0.39,0.44,2026-08-29,0852,N,nominal,2.0NRT,308.58,3.5,D
24.99169,55.62448,341.22,0.46,0.63,2026-08-29,0852,N,low,2.0NRT,314.36,2.18,D
27.62484,69.46795,340.88,0.43,0.38,2026-08-29,0852,N,low,2.0NRT,312.95,10.69,D
27.62835,69.46737,343.7,0.43,0.38,2026-08-29,0852,N,low,2.0NRT,314.95,11.26,D
27.75767,68.69473,344.79,0.41,0.37,2026-08-29,0852,N,nominal,2.0NRT,309.26,20.55,D
28.08609,67.62248,347.53,0.39,0.36,2026-08-29,0852,N,nominal,2.0NRT,315.67,7.22,D
28.08943,67.62187,339.28,0.39,0.36,2026-08-29,0852,N,low,2.0NRT,313.98,4.81,D
29.90926,74.9532,331.09,0.6,0.53,2026-08-29,0852,N,nominal,2.0NRT,299.09,6.53,D
27.16179,56.10197,335.48,0.38,0.59,2026-08-29,0852,N,low,2.0NRT,308.37,8.41,D
27.16785,56.05528,350.3,0.38,0.59,2026-08-29,0852,N,nominal,2.0NRT,309.62,6.94,D
27.16695,56.05145,353.08,0.38,0.59,2026-08-29,0852,N,nominal,2.0NRT,311.43,6.94,D
30.46343,71.93924,331.01,0.41,0.45,2026-08-29,0852,N,nominal,2.0NRT,301.48,2.04,D
31.50933,72.26437,341.2,0.43,0.46,2026-08-29,0852,N,nominal,2.0NRT,299.64,4.54,D
31.93829,72.37972,336.33,0.45,0.47,2026-08-29,0852,N,nominal,2.0NRT,301.26,3.06,D
32.88894,71.61886,332.63,0.42,0.45,2026-08-29,0852,N,low,2.0NRT,303.58,2.94,D
38.06327,67.78808,338.47,0.47,0.4,2026-08-29,0854,N,low,2.0NRT,313.47,5.18,D
38.07611,65.55361,347,0.4,0.37,2026-08-29,0854,N,low,2.0NRT,319.25,9.15,D
38.07885,65.54829,350.11,0.4,0.37,2026-08-29,0854,N,nominal,2.0NRT,319.23,8.28,D
37.78627,62.59312,343.84,0.39,0.36,2026-08-29,0854,N,nominal,2.0NRT,316.94,5.42,D
38.00032,58.5425,340.2,0.51,0.41,2026-08-29,0854,N,low,2.0NRT,313.65,9.41,D
37.99929,58.54047,341.94,0.51,0.41,2026-08-29,0854,N,low,2.0NRT,314.1,8.81,D
38.00414,58.54494,339.66,0.51,0.41,2026-08-29,0854,N,low,2.0NRT,313.56,7.39,D
37.99379,58.49374,338.75,0.51,0.41,2026-08-29,0854,N,low,2.0NRT,311,5.95,D
38.07754,58.0869,338.64,0.53,0.42,2026-08-29,0854,N,nominal,2.0NRT,308.01,3.34,D
39.61409,66.96994,339.49,0.46,0.39,2026-08-29,0854,N,nominal,2.0NRT,306.68,3.39,D
39.15575,63.31942,340.62,0.38,0.36,2026-08-29,0854,N,low,2.0NRT,314.14,4.47,D
39.92336,63.10264,346.37,0.38,0.36,2026-08-29,0856,N,low,2.0NRT,320.13,5.03,D
38.6488,54.28143,344.72,0.52,0.5,2026-08-29,0856,N,nominal,2.0NRT,306.11,6.05,D
38.68094,54.31396,341.85,0.52,0.5,2026-08-29,0856,N,nominal,2.0NRT,307.61,3.89,D
18.32505,55.10534,342.41,0.49,0.65,2026-08-29,1030,N,low,2.0NRT,312.89,1.36,D
18.32545,55.10565,342.8,0.49,0.65,2026-08-29,1030,N,nominal,2.0NRT,312.64,2.23,D
18.68647,55.50941,355.71,0.53,0.67,2026-08-29,1030,N,nominal,2.0NRT,309.75,4.25,D
18.69033,55.5084,354.96,0.53,0.67,2026-08-29,1030,N,nominal,2.0NRT,309.11,4.67,D
19.26564,56.17496,336.88,0.59,0.7,2026-08-29,1030,N,nominal,2.0NRT,304.09,2.21,D
20.37658,55.93664,345.24,0.59,0.7,2026-08-29,1030,N,nominal,2.0NRT,306.61,4.14,D
20.37572,55.93446,354.42,0.59,0.7,2026-08-29,1030,N,nominal,2.0NRT,306.45,2.63,D
21.00445,56.53042,337.99,0.65,0.73,2026-08-29,1030,N,nominal,2.0NRT,304.43,2.73,D
21.66803,56.4128,340.12,0.65,0.73,2026-08-29,1030,N,nominal,2.0NRT,304.78,2.84,D
21.64848,55.99746,335.5,0.61,0.71,2026-08-29,1030,N,low,2.0NRT,306.43,2.44,D
21.66274,56.41121,335.15,0.65,0.73,2026-08-29,1032,N,nominal,2.0NRT,304.8,0.24,D
21.64588,55.99537,335.37,0.61,0.71,2026-08-29,1032,N,low,2.0NRT,305.87,1.75,D
21.94037,57.07333,340.88,0.72,0.75,2026-08-29,1032,N,nominal,2.0NRT,305.38,5.17,D
21.93771,57.0723,340.93,0.72,0.75,2026-08-29,1032,N,nominal,2.0NRT,305.45,3.82,D
22.32597,56.47273,335.66,0.66,0.73,2026-08-29,1032,N,low,2.0NRT,305.86,4.25,D
22.33239,56.46575,335.44,0.66,0.73,2026-08-29,1032,N,low,2.0NRT,305.61,3.02,D
22.44516,56.69765,336.63,0.69,0.74,2026-08-29,1032,N,nominal,2.0NRT,306.45,5.33,D
22.93002,55.80545,343.11,0.61,0.71,2026-08-29,1032,N,nominal,2.0NRT,310.41,2.84,D
23.31497,54.18145,346.97,0.49,0.65,2026-08-29,1032,N,low,2.0NRT,319.12,2.65,D
24.50685,56.60926,331.53,0.71,0.75,2026-08-29,1032,N,low,2.0NRT,303.01,5.28,D
24.51077,54.02003,348.46,0.49,0.65,2026-08-29,1032,N,nominal,2.0NRT,303.45,5.18,D
24.51115,54.0207,339.42,0.49,0.65,2026-08-29,1032,N,nominal,2.0NRT,303.57,3.88,D
25.60187,54.42837,339.47,0.53,0.67,2026-08-29,1032,N,nominal,2.0NRT,301.29,7.29,D
25.60147,54.4229,332.07,0.53,0.67,2026-08-29,1032,N,nominal,2.0NRT,301.15,5.04,D
27.16003,56.10063,334.56,0.7,0.75,2026-08-29,1032,N,low,2.0NRT,304.86,3.61,D
27.17199,56.06329,336.96,0.69,0.74,2026-08-29,1032,N,nominal,2.0NRT,305.02,11.05,D
27.17157,56.05585,356.13,0.69,0.74,2026-08-29,1032,N,nominal,2.0NRT,305.57,11.57,D
27.16983,56.0606,351.44,0.69,0.74,2026-08-29,1032,N,nominal,2.0NRT,304.85,6.94,D
27.16945,56.05314,345.37,0.69,0.74,2026-08-29,1032,N,nominal,2.0NRT,305.49,6.94,D
29.98822,55.85509,343.66,0.71,0.75,2026-08-29,1034,N,nominal,2.0NRT,310.08,7,D
38.64589,54.28229,337.63,0.65,0.73,2026-08-29,1036,N,nominal,2.0NRT,297.87,3.86,D
21.59176,96.22928,301.52,0.44,0.39,2026-08-29,1938,N,nominal,2.0NRT,279.03,0.81,N
22.37749,87.27749,301.79,0.44,0.46,2026-08-29,1938,N,nominal,2.0NRT,261.04,0.46,N
22.37698,87.28178,298.14,0.44,0.46,2026-08-29,1938,N,nominal,2.0NRT,260.23,0.46,N
22.36584,87.30197,304.37,0.44,0.46,2026-08-29,1938,N,nominal,2.0NRT,263.27,0.61,N
22.36468,87.01837,303.34,0.46,0.47,2026-08-29,1938,N,nominal,2.0NRT,275.56,0.63,N
22.36034,87.01775,301.87,0.46,0.47,2026-08-29,1938,N,nominal,2.0NRT,276.38,0.63,N
10.94446,78.46751,302.27,0.59,0.7,2026-08-29,1940,N,nominal,2.0NRT,277.97,1.99,N
10.93793,78.46664,321.14,0.59,0.7,2026-08-29,1940,N,nominal,2.0NRT,278.39,1.99,N
9.75605,77.51919,313.12,0.66,0.73,2026-08-29,1940,N,nominal,2.0NRT,282.92,1.18,N
9.75551,77.517,308.74,0.66,0.73,2026-08-29,1940,N,nominal,2.0NRT,282.3,1.86,N
7.43697,81.32012,295.42,0.34,0.56,2026-08-29,1942,N,nominal,2.0NRT,262.31,0.33,N
39.86153,98.25587,323.75,0.38,0.36,2026-08-29,1932,N,nominal,2.0NRT,293.81,1.32,N
39.84496,98.27463,306.88,0.38,0.36,2026-08-29,1932,N,nominal,2.0NRT,288.76,0.64,N
39.84167,98.27377,304.16,0.38,0.36,2026-08-29,1932,N,nominal,2.0NRT,287.47,0.64,N
39.84117,98.25515,302.28,0.38,0.36,2026-08-29,1932,N,nominal,2.0NRT,287.45,0.36,N
39.81993,98.28191,302.18,0.38,0.36,2026-08-29,1932,N,nominal,2.0NRT,289.51,0.75,N
39.81785,98.29523,301.61,0.38,0.36,2026-08-29,1932,N,nominal,2.0NRT,291.14,0.79,N
39.8229,98.24112,304.13,0.38,0.36,2026-08-29,1932,N,nominal,2.0NRT,289.52,0.78,N
39.81596,98.28549,304.41,0.38,0.36,2026-08-29,1932,N,nominal,2.0NRT,291.71,1.09,N
39.81199,98.28907,308.66,0.38,0.36,2026-08-29,1932,N,nominal,2.0NRT,288.84,1.13,N
39.8113,98.2935,305.39,0.38,0.36,2026-08-29,1932,N,nominal,2.0NRT,290.56,1.13,N
39.8106,98.29794,305.04,0.38,0.36,2026-08-29,1932,N,nominal,2.0NRT,291.96,1.16,N
39.80991,98.30238,315.16,0.38,0.36,2026-08-29,1932,N,nominal,2.0NRT,293.59,1.16,N
39.78956,98.30164,323.49,0.38,0.36,2026-08-29,1932,N,nominal,2.0NRT,290.45,1.33,N
39.7924,97.88793,306.43,0.39,0.36,2026-08-29,1932,N,nominal,2.0NRT,290.5,0.9,N
39.79172,97.89239,304.64,0.39,0.36,2026-08-29,1932,N,nominal,2.0NRT,290.36,0.9,N
38.84108,100.17004,298.81,0.4,0.37,2026-08-29,1932,N,nominal,2.0NRT,287.84,0.67,N
36.59052,101.48403,295.03,0.47,0.39,2026-08-29,1932,N,nominal,2.0NRT,280.32,0.94,N
36.5895,101.48926,296.38,0.47,0.39,2026-08-29,1932,N,nominal,2.0NRT,281.08,1.14,N
27.47018,95.42361,307.94,0.39,0.36,2026-08-29,1936,N,nominal,2.0NRT,289.54,1.89,N
27.37933,95.33401,331.37,0.39,0.36,2026-08-29,1936,N,nominal,2.0NRT,282.55,1.99,N
27.37603,95.33333,305.91,0.39,0.36,2026-08-29,1936,N,nominal,2.0NRT,282.11,1.99,N
27.37836,95.08643,306.1,0.38,0.36,2026-08-29,1936,N,nominal,2.0NRT,288.98,2.62,N
27.22117,95.34689,312.89,0.39,0.36,2026-08-29,1936,N,nominal,2.0NRT,291.18,1.76,N
39.59417,66.24903,318.59,0.41,0.45,2026-08-29,2114,N,nominal,2.0NRT,292.49,1.58,N
39.1777,68.61034,295.95,0.47,0.4,2026-08-29,2114,N,nominal,2.0NRT,284.67,0.78,N
39.18396,65.31454,310.2,0.45,0.47,2026-08-29,2114,N,nominal,2.0NRT,296.1,1.12,N
39.18287,65.31218,313.14,0.45,0.47,2026-08-29,2114,N,nominal,2.0NRT,296.17,1.05,N
39.2822,63.04336,304.71,0.59,0.53,2026-08-29,2114,N,nominal,2.0NRT,291.99,0.96,N
39.25063,63.21285,305.04,0.58,0.52,2026-08-29,2114,N,nominal,2.0NRT,291.82,1.18,N
39.16612,63.25711,304.06,0.57,0.52,2026-08-29,2114,N,nominal,2.0NRT,292.72,1.45,N
39.05655,63.4451,304.39,0.56,0.51,2026-08-29,2114,N,nominal,2.0NRT,291.74,1.02,N
38.97288,63.46731,305.38,0.55,0.51,2026-08-29,2114,N,nominal,2.0NRT,293.58,1.59,N
38.68347,65.98527,313.76,0.41,0.45,2026-08-29,2114,N,nominal,2.0NRT,291.77,0.8,N
38.68578,65.98786,313.3,0.41,0.45,2026-08-29,2114,N,nominal,2.0NRT,293.17,1.08,N
38.45322,65.80199,305.85,0.41,0.45,2026-08-29,2114,N,nominal,2.0NRT,294.25,0.85,N
38.05335,67.26274,331.91,0.52,0.42,2026-08-29,2114,N,nominal,2.0NRT,295.36,9.33,N
38.04953,67.26198,331.27,0.52,0.42,2026-08-29,2114,N,nominal,2.0NRT,293.07,9.33,N
37.93195,65.63904,306.45,0.42,0.45,2026-08-29,2114,N,nominal,2.0NRT,294.43,0.87,N
37.83189,65.17397,306.85,0.44,0.46,2026-08-29,2114,N,nominal,2.0NRT,294.44,1.13,N
38.2497,57.93762,307.12,0.55,0.68,2026-08-29,2114,N,nominal,2.0NRT,293.09,1.01,N
37.78949,65.3561,305.95,0.43,0.46,2026-08-29,2114,N,nominal,2.0NRT,293.98,0.84,N
37.79932,62.54754,306.11,0.61,0.53,2026-08-29,2114,N,nominal,2.0NRT,294.31,1.45,N
37.78994,62.53936,304.58,0.61,0.53,2026-08-29,2114,N,nominal,2.0NRT,292.94,0.99,N
37.94292,58.56068,305.26,0.5,0.66,2026-08-29,2114,N,nominal,2.0NRT,294.86,1.22,N
37.74302,62.12992,303.11,0.32,0.54,2026-08-29,2114,N,nominal,2.0NRT,292.63,0.65,N
37.944,58.56182,304.86,0.5,0.66,2026-08-29,2114,N,nominal,2.0NRT,294.72,1.21,N
37.72733,62.09267,308.96,0.32,0.55,2026-08-29,2114,N,nominal,2.0NRT,294.16,1.09,N
37.60838,61.60437,318.36,0.34,0.56,2026-08-29,2114,N,nominal,2.0NRT,296.36,1.96,N
37.59231,61.527,311.59,0.34,0.56,2026-08-29,2114,N,nominal,2.0NRT,296.37,1.15,N
37.58484,61.56209,305.15,0.34,0.56,2026-08-29,2114,N,nominal,2.0NRT,295.04,1.09,N
37.57986,61.55759,311.16,0.34,0.56,2026-08-29,2114,N,nominal,2.0NRT,294.57,1.09,N
37.63517,60.33809,306.13,0.4,0.6,2026-08-29,2114,N,nominal,2.0NRT,293.3,0.59,N
37.49773,61.84504,318.11,0.33,0.55,2026-08-29,2114,N,nominal,2.0NRT,296.43,1.58,N
37.32553,61.09468,303.53,0.36,0.57,2026-08-29,2114,N,nominal,2.0NRT,293.06,0.52,N
37.45327,57.68632,305.95,0.56,0.69,2026-08-29,2114,N,nominal,2.0NRT,291.36,1.14,N
37.45197,57.68634,305.44,0.56,0.69,2026-08-29,2114,N,nominal,2.0NRT,291.68,0.8,N
37.12,62.35763,312.27,0.61,0.53,2026-08-29,2114,N,nominal,2.0NRT,295.26,6.89,N
37.11452,62.36407,318.97,0.61,0.53,2026-08-29,2114,N,nominal,2.0NRT,295.55,4.4,N
37.03524,62.41741,310.04,0.6,0.53,2026-08-29,2114,N,nominal,2.0NRT,296.66,2.63,N
37.03029,62.41682,312.18,0.6,0.53,2026-08-29,2114,N,nominal,2.0NRT,296.39,3.51,N
35.22365,72.93259,298.49,0.39,0.36,2026-08-29,2114,N,nominal,2.0NRT,284.43,0.66,N
36.47543,61.6216,307.03,0.33,0.55,2026-08-29,2114,N,nominal,2.0NRT,293.83,1.75,N
36.47131,61.45597,304,0.34,0.56,2026-08-29,2114,N,nominal,2.0NRT,293.41,0.62,N
36.44017,61.21807,310.16,0.35,0.57,2026-08-29,2114,N,nominal,2.0NRT,295.08,0.86,N
33.54621,71.55232,307.93,0.38,0.36,2026-08-29,2116,N,nominal,2.0NRT,294.71,0.76,N
33.40789,71.94046,309.3,0.39,0.36,2026-08-29,2116,N,nominal,2.0NRT,295.7,2.04,N
34.62934,60.68873,310.68,0.36,0.57,2026-08-29,2116,N,nominal,2.0NRT,293.48,0.63,N
33.23603,71.51531,310.32,0.39,0.36,2026-08-29,2116,N,nominal,2.0NRT,294.86,1.67,N
32.57529,72.56393,313.33,0.4,0.37,2026-08-29,2116,N,nominal,2.0NRT,296.49,2.59,N
32.08685,74.16118,310.53,0.45,0.39,2026-08-29,2116,N,nominal,2.0NRT,295.5,0.89,N
32.08598,74.16589,308.49,0.45,0.39,2026-08-29,2116,N,nominal,2.0NRT,295.49,0.84,N
33.75426,59.14541,308.43,0.43,0.62,2026-08-29,2116,N,nominal,2.0NRT,290.88,1.23,N
32.29058,70.73904,314.07,0.38,0.36,2026-08-29,2116,N,nominal,2.0NRT,298.8,3.05,N
31.76838,70.1084,314.19,0.39,0.36,2026-08-29,2116,N,nominal,2.0NRT,297.61,2.61,N
29.45932,76.89091,330.32,0.45,0.47,2026-08-29,2116,N,nominal,2.0NRT,274.43,4.63,N
29.12339,75.77961,313.16,0.4,0.44,2026-08-29,2116,N,nominal,2.0NRT,288.46,1.65,N
28.37428,77.22549,303.85,0.49,0.49,2026-08-29,2116,N,nominal,2.0NRT,273.19,1.03,N
30.75743,56.65917,300.91,0.57,0.69,2026-08-29,2116,N,nominal,2.0NRT,289.89,3.38,N
30.75766,56.65417,307.43,0.57,0.69,2026-08-29,2116,N,nominal,2.0NRT,290.81,2.91,N
30.36779,56.12399,297.47,0.61,0.71,2026-08-29,2116,N,nominal,2.0NRT,287.18,1.1,N
30.37045,56.12557,300.9,0.61,0.71,2026-08-29,2116,N,nominal,2.0NRT,287.62,1.36,N
30.32509,55.97041,299.91,0.62,0.71,2026-08-29,2116,N,nominal,2.0NRT,288.42,1.2,N
30.23696,56.90575,315.26,0.55,0.68,2026-08-29,2116,N,nominal,2.0NRT,290.2,3.3,N
30.08331,55.3939,302.15,0.67,0.74,2026-08-29,2116,N,nominal,2.0NRT,289.63,1.73,N
30.08256,55.39827,302.32,0.67,0.73,2026-08-29,2116,N,nominal,2.0NRT,289.26,2,N
29.99221,55.8554,327.77,0.63,0.72,2026-08-29,2116,N,nominal,2.0NRT,285.05,4.11,N
29.99249,55.84953,301,0.63,0.72,2026-08-29,2116,N,nominal,2.0NRT,284.02,7.84,N
29.98552,55.85469,314.34,0.63,0.72,2026-08-29,2116,N,nominal,2.0NRT,285.29,4.11,N
28.42461,69.70064,327.1,0.38,0.36,2026-08-29,2116,N,nominal,2.0NRT,298.11,1.83,N
29.51284,55.79738,299.53,0.63,0.72,2026-08-29,2116,N,nominal,2.0NRT,289.4,1.22,N
26.87508,73.5155,307.67,0.5,0.41,2026-08-29,2116,N,nominal,2.0NRT,290.4,1.58,N
26.8731,73.51817,306.91,0.5,0.41,2026-08-29,2116,N,nominal,2.0NRT,290.25,1.12,N
25.94332,72.19199,305.54,0.45,0.39,2026-08-29,2118,N,nominal,2.0NRT,291.65,0.98,N
27.16797,56.05156,321.46,0.57,0.69,2026-08-29,2118,N,nominal,2.0NRT,296.74,4.51,N
27.16834,56.04562,317.29,0.57,0.69,2026-08-29,2118,N,nominal,2.0NRT,296.41,4.27,N
24.66288,74.63297,297.52,0.41,0.45,2026-08-29,2118,N,nominal,2.0NRT,277.29,0.45,N
24.66208,74.63699,297.67,0.41,0.45,2026-08-29,2118,N,nominal,2.0NRT,277.18,0.36,N
24.82164,73.09422,296.48,0.51,0.41,2026-08-29,2118,N,nominal,2.0NRT,276.77,0.53,N
24.69089,73.00126,300.42,0.5,0.41,2026-08-29,2118,N,nominal,2.0NRT,281.62,0.74,N
26.03715,63.42336,325.03,0.4,0.44,2026-08-29,2118,N,nominal,2.0NRT,296.62,2.3,N
26.03791,63.42066,310.92,0.4,0.44,2026-08-29,2118,N,nominal,2.0NRT,296.17,2.15,N
26.03742,63.42465,311.79,0.4,0.44,2026-08-29,2118,N,nominal,2.0NRT,296.28,1.74,N
24.99368,55.62458,308.74,0.58,0.7,2026-08-29,2118,N,nominal,2.0NRT,296.26,1.21,N
24.98716,55.62397,308.69,0.58,0.7,2026-08-29,2118,N,nominal,2.0NRT,295.81,1.78,N
24.98793,55.62445,315.73,0.58,0.7,2026-08-29,2118,N,nominal,2.0NRT,296.62,1.76,N
24.50454,56.60365,319.95,0.5,0.66,2026-08-29,2118,N,nominal,2.0NRT,298.88,3.93,N
24.50414,56.60874,312.12,0.5,0.66,2026-08-29,2118,N,nominal,2.0NRT,298.38,1.96,N
24.45368,56.55055,309.75,0.5,0.66,2026-08-29,2118,N,nominal,2.0NRT,298.93,1.17,N
24.50786,54.01056,318.23,0.72,0.76,2026-08-29,2118,N,nominal,2.0NRT,300.65,2.21,N
24.5074,54.01801,319.16,0.72,0.76,2026-08-29,2118,N,nominal,2.0NRT,300.92,2.21,N
24.3269,54.46717,312.68,0.68,0.74,2026-08-29,2118,N,nominal,2.0NRT,301.13,1.44,N
23.48451,58.28002,314.64,0.38,0.59,2026-08-29,2118,N,nominal,2.0NRT,302.47,0.92,N
23.48444,58.27808,313.26,0.38,0.59,2026-08-29,2118,N,nominal,2.0NRT,301.66,0.72,N
23.66381,54.3439,317.75,0.68,0.74,2026-08-29,2118,N,nominal,2.0NRT,299.76,3.78,N
23.31501,54.17186,339.42,0.69,0.74,2026-08-29,2118,N,nominal,2.0NRT,300.38,5.67,N
23.30803,54.17131,316.22,0.69,0.74,2026-08-29,2118,N,nominal,2.0NRT,298.59,5.67,N
23.19283,55.4544,328.78,0.57,0.69,2026-08-29,2118,N,nominal,2.0NRT,299.48,3.98,N
23.19241,55.46019,310.6,0.57,0.69,2026-08-29,2118,N,nominal,2.0NRT,299.16,2.5,N
23.31629,54.16948,311.26,0.69,0.74,2026-08-29,2118,N,nominal,2.0NRT,299.37,2.67,N
23.31578,54.17654,316.69,0.69,0.74,2026-08-29,2118,N,nominal,2.0NRT,298.99,2.67,N
23.30882,54.17598,327.06,0.69,0.74,2026-08-29,2118,N,nominal,2.0NRT,298.57,3.44,N
23.30931,54.16896,314.15,0.69,0.74,2026-08-29,2118,N,nominal,2.0NRT,298.97,3.44,N
23.19238,55.45707,320.97,0.57,0.69,2026-08-29,2118,N,nominal,2.0NRT,299.59,3.48,N
22.93017,55.79832,312.64,0.54,0.68,2026-08-29,2118,N,nominal,2.0NRT,297.17,1.85,N
22.92973,55.80379,319.65,0.54,0.68,2026-08-29,2118,N,nominal,2.0NRT,297.92,1.85,N
22.9234,55.80314,311.58,0.54,0.68,2026-08-29,2118,N,nominal,2.0NRT,297.16,2.03,N
22.87574,55.92342,308.59,0.53,0.67,2026-08-29,2118,N,nominal,2.0NRT,297.91,1.17,N
20.86841,71.39706,303.07,0.48,0.4,2026-08-29,2118,N,nominal,2.0NRT,292.83,2.52,N
22.87431,55.60867,312.31,0.56,0.69,2026-08-29,2118,N,nominal,2.0NRT,297.82,2.5,N
22.87389,55.61427,318.22,0.56,0.69,2026-08-29,2118,N,nominal,2.0NRT,297.6,1.85,N
22.87321,55.60888,315.43,0.56,0.69,2026-08-29,2118,N,nominal,2.0NRT,297.91,1.58,N
22.87276,55.61448,313.79,0.56,0.69,2026-08-29,2118,N,nominal,2.0NRT,297.71,1.58,N
22.67139,56.24687,307.27,0.51,0.66,2026-08-29,2118,N,nominal,2.0NRT,296.62,0.52,N
22.40939,56.98763,311.19,0.45,0.63,2026-08-29,2118,N,nominal,2.0NRT,296,0.98,N
22.40355,56.98681,319.6,0.45,0.63,2026-08-29,2118,N,nominal,2.0NRT,296.1,1.28,N
22.52737,54.04977,327.34,0.69,0.74,2026-08-29,2118,N,nominal,2.0NRT,298.24,4.93,N
22.33047,56.4849,312.71,0.48,0.65,2026-08-29,2118,N,nominal,2.0NRT,296.53,2.68,N
22.33006,56.48972,319.01,0.48,0.65,2026-08-29,2118,N,nominal,2.0NRT,297.03,2.2,N
22.32561,56.47039,313.06,0.49,0.65,2026-08-29,2118,N,nominal,2.0NRT,297.48,0.94,N
22.29055,56.52493,309.04,0.48,0.65,2026-08-29,2118,N,nominal,2.0NRT,298.06,0.56,N
21.93953,57.07365,322.14,0.44,0.62,2026-08-29,2121,N,nominal,2.0NRT,294.54,2.31,N
21.93992,57.06929,306.86,0.44,0.62,2026-08-29,2121,N,nominal,2.0NRT,294.48,2.57,N
21.89067,56.84304,312.76,0.45,0.63,2026-08-29,2121,N,nominal,2.0NRT,295.03,1.43,N
21.83337,56.67987,312.78,0.46,0.64,2026-08-29,2121,N,nominal,2.0NRT,296.06,1.06,N
21.8359,56.67821,313.76,0.46,0.64,2026-08-29,2121,N,nominal,2.0NRT,296.04,1.25,N
21.66459,56.40518,333.22,0.48,0.65,2026-08-29,2121,N,nominal,2.0NRT,298.55,1.79,N
21.66419,56.40998,310.76,0.48,0.65,2026-08-29,2121,N,nominal,2.0NRT,297.54,1.79,N
21.66888,56.40391,323.46,0.48,0.65,2026-08-29,2121,N,nominal,2.0NRT,297.48,2.92,N
21.66843,56.40869,308.29,0.48,0.65,2026-08-29,2121,N,nominal,2.0NRT,296.98,1.72,N
21.66241,56.40805,310.02,0.48,0.65,2026-08-29,2121,N,nominal,2.0NRT,298.01,1.56,N
21.65001,55.99457,331.84,0.51,0.66,2026-08-29,2121,N,nominal,2.0NRT,300.77,3.57,N
21.46226,57.24232,306.95,0.42,0.61,2026-08-29,2121,N,nominal,2.0NRT,295.34,0.93,N
21.46073,57.24511,313.65,0.42,0.61,2026-08-29,2121,N,nominal,2.0NRT,295.5,0.76,N
21.33574,57.72121,310.02,0.39,0.6,2026-08-29,2121,N,nominal,2.0NRT,294.59,0.81,N
21.31915,57.71914,306.73,0.39,0.6,2026-08-29,2121,N,nominal,2.0NRT,293.99,0.75,N
21.31698,57.74238,306.88,0.39,0.59,2026-08-29,2121,N,nominal,2.0NRT,294.28,1.36,N
21.3111,57.74557,324.77,0.39,0.59,2026-08-29,2121,N,nominal,2.0NRT,294.49,1.81,N
21.31146,57.74172,314.78,0.39,0.59,2026-08-29,2121,N,nominal,2.0NRT,294.01,1.36,N
21.33598,57.72221,312.92,0.39,0.6,2026-08-29,2121,N,nominal,2.0NRT,294.5,1.07,N
21.31939,57.72021,311.44,0.39,0.6,2026-08-29,2121,N,nominal,2.0NRT,294.13,1,N
21.31154,57.74276,315.39,0.39,0.59,2026-08-29,2121,N,nominal,2.0NRT,294.06,2.05,N
21.31115,57.74659,313.94,0.39,0.59,2026-08-29,2121,N,nominal,2.0NRT,294.5,1.18,N
21.30617,57.79619,305.77,0.39,0.59,2026-08-29,2121,N,nominal,2.0NRT,294.38,0.88,N
21.30949,57.70726,306.85,0.39,0.6,2026-08-29,2121,N,nominal,2.0NRT,294.6,0.46,N
21.29555,57.67826,305.58,0.4,0.6,2026-08-29,2121,N,nominal,2.0NRT,293.99,0.7,N
21.29363,57.09612,307.16,0.43,0.62,2026-08-29,2121,N,nominal,2.0NRT,296.05,0.63,N
18.77881,73.74908,300.74,0.46,0.47,2026-08-29,2121,N,nominal,2.0NRT,286.8,0.99,N
21.017,56.53279,305.61,0.47,0.64,2026-08-29,2121,N,nominal,2.0NRT,295.4,0.5,N
21.00512,56.53148,319.94,0.47,0.64,2026-08-29,2121,N,nominal,2.0NRT,296.38,1.22,N
18.68747,73.03146,301.4,0.42,0.45,2026-08-29,2121,N,nominal,2.0NRT,287.56,1.66,N
20.99918,56.5308,313.2,0.47,0.64,2026-08-29,2121,N,nominal,2.0NRT,295.32,1.22,N
18.68334,73.03059,312.61,0.42,0.45,2026-08-29,2121,N,nominal,2.0NRT,289.26,1.66,N
18.68258,73.03453,301.67,0.42,0.45,2026-08-29,2121,N,nominal,2.0NRT,288.88,1.27,N
18.68072,73.03546,301.74,0.42,0.45,2026-08-29,2121,N,nominal,2.0NRT,286.59,1.16,N
21.00191,56.52929,341.18,0.46,0.64,2026-08-29,2121,N,nominal,2.0NRT,296.67,4.09,N
20.37718,55.93414,341.23,0.5,0.66,2026-08-29,2121,N,nominal,2.0NRT,294.16,4.25,N
20.38895,55.66196,322.31,0.52,0.67,2026-08-29,2121,N,nominal,2.0NRT,294.63,2.01,N
20.38409,55.64577,311.08,0.52,0.67,2026-08-29,2121,N,nominal,2.0NRT,295.03,1.25,N
20.21237,55.70997,308.47,0.51,0.66,2026-08-29,2121,N,nominal,2.0NRT,290.11,0.96,N
19.26748,56.17283,305.02,0.47,0.64,2026-08-29,2121,N,nominal,2.0NRT,291.92,0.59,N
18.68687,55.50183,336.63,0.51,0.66,2026-08-29,2121,N,nominal,2.0NRT,291.86,5.54,N
18.68642,55.50678,310.79,0.51,0.66,2026-08-29,2121,N,nominal,2.0NRT,291.01,3,N
18.68795,55.50131,321.25,0.51,0.66,2026-08-29,2121,N,nominal,2.0NRT,291.18,3.19,N
18.68746,55.50624,330.4,0.51,0.66,2026-08-29,2121,N,nominal,2.0NRT,291.96,3.19,N
18.32256,55.10077,316.22,0.54,0.68,2026-08-29,2121,N,nominal,2.0NRT,293.76,1.83,N
18.32208,55.10597,319.81,0.54,0.68,2026-08-29,2121,N,nominal,2.0NRT,293.7,1.83,N
18.32599,55.10111,311.31,0.54,0.68,2026-08-29,2121,N,nominal,2.0NRT,293.24,2.21,N
18.32548,55.10632,317.38,0.54,0.68,2026-08-29,2121,N,nominal,2.0NRT,293.34,1.8,N
18.31918,55.10565,303.79,0.54,0.68,2026-08-29,2121,N,nominal,2.0NRT,292.99,0.67,N
18.01716,54.57299,308.28,0.58,0.69,2026-08-29,2121,N,nominal,2.0NRT,294.76,4.59,N
18.01068,54.57233,321.45,0.58,0.69,2026-08-29,2121,N,nominal,2.0NRT,294.37,4.59,N
18.01121,54.56675,313.61,0.58,0.69,2026-08-29,2121,N,nominal,2.0NRT,293.76,11.02,N
13.03323,77.87466,295.27,0.55,0.68,2026-08-29,2121,N,nominal,2.0NRT,280.63,0.36,N
12.49513,76.73359,298.77,0.47,0.64,2026-08-29,2121,N,nominal,2.0NRT,284.16,0.38,N
12.07226,78.52171,302.25,0.63,0.72,2026-08-29,2121,N,nominal,2.0NRT,284.22,1.07,N
10.94256,78.46865,309.17,0.65,0.73,2026-08-29,2123,N,nominal,2.0NRT,288.02,2.26,N
9.75523,77.51794,313.52,0.6,0.7,2026-08-29,2123,N,nominal,2.0NRT,288.15,2.38,N
20.21401,55.71036,299.91,0.63,0.72,2026-08-29,2259,N,nominal,2.0NRT,287.11,0.43,N
18.68937,55.5041,303.85,0.66,0.73,2026-08-29,2259,N,nominal,2.0NRT,281.99,1.45,N
18.68786,55.51031,312.43,0.66,0.73,2026-08-29,2259,N,nominal,2.0NRT,281.1,1.45,N
18.68745,55.50417,305.94,0.66,0.73,2026-08-29,2259,N,nominal,2.0NRT,281.59,2.85,N
18.68599,55.5104,315.57,0.66,0.73,2026-08-29,2259,N,nominal,2.0NRT,281.37,2.35,N
38.68439,65.98718,299.41,0.78,0.78,2026-08-29,2254,N,nominal,2.0NRT,289.23,0.65,N
39.28248,63.04622,301.36,0.54,0.68,2026-08-29,2254,N,nominal,2.0NRT,289.99,0.6,N
18.32029,55.10621,325.33,0.63,0.72,2026-08-29,2259,N,nominal,2.0NRT,283.29,2.85,N
39.28417,63.04724,301.2,0.54,0.68,2026-08-29,2254,N,nominal,2.0NRT,289.8,0.38,N
39.1659,63.25528,301.68,0.56,0.69,2026-08-29,2254,N,nominal,2.0NRT,290.4,1.27,N
18.01105,54.57285,335.5,0.59,0.7,2026-08-29,2259,N,nominal,2.0NRT,294.39,12.62,N
37.79701,62.54922,301.32,0.56,0.69,2026-08-29,2254,N,nominal,2.0NRT,291.29,1.06,N
37.78686,62.5372,303.68,0.56,0.69,2026-08-29,2254,N,nominal,2.0NRT,291.7,1.11,N
37.42441,62.3112,303.11,0.56,0.69,2026-08-29,2254,N,nominal,2.0NRT,291.16,0.58,N
37.60769,61.60448,306.64,0.51,0.66,2026-08-29,2254,N,nominal,2.0NRT,294.23,1.81,N
37.58105,61.56041,306.68,0.51,0.66,2026-08-29,2254,N,nominal,2.0NRT,292.78,0.7,N
37.49498,61.84931,305.92,0.53,0.67,2026-08-29,2254,N,nominal,2.0NRT,293.27,2.22,N
37.58101,61.56073,307.46,0.51,0.66,2026-08-29,2254,N,nominal,2.0NRT,292.96,1.88,N
37.4965,61.85066,306.47,0.53,0.67,2026-08-29,2254,N,nominal,2.0NRT,293.42,1.09,N
37.11923,62.36841,311.27,0.58,0.69,2026-08-29,2254,N,nominal,2.0NRT,291.7,4.86,N
37.11316,62.36551,315.79,0.58,0.69,2026-08-29,2254,N,nominal,2.0NRT,293.31,3.83,N
37.11806,62.36895,309.69,0.58,0.69,2026-08-29,2254,N,nominal,2.0NRT,291.85,3.67,N
37.11199,62.36603,316.05,0.58,0.69,2026-08-29,2254,N,nominal,2.0NRT,293.37,1.89,N
37.03261,62.42137,367,0.58,0.7,2026-08-29,2254,N,high,2.0NRT,296.94,12.79,N
37.03453,62.41504,313.71,0.58,0.7,2026-08-29,2254,N,nominal,2.0NRT,293,12.79,N
38.24839,57.93976,316.38,0.32,0.54,2026-08-29,2254,N,nominal,2.0NRT,294.03,1.43,N
37.87046,59.07371,311.68,0.37,0.58,2026-08-29,2254,N,nominal,2.0NRT,294.54,1.03,N
37.93941,58.56251,305.95,0.35,0.57,2026-08-29,2257,N,nominal,2.0NRT,294.81,0.99,N
37.82906,58.38519,305.39,0.34,0.56,2026-08-29,2257,N,nominal,2.0NRT,293.28,0.39,N
38.6823,54.31833,304.8,0.41,0.45,2026-08-29,2257,N,nominal,2.0NRT,292.92,1.51,N
38.67829,54.31688,328.71,0.41,0.45,2026-08-29,2257,N,nominal,2.0NRT,293.16,1.51,N
38.64798,54.28418,338.39,0.41,0.45,2026-08-29,2257,N,nominal,2.0NRT,294.19,2.25,N
36.47998,54.90284,303.33,0.49,0.49,2026-08-29,2257,N,nominal,2.0NRT,291.64,0.97,N
33.03866,56.85122,307.69,0.38,0.58,2026-08-29,2257,N,nominal,2.0NRT,292.8,0.81,N
31.61977,54.72606,310.68,0.62,0.54,2026-08-29,2257,N,nominal,2.0NRT,291.23,2.56,N
30.75392,56.65597,301.4,0.42,0.61,2026-08-29,2257,N,nominal,2.0NRT,291.18,1.8,N
30.75287,56.66013,307.94,0.42,0.61,2026-08-29,2257,N,nominal,2.0NRT,289.63,1.89,N
30.73209,55.38521,299.66,0.35,0.57,2026-08-29,2259,N,nominal,2.0NRT,289.07,0.56,N
30.23584,56.91002,311.35,0.44,0.63,2026-08-29,2259,N,nominal,2.0NRT,288.74,1.83,N
30.36921,56.12989,296.62,0.4,0.6,2026-08-29,2259,N,nominal,2.0NRT,286.49,0.78,N
30.36994,56.12775,305.81,0.4,0.6,2026-08-29,2259,N,nominal,2.0NRT,287.15,1.01,N
30.32259,56.22528,307.8,0.4,0.6,2026-08-29,2259,N,nominal,2.0NRT,286.79,0.8,N
30.32195,55.97268,306.67,0.39,0.59,2026-08-29,2259,N,nominal,2.0NRT,288.42,1.03,N
30.21469,55.9812,296.57,0.39,0.59,2026-08-29,2259,N,nominal,2.0NRT,286.06,0.47,N
29.92599,56.73373,301.19,0.44,0.62,2026-08-29,2259,N,nominal,2.0NRT,288.36,1.41,N
29.99123,55.85394,312.78,0.39,0.59,2026-08-29,2259,N,nominal,2.0NRT,286.5,1.47,N
29.98592,55.85216,301.86,0.39,0.59,2026-08-29,2259,N,nominal,2.0NRT,284.46,1.47,N
29.98993,55.85604,326.7,0.39,0.59,2026-08-29,2259,N,nominal,2.0NRT,287.22,2.41,N
30.07933,55.39546,307.1,0.37,0.58,2026-08-29,2259,N,nominal,2.0NRT,291.93,1.41,N
30.07843,55.39917,307.15,0.37,0.58,2026-08-29,2259,N,nominal,2.0NRT,289.76,1.41,N
29.13871,58.66629,303.38,0.59,0.7,2026-08-29,2259,N,nominal,2.0NRT,293.35,0.94,N
29.13794,58.66584,303.69,0.59,0.7,2026-08-29,2259,N,nominal,2.0NRT,293.44,1.02,N
30.00011,55.19722,297.39,0.36,0.57,2026-08-29,2259,N,nominal,2.0NRT,286.95,0.75,N
29.69747,55.53623,296.76,0.38,0.59,2026-08-29,2259,N,nominal,2.0NRT,286.2,0.22,N
29.51164,55.79879,301.99,0.4,0.6,2026-08-29,2259,N,nominal,2.0NRT,287.72,0.45,N
29.17036,54.61615,308.8,0.34,0.56,2026-08-29,2259,N,nominal,2.0NRT,292.53,0.9,N
28.02266,54.14586,305.65,0.34,0.56,2026-08-29,2259,N,nominal,2.0NRT,291.83,0.51,N
27.41976,56.50249,308.95,0.49,0.65,2026-08-29,2259,N,nominal,2.0NRT,297.83,0.76,N
27.42381,56.50298,308.85,0.49,0.65,2026-08-29,2259,N,nominal,2.0NRT,297.97,2.42,N
27.16891,56.09663,308.2,0.47,0.64,2026-08-29,2259,N,nominal,2.0NRT,297.03,1.34,N
27.16297,56.10063,310.84,0.47,0.64,2026-08-29,2259,N,nominal,2.0NRT,297.18,1.41,N
27.16762,56.05695,340.15,0.46,0.64,2026-08-29,2259,N,nominal,2.0NRT,296.66,2.9,N
27.16878,56.05226,309.84,0.46,0.64,2026-08-29,2259,N,nominal,2.0NRT,296.19,2.9,N
27.15722,56.09887,314.18,0.47,0.64,2026-08-29,2259,N,nominal,2.0NRT,296.62,1.41,N
25.90364,54.53349,316.36,0.4,0.6,2026-08-29,2259,N,nominal,2.0NRT,298.59,0.75,N
24.98737,55.62762,325.59,0.49,0.65,2026-08-29,2259,N,nominal,2.0NRT,296.6,2.65,N
24.99178,55.62771,321.15,0.49,0.65,2026-08-29,2259,N,nominal,2.0NRT,297.29,2.26,N
24.50564,56.60579,311.96,0.57,0.69,2026-08-29,2259,N,nominal,2.0NRT,298.35,3.04,N
24.50846,54.01875,338.74,0.4,0.6,2026-08-29,2259,N,nominal,2.0NRT,301.56,3.16,N
24.50892,54.02062,341.25,0.4,0.6,2026-08-29,2259,N,nominal,2.0NRT,301.71,1.95,N
24.50982,54.0167,312.63,0.4,0.6,2026-08-29,2259,N,nominal,2.0NRT,300.96,1.95,N
24.00236,55.44168,311.77,0.5,0.66,2026-08-29,2259,N,nominal,2.0NRT,299.23,2.52,N
23.80654,55.4794,309.61,0.51,0.66,2026-08-29,2259,N,nominal,2.0NRT,297.06,1.11,N
23.66337,54.35258,331.83,0.44,0.62,2026-08-29,2259,N,nominal,2.0NRT,298.51,2.31,N
23.66183,54.35229,330.34,0.44,0.62,2026-08-29,2259,N,nominal,2.0NRT,298.84,2.17,N
23.18861,55.46021,320.82,0.52,0.67,2026-08-29,2259,N,nominal,2.0NRT,299.4,4.48,N
23.18985,55.45516,311.09,0.52,0.67,2026-08-29,2259,N,nominal,2.0NRT,298.83,3.64,N
23.18935,55.45905,332.49,0.52,0.67,2026-08-29,2259,N,nominal,2.0NRT,300.09,5.34,N
22.92432,55.80703,321.13,0.56,0.69,2026-08-29,2259,N,nominal,2.0NRT,297.92,3.14,N
22.92564,55.80164,308,0.56,0.68,2026-08-29,2259,N,nominal,2.0NRT,297.2,3.42,N
23.30916,54.17939,330.85,0.43,0.62,2026-08-29,2259,N,nominal,2.0NRT,299.14,2.54,N
22.88102,55.92849,318.74,0.57,0.69,2026-08-29,2259,N,nominal,2.0NRT,297.22,2.02,N
22.8744,55.61759,309.01,0.54,0.68,2026-08-29,2259,N,nominal,2.0NRT,297.15,1.77,N
22.40355,56.98973,315.21,0.67,0.74,2026-08-29,2301,N,nominal,2.0NRT,294.1,2.18,N
22.32661,56.48805,313.53,0.63,0.72,2026-08-29,2301,N,nominal,2.0NRT,295.62,1.77,N
22.32511,56.49407,306.52,0.63,0.72,2026-08-29,2301,N,nominal,2.0NRT,295.8,1.77,N
21.93974,57.07409,316.47,0.7,0.75,2026-08-29,2301,N,nominal,2.0NRT,293.58,1.36,N
21.93913,57.07502,318.63,0.7,0.75,2026-08-29,2301,N,nominal,2.0NRT,293.6,2.61,N
21.88828,56.84648,307.26,0.68,0.74,2026-08-29,2301,N,nominal,2.0NRT,293.89,1.09,N
22.52596,54.05343,327.56,0.44,0.63,2026-08-29,2301,N,nominal,2.0NRT,299.39,3.5,N
22.52618,54.05164,329.11,0.44,0.63,2026-08-29,2301,N,nominal,2.0NRT,298.82,3.45,N
21.83619,56.68013,304.58,0.66,0.73,2026-08-29,2301,N,nominal,2.0NRT,293.65,0.77,N
21.46084,57.24706,308.76,0.73,0.76,2026-08-29,2301,N,nominal,2.0NRT,293.09,0.72,N
21.66461,56.41219,324.89,0.64,0.72,2026-08-29,2301,N,nominal,2.0NRT,295.44,3.44,N
21.30922,57.74806,304.87,0.79,0.78,2026-08-29,2301,N,nominal,2.0NRT,292.34,2.28,N
21.30494,57.70609,303.5,0.79,0.78,2026-08-29,2301,N,nominal,2.0NRT,292.83,0.65,N
21.66756,56.4133,314.53,0.65,0.73,2026-08-29,2301,N,nominal,2.0NRT,294.98,3.86,N
21.46207,57.2488,307.81,0.73,0.76,2026-08-29,2301,N,nominal,2.0NRT,293.11,1.63,N
21.31541,57.74348,308.5,0.79,0.78,2026-08-29,2301,N,nominal,2.0NRT,292.54,1.61,N
21.64554,55.99365,318.93,0.61,0.71,2026-08-29,2301,N,nominal,2.0NRT,297.96,5.65,N
21.64692,55.99425,320.18,0.61,0.71,2026-08-29,2301,N,nominal,2.0NRT,297.96,5.94,N
21.00281,56.53492,319.99,0.68,0.74,2026-08-29,2301,N,nominal,2.0NRT,293.36,2.34,N
20.37631,55.93586,318.24,0.64,0.72,2026-08-29,2301,N,nominal,2.0NRT,287.65,1.84,N
20.38769,55.66231,311.1,0.62,0.71,2026-08-29,2301,N,nominal,2.0NRT,283.65,1,N
20.3734,55.93579,317.71,0.64,0.72,2026-08-29,2301,N,nominal,2.0NRT,288.02,1.66,N
20.38973,55.66317,312.25,0.62,0.71,2026-08-29,2301,N,nominal,2.0NRT,283.78,1.41,N
20.38606,55.6497,301.45,0.62,0.71,2026-08-29,2301,N,nominal,2.0NRT,284.06,0.84,N
7.57633,100.38516,354.17,0.4,0.37,2026-08-30,0646,N,nominal,2.0NRT,300.68,6.31,D
7.57578,100.38158,346.76,0.4,0.37,2026-08-30,0646,N,nominal,2.0NRT,301.1,6.31,D
14.07985,100.65063,330.02,0.39,0.36,2026-08-30,0646,N,nominal,2.0NRT,294.63,1.39,D
14.18474,100.74026,335.06,0.39,0.36,2026-08-30,0646,N,nominal,2.0NRT,293.78,1.48,D
14.61044,100.11536,330.74,0.38,0.36,2026-08-30,0648,N,nominal,2.0NRT,292.98,1.84,D
14.7576,100.28078,333.59,0.38,0.36,2026-08-30,0648,N,nominal,2.0NRT,296.5,3.54,D
14.80737,100.42997,338.26,0.39,0.36,2026-08-30,0648,N,nominal,2.0NRT,294.99,4.94,D
27.98973,94.2222,336.75,0.42,0.38,2026-08-30,0652,N,nominal,2.0NRT,297.24,18.02,D
29.55473,90.99751,325.18,0.55,0.43,2026-08-30,0652,N,low,2.0NRT,296.37,4.5,D
29.55749,90.99095,328.38,0.55,0.43,2026-08-30,0652,N,nominal,2.0NRT,290.57,5.61,D
29.65337,90.98225,327.32,0.55,0.43,2026-08-30,0652,N,nominal,2.0NRT,292.56,3.42,D
35.33487,100.26382,340.32,0.56,0.43,2026-08-30,0652,N,nominal,2.0NRT,299.78,6.59,D
37.35203,95.86047,342.15,0.4,0.37,2026-08-30,0654,N,low,2.0NRT,313.32,7.87,D
39.2444,99.98688,343.46,0.4,0.44,2026-08-30,0654,N,nominal,2.0NRT,314.69,7.01,D
39.24395,99.98221,349.19,0.4,0.44,2026-08-30,0654,N,nominal,2.0NRT,316.95,8.62,D
6.26749,81.05721,334.91,0.55,0.42,2026-08-30,0826,N,nominal,2.0NRT,295.72,13.47,D
6.24721,80.86079,335.72,0.53,0.42,2026-08-30,0826,N,nominal,2.0NRT,299.28,2.37,D
6.45692,81.09754,349.51,0.55,0.43,2026-08-30,0826,N,nominal,2.0NRT,301.59,19.19,D
6.45618,81.09254,345.43,0.55,0.43,2026-08-30,0826,N,nominal,2.0NRT,300.75,7.3,D
6.46012,81.09199,341.66,0.55,0.43,2026-08-30,0826,N,nominal,2.0NRT,299.41,7.3,D
6.45996,81.09512,348.18,0.55,0.43,2026-08-30,0826,N,nominal,2.0NRT,299.92,8.32,D
6.45926,81.09015,346.16,0.55,0.43,2026-08-30,0826,N,nominal,2.0NRT,299.67,8.32,D
6.57118,81.0588,337.67,0.55,0.43,2026-08-30,0826,N,nominal,2.0NRT,289.64,18.25,D
6.57044,81.05381,336.92,0.55,0.43,2026-08-30,0826,N,nominal,2.0NRT,290.95,18.25,D
6.55189,80.87561,334.36,0.54,0.42,2026-08-30,0826,N,nominal,2.0NRT,292.72,8.33,D
6.56987,81.05585,349.19,0.55,0.43,2026-08-30,0826,N,nominal,2.0NRT,292.28,39.3,D
6.55183,80.87236,346.14,0.54,0.42,2026-08-30,0826,N,nominal,2.0NRT,291.28,11.61,D
6.71188,81.53472,341.78,0.39,0.44,2026-08-30,0826,N,nominal,2.0NRT,300.87,3.03,D
6.72105,81.5407,343.31,0.39,0.44,2026-08-30,0826,N,nominal,2.0NRT,300.12,5.65,D
6.72053,81.5371,342.87,0.39,0.44,2026-08-30,0826,N,nominal,2.0NRT,299.79,5.65,D
6.77788,81.78619,338.04,0.41,0.45,2026-08-30,0826,N,nominal,2.0NRT,302.1,4.91,D
6.7412,81.50845,342.02,0.39,0.44,2026-08-30,0826,N,nominal,2.0NRT,306.51,4.05,D
6.74896,81.53299,336.66,0.39,0.44,2026-08-30,0826,N,nominal,2.0NRT,306.47,3.24,D
6.74123,81.50769,340.69,0.39,0.44,2026-08-30,0826,N,nominal,2.0NRT,306.26,3.86,D
6.74882,81.53226,335.77,0.39,0.44,2026-08-30,0826,N,low,2.0NRT,306.41,3.11,D
6.72933,81.16361,339.18,0.56,0.43,2026-08-30,0826,N,nominal,2.0NRT,291.13,4.87,D
6.7333,81.16302,349.54,0.56,0.43,2026-08-30,0826,N,nominal,2.0NRT,291.31,19.5,D
6.7977,81.55489,349.29,0.4,0.44,2026-08-30,0826,N,nominal,2.0NRT,305.52,6.68,D
6.81451,81.55614,340.43,0.4,0.44,2026-08-30,0826,N,nominal,2.0NRT,305.15,3.16,D
6.81849,81.5262,339.07,0.39,0.44,2026-08-30,0826,N,nominal,2.0NRT,303.18,2.63,D
6.89576,81.66621,331.54,0.4,0.44,2026-08-30,0826,N,low,2.0NRT,301.71,3.31,D
6.863,81.43449,332.96,0.39,0.44,2026-08-30,0826,N,nominal,2.0NRT,297.4,3.02,D
6.96385,81.61536,336.56,0.4,0.44,2026-08-30,0826,N,nominal,2.0NRT,304.75,6.91,D
7.01929,81.60059,332.84,0.4,0.44,2026-08-30,0826,N,nominal,2.0NRT,302.79,2.25,D
7.01565,81.40194,344.36,0.39,0.44,2026-08-30,0826,N,nominal,2.0NRT,303.03,3.69,D
7.10918,81.68468,335.1,0.41,0.45,2026-08-30,0826,N,low,2.0NRT,305.92,4.05,D
7.13256,81.41004,330.14,0.39,0.44,2026-08-30,0826,N,nominal,2.0NRT,297.2,2.12,D
7.21619,81.59032,337.99,0.4,0.44,2026-08-30,0826,N,nominal,2.0NRT,306.07,5.44,D
7.29368,81.80795,332.54,0.42,0.45,2026-08-30,0826,N,low,2.0NRT,303.12,2.34,D
7.27994,81.59621,340.82,0.4,0.45,2026-08-30,0826,N,nominal,2.0NRT,306.6,5.24,D
7.32289,81.80387,340.57,0.42,0.45,2026-08-30,0826,N,nominal,2.0NRT,303.84,2.59,D
7.31681,81.76224,344.78,0.41,0.45,2026-08-30,0826,N,nominal,2.0NRT,299.4,5.41,D
7.3236,81.80315,331.97,0.42,0.45,2026-08-30,0826,N,low,2.0NRT,303.42,2.14,D
7.35132,81.81868,335.23,0.42,0.45,2026-08-30,0826,N,nominal,2.0NRT,303.61,2.2,D
7.34377,81.73465,336.86,0.41,0.45,2026-08-30,0826,N,nominal,2.0NRT,300.35,3.47,D
7.35635,81.76369,340.63,0.42,0.45,2026-08-30,0826,N,nominal,2.0NRT,304.1,4.46,D
7.27317,81.1773,330.44,0.57,0.43,2026-08-30,0826,N,low,2.0NRT,303.55,2.91,D
7.36683,81.77773,338.06,0.42,0.45,2026-08-30,0826,N,nominal,2.0NRT,304.2,5.08,D
7.27753,81.15067,337.79,0.57,0.43,2026-08-30,0826,N,nominal,2.0NRT,306.06,4.38,D
7.27678,81.14547,337.26,0.57,0.43,2026-08-30,0826,N,nominal,2.0NRT,305.53,4.38,D
7.36748,81.57545,332.45,0.4,0.45,2026-08-30,0826,N,low,2.0NRT,303.73,2.71,D
7.36431,81.55346,330.83,0.4,0.44,2026-08-30,0826,N,low,2.0NRT,303.42,4.19,D
7.4049,81.77624,342.42,0.42,0.45,2026-08-30,0826,N,nominal,2.0NRT,303.84,3.36,D
7.37411,81.56326,342.4,0.4,0.44,2026-08-30,0826,N,nominal,2.0NRT,303.29,5.71,D
7.32474,81.2229,344.58,0.38,0.43,2026-08-30,0826,N,nominal,2.0NRT,307.22,5.09,D
7.37768,81.55894,331.05,0.4,0.44,2026-08-30,0826,N,low,2.0NRT,302.66,3.86,D
7.31621,81.10839,336.91,0.57,0.43,2026-08-30,0826,N,nominal,2.0NRT,305.81,9.05,D
7.31546,81.10326,334.42,0.57,0.43,2026-08-30,0826,N,low,2.0NRT,304.81,6.49,D
7.33473,81.20717,357.22,0.38,0.43,2026-08-30,0826,N,nominal,2.0NRT,311.78,10.19,D
7.32021,81.10786,336.09,0.57,0.43,2026-08-30,0826,N,nominal,2.0NRT,306.09,2.2,D
7.38893,81.54981,338.13,0.4,0.44,2026-08-30,0826,N,nominal,2.0NRT,298.51,4.08,D
7.3884,81.54617,340.43,0.4,0.44,2026-08-30,0826,N,nominal,2.0NRT,299.81,4.46,D
7.39302,81.54917,343.05,0.4,0.44,2026-08-30,0826,N,nominal,2.0NRT,300.78,5.04,D
7.39712,81.54854,336.74,0.4,0.44,2026-08-30,0826,N,nominal,2.0NRT,302.96,5.04,D
7.39143,81.54616,342.88,0.4,0.44,2026-08-30,0826,N,nominal,2.0NRT,300.33,4.74,D
7.39604,81.54919,349.53,0.4,0.44,2026-08-30,0826,N,nominal,2.0NRT,303.82,8.59,D
7.35264,81.2084,348,0.38,0.43,2026-08-30,0826,N,nominal,2.0NRT,307.54,6.09,D
7.35215,81.2049,344.63,0.38,0.43,2026-08-30,0826,N,nominal,2.0NRT,310.14,6.09,D
7.35166,81.2014,348.5,0.38,0.43,2026-08-30,0826,N,nominal,2.0NRT,310.47,3.8,D
7.35118,81.19792,336.49,0.38,0.43,2026-08-30,0826,N,low,2.0NRT,309.58,3.8,D
7.36655,81.24904,343.12,0.39,0.44,2026-08-30,0826,N,nominal,2.0NRT,306.31,19.27,D
7.4156,81.56924,341.29,0.4,0.45,2026-08-30,0826,N,nominal,2.0NRT,302.85,2.32,D
7.37766,81.24046,336.16,0.39,0.44,2026-08-30,0826,N,low,2.0NRT,306.84,3.11,D
7.43686,81.39532,337.73,0.39,0.44,2026-08-30,0826,N,nominal,2.0NRT,307.01,4.3,D
7.43925,81.32561,340.99,0.39,0.44,2026-08-30,0826,N,nominal,2.0NRT,309.94,4.43,D
7.45403,81.34198,340.72,0.39,0.44,2026-08-30,0826,N,nominal,2.0NRT,308.95,4.67,D
7.48906,81.38728,338.59,0.39,0.44,2026-08-30,0826,N,nominal,2.0NRT,306.08,3,D
7.4743,81.05003,337.26,0.56,0.43,2026-08-30,0826,N,nominal,2.0NRT,305.58,3.44,D
7.51956,81.30991,334.71,0.39,0.44,2026-08-30,0826,N,low,2.0NRT,305.47,2.27,D
7.61807,81.15833,367,0.38,0.43,2026-08-30,0826,N,high,2.0NRT,311.16,34.65,D
7.61757,81.15485,356.38,0.38,0.43,2026-08-30,0826,N,nominal,2.0NRT,313.13,15.47,D
7.62159,81.15429,335.61,0.38,0.43,2026-08-30,0826,N,nominal,2.0NRT,306.78,15.47,D
7.67645,81.44918,347.74,0.4,0.44,2026-08-30,0826,N,nominal,2.0NRT,308.37,6.52,D
7.69219,81.52925,336.39,0.41,0.45,2026-08-30,0826,N,nominal,2.0NRT,305.85,2.33,D
7.80942,81.45202,342.3,0.4,0.44,2026-08-30,0826,N,nominal,2.0NRT,308.39,4.33,D
7.80813,81.45168,339.35,0.4,0.44,2026-08-30,0826,N,nominal,2.0NRT,308.72,4.97,D
7.78425,81.21941,334.77,0.39,0.44,2026-08-30,0826,N,nominal,2.0NRT,303.53,7.08,D
7.78376,81.21587,341.02,0.39,0.44,2026-08-30,0826,N,nominal,2.0NRT,306.64,9.22,D
7.81643,81.36108,338.02,0.4,0.44,2026-08-30,0826,N,low,2.0NRT,308.95,7.87,D
7.87288,81.46512,336.09,0.4,0.45,2026-08-30,0826,N,low,2.0NRT,308.48,4.66,D
7.87428,81.41622,347.81,0.4,0.44,2026-08-30,0826,N,nominal,2.0NRT,308.64,9.46,D
8.60875,77.83811,330.12,0.41,0.37,2026-08-30,0826,N,nominal,2.0NRT,284.72,2.3,D
8.78732,78.01003,339.42,0.42,0.37,2026-08-30,0828,N,nominal,2.0NRT,301.37,4.32,D
8.80542,78.10815,335.36,0.42,0.38,2026-08-30,0828,N,nominal,2.0NRT,296.09,2.62,D
8.88687,77.78855,336.67,0.41,0.37,2026-08-30,0828,N,nominal,2.0NRT,297.2,3,D
8.93294,77.9651,349.29,0.42,0.37,2026-08-30,0828,N,nominal,2.0NRT,296.81,2.9,D
8.93239,77.96133,333.2,0.42,0.37,2026-08-30,0828,N,nominal,2.0NRT,296.5,2.9,D
8.91,77.59529,335.65,0.4,0.37,2026-08-30,0828,N,nominal,2.0NRT,296.51,1.37,D
9.40266,80.43048,328.22,0.55,0.43,2026-08-30,0828,N,nominal,2.0NRT,295.28,4.05,D
9.42778,80.38101,331.15,0.55,0.42,2026-08-30,0828,N,nominal,2.0NRT,292.84,1.83,D
9.15121,78.32916,331.35,0.43,0.38,2026-08-30,0828,N,nominal,2.0NRT,293.35,1.56,D
9.11369,77.77237,334.29,0.41,0.37,2026-08-30,0828,N,nominal,2.0NRT,298.66,1.37,D
9.32007,77.4914,333.17,0.4,0.37,2026-08-30,0828,N,nominal,2.0NRT,290.35,2.53,D
9.44472,77.67329,339.12,0.41,0.37,2026-08-30,0828,N,nominal,2.0NRT,287.31,5.42,D
9.44417,77.66956,357.05,0.41,0.37,2026-08-30,0828,N,nominal,2.0NRT,290.55,5.42,D
9.51278,78.066,343.56,0.42,0.38,2026-08-30,0828,N,nominal,2.0NRT,303.22,10.29,D
9.49209,77.66238,342.98,0.41,0.37,2026-08-30,0828,N,nominal,2.0NRT,299.79,7.59,D
9.86126,78.18573,338.34,0.43,0.38,2026-08-30,0828,N,nominal,2.0NRT,303.91,4.18,D
9.87797,78.03197,336.6,0.42,0.38,2026-08-30,0828,N,nominal,2.0NRT,294.37,1.97,D
9.82619,77.39869,331.44,0.4,0.37,2026-08-30,0828,N,low,2.0NRT,303.27,1.05,D
10.00316,76.4542,333.81,0.39,0.36,2026-08-30,0828,N,nominal,2.0NRT,298.59,0.94,D
11.80984,77.21425,335.6,0.41,0.37,2026-08-30,0828,N,nominal,2.0NRT,301.41,61.33,D
12.07999,76.99017,338.02,0.41,0.37,2026-08-30,0828,N,nominal,2.0NRT,303.8,3.7,D
12.81456,78.60983,333.07,0.48,0.4,2026-08-30,0828,N,nominal,2.0NRT,291.11,2.64,D
12.48661,76.3177,336.89,0.39,0.37,2026-08-30,0828,N,nominal,2.0NRT,298.79,3.61,D
13.99587,79.86121,330.58,0.39,0.44,2026-08-30,0828,N,nominal,2.0NRT,297.69,3.16,D
13.9402,78.66064,331.18,0.5,0.41,2026-08-30,0828,N,nominal,2.0NRT,299.53,2.81,D
14.4991,79.69765,330.15,0.38,0.44,2026-08-30,0828,N,nominal,2.0NRT,297.16,1.87,D
14.50312,79.69711,336.85,0.38,0.44,2026-08-30,0828,N,nominal,2.0NRT,296.91,1.54,D
14.18999,77.3446,342.86,0.43,0.38,2026-08-30,0828,N,nominal,2.0NRT,298.23,3.06,D
14.29174,77.98407,337.34,0.46,0.39,2026-08-30,0828,N,nominal,2.0NRT,294.69,3.76,D
14.3499,77.63499,335.71,0.45,0.39,2026-08-30,0828,N,nominal,2.0NRT,300.01,3.47,D
14.71446,79.98879,342.4,0.4,0.44,2026-08-30,0828,N,nominal,2.0NRT,295.02,7.26,D
14.69206,79.62556,331.61,0.38,0.43,2026-08-30,0828,N,nominal,2.0NRT,295.71,2.12,D
14.84624,78.37249,332.45,0.49,0.4,2026-08-30,0828,N,nominal,2.0NRT,299.84,2.01,D
14.67836,76.89172,333.67,0.42,0.38,2026-08-30,0828,N,nominal,2.0NRT,291.89,2.11,D
15.43925,77.664,333.31,0.46,0.39,2026-08-30,0828,N,nominal,2.0NRT,291.37,2.43,D
15.93384,79.5267,343.13,0.39,0.44,2026-08-30,0828,N,nominal,2.0NRT,289.76,4.06,D
19.7772,73.79005,333.97,0.39,0.36,2026-08-30,0830,N,nominal,2.0NRT,293.26,2.03,D
21.17639,74.58324,334.94,0.4,0.37,2026-08-30,0830,N,nominal,2.0NRT,291.83,1.91,D
27.19052,67.1585,339.19,0.5,0.41,2026-08-30,0833,N,low,2.0NRT,312.7,27.38,D
30.16407,74.51582,331.57,0.47,0.4,2026-08-30,0835,N,low,2.0NRT,302.09,3.35,D
30.11697,73.26498,336.37,0.42,0.38,2026-08-30,0835,N,nominal,2.0NRT,305.23,5.74,D
30.11638,73.26059,335.4,0.42,0.38,2026-08-30,0835,N,low,2.0NRT,305.78,3.03,D
30.02923,71.74337,332.13,0.39,0.36,2026-08-30,0835,N,low,2.0NRT,304.36,0.57,D
30.35123,73.65195,334.44,0.44,0.38,2026-08-30,0835,N,nominal,2.0NRT,300.2,1.82,D
30.08648,71.7243,334.33,0.39,0.36,2026-08-30,0835,N,nominal,2.0NRT,303.89,1.66,D
30.51386,73.90864,335.57,0.45,0.39,2026-08-30,0835,N,nominal,2.0NRT,299.41,2.87,D
27.16945,56.0529,357.06,0.73,0.76,2026-08-30,0835,N,nominal,2.0NRT,302.4,7.83,D
27.16744,56.04557,344.04,0.73,0.76,2026-08-30,0835,N,nominal,2.0NRT,303.14,7.83,D
27.16666,56.05231,367,0.73,0.76,2026-08-30,0835,N,high,2.0NRT,302.9,20.75,D
27.16462,56.04507,334.99,0.73,0.76,2026-08-30,0835,N,nominal,2.0NRT,302.99,9.73,D
31.10913,74.49384,345.2,0.48,0.4,2026-08-30,0835,N,nominal,2.0NRT,299.84,9.69,D
31.12675,74.30208,342.96,0.47,0.4,2026-08-30,0835,N,nominal,2.0NRT,300.91,4.14,D
31.2082,73.91856,337.22,0.46,0.39,2026-08-30,0835,N,nominal,2.0NRT,300.68,3.87,D
31.2118,73.91795,331.16,0.46,0.39,2026-08-30,0835,N,nominal,2.0NRT,299.86,2.3,D
31.39489,72.12487,333.23,0.4,0.37,2026-08-30,0835,N,nominal,2.0NRT,300.88,1.87,D
31.4235,72.12935,331.22,0.4,0.37,2026-08-30,0835,N,nominal,2.0NRT,300.79,3.19,D
31.46879,72.1555,335.84,0.4,0.37,2026-08-30,0835,N,nominal,2.0NRT,301.51,3.6,D
31.56943,72.27724,340.52,0.41,0.37,2026-08-30,0835,N,nominal,2.0NRT,301.32,1.98,D
31.56918,72.22474,334.87,0.41,0.37,2026-08-30,0835,N,nominal,2.0NRT,302.29,2.25,D
31.58139,72.28816,337.8,0.41,0.37,2026-08-30,0835,N,nominal,2.0NRT,299.58,2.12,D
32.05318,73.38254,337.5,0.44,0.39,2026-08-30,0835,N,nominal,2.0NRT,301.33,3.08,D
32.09223,73.23719,330.89,0.44,0.38,2026-08-30,0835,N,nominal,2.0NRT,299.99,2.2,D
32.30693,73.28819,337.47,0.44,0.38,2026-08-30,0835,N,nominal,2.0NRT,297.34,3.64,D
32.8883,71.61584,331.99,0.4,0.37,2026-08-30,0835,N,low,2.0NRT,303.18,1.77,D
29.98931,55.8539,333.02,0.64,0.72,2026-08-30,0835,N,low,2.0NRT,307,7.48,D
29.98602,55.85553,334.26,0.64,0.72,2026-08-30,0835,N,nominal,2.0NRT,306.97,3.57,D
33.84936,72.20547,340.8,0.42,0.38,2026-08-30,0835,N,nominal,2.0NRT,297.4,3.38,D
33.58202,69.2417,340.44,0.39,0.36,2026-08-30,0835,N,low,2.0NRT,315.16,3.52,D
35.71663,66.89211,338.66,0.41,0.37,2026-08-30,0835,N,nominal,2.0NRT,311.81,3.81,D
38.14605,69.29251,341.75,0.39,0.36,2026-08-30,0837,N,low,2.0NRT,315.68,6.2,D
37.03425,62.41578,350.65,0.39,0.44,2026-08-30,0837,N,nominal,2.0NRT,320.31,12.01,D
37.21372,60.18956,338.98,0.5,0.49,2026-08-30,0837,N,nominal,2.0NRT,306.18,4.92,D
37.21933,60.19344,350.5,0.5,0.49,2026-08-30,0837,N,nominal,2.0NRT,307.13,4.92,D
37.21536,60.18679,342.9,0.5,0.49,2026-08-30,0837,N,nominal,2.0NRT,307.9,4.56,D
37.221,60.19065,343.61,0.49,0.49,2026-08-30,0837,N,nominal,2.0NRT,306.73,4.62,D
37.44534,61.05397,336.42,0.44,0.46,2026-08-30,0837,N,low,2.0NRT,310.65,4.45,D
37.61053,61.60814,339.6,0.41,0.45,2026-08-30,0837,N,low,2.0NRT,313.07,3.68,D
37.751,60.71397,342.8,0.45,0.47,2026-08-30,0837,N,nominal,2.0NRT,310.12,5.62,D
38.83239,65.74432,339.42,0.41,0.37,2026-08-30,0837,N,low,2.0NRT,310.07,2.91,D
39.26173,65.20177,348.31,0.42,0.38,2026-08-30,0835,N,low,2.0NRT,321.97,15.68,D
39.65697,67.00031,339.63,0.39,0.36,2026-08-30,0835,N,low,2.0NRT,314.19,5.81,D
37.51854,55.72548,346.79,0.42,0.61,2026-08-30,0835,N,nominal,2.0NRT,299.63,7.99,D
37.51748,55.72157,338.32,0.42,0.61,2026-08-30,0835,N,nominal,2.0NRT,297.87,3.36,D
37.52062,55.72151,347.83,0.42,0.61,2026-08-30,0835,N,nominal,2.0NRT,298.35,3.57,D
38.24878,57.94348,344.73,0.61,0.53,2026-08-30,0835,N,nominal,2.0NRT,304.58,12.26,D
38.25353,57.94155,333.05,0.61,0.53,2026-08-30,0835,N,low,2.0NRT,303.71,6.46,D
38.65167,54.28455,335.4,0.46,0.63,2026-08-30,0835,N,nominal,2.0NRT,300.24,4.05,D
38.65022,54.27944,335.14,0.46,0.63,2026-08-30,0835,N,nominal,2.0NRT,300.01,1.9,D
38.68,54.31754,340.51,0.46,0.63,2026-08-30,0835,N,nominal,2.0NRT,301.31,3.67,D
39.31616,55.70197,351.21,0.37,0.58,2026-08-30,0835,N,nominal,2.0NRT,299.79,6.9,D
39.31504,55.69775,331.72,0.37,0.58,2026-08-30,0835,N,nominal,2.0NRT,297.53,4.53,D
39.31759,55.69919,367,0.37,0.58,2026-08-30,0835,N,high,2.0NRT,299.36,6.42,D
39.32159,55.6927,345.29,0.37,0.58,2026-08-30,0835,N,nominal,2.0NRT,299.52,3.25,D
21.31245,57.74654,339.51,0.39,0.59,2026-08-30,1011,N,nominal,2.0NRT,307.77,4.24,D
21.32129,57.72254,336.24,0.39,0.59,2026-08-30,1011,N,low,2.0NRT,306.94,2.22,D
21.66079,56.41462,340.04,0.32,0.55,2026-08-30,1011,N,low,2.0NRT,311.32,1.56,D
21.66554,56.4109,356.98,0.32,0.55,2026-08-30,1011,N,low,2.0NRT,311.4,1.79,D
21.66399,56.41256,343.06,0.32,0.55,2026-08-30,1011,N,nominal,2.0NRT,310.9,1.38,D
21.66367,56.40939,341.49,0.32,0.55,2026-08-30,1011,N,nominal,2.0NRT,311.05,0.59,D
21.64727,55.99483,344.36,0.61,0.53,2026-08-30,1011,N,nominal,2.0NRT,312.29,3.22,D
21.8326,56.68087,346.63,0.34,0.56,2026-08-30,1011,N,nominal,2.0NRT,312.03,1.77,D
21.93585,57.07644,337.61,0.36,0.57,2026-08-30,1011,N,low,2.0NRT,309.23,1.82,D
21.9355,57.0729,346.59,0.36,0.57,2026-08-30,1011,N,nominal,2.0NRT,309.76,1.25,D
21.93951,57.07484,342.38,0.36,0.57,2026-08-30,1011,N,nominal,2.0NRT,309.35,1.51,D
22.32834,56.49237,346.93,0.33,0.55,2026-08-30,1011,N,nominal,2.0NRT,313.63,2.25,D
22.34345,56.43437,348.72,0.33,0.55,2026-08-30,1011,N,nominal,2.0NRT,313.78,0.88,D
22.40284,56.98946,338.17,0.36,0.57,2026-08-30,1011,N,low,2.0NRT,310.29,1.3,D
22.34861,56.43404,340.2,0.33,0.55,2026-08-30,1011,N,low,2.0NRT,312.01,0.88,D
22.44346,56.6999,354.33,0.34,0.56,2026-08-30,1011,N,nominal,2.0NRT,312.71,11.58,D
22.52622,54.0535,350.19,0.47,0.48,2026-08-30,1011,N,low,2.0NRT,323.94,1.48,D
22.52673,54.05799,367,0.47,0.48,2026-08-30,1011,N,low,2.0NRT,325.23,1.48,D
22.87885,55.93066,347.08,0.62,0.54,2026-08-30,1011,N,nominal,2.0NRT,315.64,8.26,D
22.87821,55.92453,342.61,0.62,0.54,2026-08-30,1011,N,low,2.0NRT,315.81,2.68,D
22.87276,55.6145,345.18,0.59,0.53,2026-08-30,1011,N,low,2.0NRT,316.88,1.53,D
22.92707,55.80656,345.52,0.61,0.53,2026-08-30,1011,N,low,2.0NRT,316.25,1.88,D
23.19023,55.45966,346.43,0.59,0.52,2026-08-30,1011,N,low,2.0NRT,318.13,6.48,D
24.50303,56.60836,344.35,0.36,0.57,2026-08-30,1011,N,nominal,2.0NRT,307,3.67,D
25.05753,55.69818,342.61,0.32,0.54,2026-08-30,1013,N,low,2.0NRT,315.85,3.58,D
27.14275,56.98122,339.14,0.4,0.6,2026-08-30,1013,N,nominal,2.0NRT,310.24,3.49,D
27.14243,56.97706,344.26,0.4,0.6,2026-08-30,1013,N,nominal,2.0NRT,310.82,3.49,D
27.16105,56.10109,342.98,0.36,0.57,2026-08-30,1013,N,nominal,2.0NRT,308.78,10.58,D
27.168,56.05601,367,0.35,0.57,2026-08-30,1013,N,high,2.0NRT,310.29,11.59,D
27.16831,56.05971,350.43,0.35,0.57,2026-08-30,1013,N,nominal,2.0NRT,309.33,11.59,D
27.1677,56.05235,356.54,0.35,0.57,2026-08-30,1013,N,nominal,2.0NRT,310.66,13.49,D
29.98692,55.85685,343.94,0.37,0.58,2026-08-30,1013,N,nominal,2.0NRT,310.93,6.25,D
34.56896,60.77802,333.86,0.77,0.78,2026-08-30,1015,N,nominal,2.0NRT,302.03,3.86,D
34.5691,60.77699,335.58,0.78,0.78,2026-08-30,1015,N,nominal,2.0NRT,302.07,3.95,D
37.21034,60.18594,334.74,0.74,0.76,2026-08-30,1015,N,nominal,2.0NRT,298.19,5.1,D
37.42656,59.85588,333.15,0.71,0.75,2026-08-30,1015,N,nominal,2.0NRT,298.58,3.65,D
38.65037,54.28412,346.54,0.36,0.58,2026-08-30,1015,N,nominal,2.0NRT,303.54,3.55,D
38.67926,54.316,344.05,0.36,0.58,2026-08-30,1015,N,nominal,2.0NRT,303.83,3.67,D
38.68111,54.31574,343.97,0.36,0.58,2026-08-30,1015,N,nominal,2.0NRT,303.93,3.63,D
39.31535,55.7022,345.38,0.44,0.62,2026-08-30,1015,N,nominal,2.0NRT,300.01,4.16,D
39.32656,55.69107,338.45,0.44,0.62,2026-08-30,1015,N,nominal,2.0NRT,298.86,2.26,D
18.32423,55.1071,347.87,0.48,0.48,2026-08-30,1011,N,low,2.0NRT,322.52,2.1,D
18.32234,55.10515,348.87,0.48,0.48,2026-08-30,1011,N,low,2.0NRT,322.53,2.36,D
18.68909,55.50787,349.44,0.52,0.5,2026-08-30,1013,N,nominal,2.0NRT,318.15,7.18,D
19.26612,56.1763,340.62,0.58,0.52,2026-08-30,1013,N,low,2.0NRT,314.48,2.2,D
20.21111,55.71368,341.79,0.56,0.51,2026-08-30,1013,N,low,2.0NRT,316.54,2.02,D
20.21091,55.71195,342.15,0.56,0.51,2026-08-30,1013,N,low,2.0NRT,316.17,2.02,D
20.37568,55.9351,351.02,0.58,0.52,2026-08-30,1013,N,nominal,2.0NRT,314.48,4.07,D
7.86273,100.08354,297.75,0.4,0.44,2026-08-30,1921,N,nominal,2.0NRT,275.43,0.54,N
7.87543,99.78751,311.33,0.39,0.44,2026-08-30,1921,N,nominal,2.0NRT,281.41,1.19,N
8.86843,81.02491,316.5,0.78,0.78,2026-08-30,1921,N,nominal,2.0NRT,287.9,2.71,N
8.86712,81.02701,309.61,0.78,0.78,2026-08-30,1921,N,nominal,2.0NRT,287.51,1.75,N
7.6078,81.15397,303.16,0.73,0.76,2026-08-30,1921,N,nominal,2.0NRT,288.01,0.82,N
7.28379,81.16539,304.2,0.72,0.76,2026-08-30,1921,N,nominal,2.0NRT,288.27,1.34,N
7.13631,81.13902,296.16,0.73,0.76,2026-08-30,1921,N,nominal,2.0NRT,280.67,1.72,N
7.14013,81.1341,297.7,0.73,0.76,2026-08-30,1921,N,nominal,2.0NRT,283.35,3.59,N
39.86176,98.25595,315.8,0.5,0.41,2026-08-30,1915,N,nominal,2.0NRT,292.32,2.29,N
39.84405,98.2766,307.78,0.5,0.41,2026-08-30,1915,N,nominal,2.0NRT,288.1,0.84,N
39.84231,98.25833,301.84,0.5,0.41,2026-08-30,1915,N,nominal,2.0NRT,289.97,0.53,N
39.82529,98.27308,303.62,0.5,0.41,2026-08-30,1915,N,nominal,2.0NRT,290.96,1.3,N
39.8211,98.24244,301.42,0.5,0.41,2026-08-30,1915,N,nominal,2.0NRT,289.45,0.86,N
39.81205,98.28847,313.84,0.5,0.41,2026-08-30,1915,N,nominal,2.0NRT,290.03,1.45,N
39.81139,98.29427,305.04,0.5,0.41,2026-08-30,1915,N,nominal,2.0NRT,292.48,1.45,N
39.81073,98.30008,314.89,0.5,0.41,2026-08-30,1915,N,nominal,2.0NRT,294.01,2.32,N
39.79229,97.8884,301.88,0.52,0.42,2026-08-30,1915,N,nominal,2.0NRT,289.76,2.07,N
38.85368,100.81505,299.96,0.41,0.37,2026-08-30,1915,N,nominal,2.0NRT,289.12,0.47,N
38.56104,100.50832,302.03,0.41,0.37,2026-08-30,1915,N,nominal,2.0NRT,282.78,0.46,N
38.55828,100.50291,339.86,0.41,0.37,2026-08-30,1915,N,nominal,2.0NRT,283.26,4.85,N
38.55763,100.5076,326.15,0.41,0.37,2026-08-30,1915,N,nominal,2.0NRT,282.34,2.56,N
36.89077,101.75276,299.07,0.39,0.36,2026-08-30,1915,N,nominal,2.0NRT,281.14,0.54,N
36.59267,101.48466,297.97,0.39,0.36,2026-08-30,1915,N,nominal,2.0NRT,281.43,0.98,N
36.58937,101.48389,296.55,0.39,0.36,2026-08-30,1915,N,nominal,2.0NRT,279.74,0.95,N
36.57235,101.52868,296.23,0.39,0.36,2026-08-30,1915,N,nominal,2.0NRT,282.15,0.96,N
36.27003,100.5754,300.5,0.4,0.37,2026-08-30,1915,N,nominal,2.0NRT,281.72,0.91,N
21.1016,72.63586,315.23,0.38,0.36,2026-08-30,2059,N,nominal,2.0NRT,282.26,1.65,N
21.10102,72.63954,295.93,0.38,0.36,2026-08-30,2059,N,nominal,2.0NRT,281.97,0.49,N
20.35619,72.94963,305.96,0.39,0.36,2026-08-30,2059,N,nominal,2.0NRT,291.96,1.84,N
19.93695,73.71136,323.05,0.4,0.37,2026-08-30,2059,N,nominal,2.0NRT,287.35,2.32,N
21.31441,57.74323,307.47,0.79,0.78,2026-08-30,2059,N,nominal,2.0NRT,290.97,1.69,N
21.30342,57.79746,303.83,0.78,0.78,2026-08-30,2059,N,nominal,2.0NRT,290.36,0.65,N
21.31339,57.74435,309.24,0.78,0.78,2026-08-30,2059,N,nominal,2.0NRT,290.5,1.51,N
21.30209,57.79853,301.23,0.78,0.78,2026-08-30,2059,N,nominal,2.0NRT,290.31,1.29,N
18.54634,74.25378,311.92,0.42,0.38,2026-08-30,2059,N,nominal,2.0NRT,289.64,1.13,N
18.69302,73.0416,319.89,0.39,0.36,2026-08-30,2059,N,nominal,2.0NRT,293.8,3.62,N
18.68969,73.04101,304.97,0.39,0.36,2026-08-30,2059,N,nominal,2.0NRT,291.93,1.57,N
15.17345,76.78623,302.27,0.42,0.45,2026-08-30,2101,N,nominal,2.0NRT,284.14,0.79,N
15.1825,76.66548,315.65,0.41,0.45,2026-08-30,2101,N,nominal,2.0NRT,280.75,1.46,N
15.18182,76.66927,302.97,0.41,0.45,2026-08-30,2101,N,nominal,2.0NRT,282.18,1.46,N
15.17842,76.66464,301.31,0.41,0.45,2026-08-30,2101,N,nominal,2.0NRT,282.67,1.47,N
15.17636,76.67603,312.47,0.41,0.45,2026-08-30,2101,N,nominal,2.0NRT,284.26,2.05,N
15.17362,76.69113,301.13,0.41,0.45,2026-08-30,2101,N,nominal,2.0NRT,281.35,0.52,N
15.1757,76.65623,320.74,0.41,0.45,2026-08-30,2101,N,nominal,2.0NRT,283.06,3.12,N
15.16888,76.67051,297.02,0.41,0.45,2026-08-30,2101,N,nominal,2.0NRT,279.46,0.4,N
13.82868,79.33408,302.13,0.32,0.55,2026-08-30,2101,N,nominal,2.0NRT,278.63,0.73,N
13.82812,79.33691,305.97,0.32,0.55,2026-08-30,2101,N,nominal,2.0NRT,279.11,0.49,N
13.82755,79.33979,302.83,0.32,0.55,2026-08-30,2101,N,nominal,2.0NRT,278.47,0.49,N
13.82871,79.33633,304.76,0.32,0.55,2026-08-30,2101,N,nominal,2.0NRT,278.4,0.64,N
13.82816,79.33921,305.91,0.32,0.55,2026-08-30,2101,N,nominal,2.0NRT,278.87,0.64,N
13.71089,79.62021,304.97,0.34,0.56,2026-08-30,2101,N,nominal,2.0NRT,281.19,1.05,N
11.62482,79.08276,304.91,0.34,0.56,2026-08-30,2101,N,nominal,2.0NRT,283.7,0.94,N
9.67002,77.45597,297.92,0.57,0.52,2026-08-30,2101,N,nominal,2.0NRT,278.12,0.77,N
6.95868,79.95699,300.79,0.47,0.64,2026-08-30,2104,N,nominal,2.0NRT,282.46,1.05,N
39.051,76.18204,301.75,0.39,0.36,2026-08-30,2053,N,nominal,2.0NRT,290.81,1.53,N
39.85436,66.19984,309.73,0.36,0.58,2026-08-30,2053,N,nominal,2.0NRT,294.78,1.39,N
39.12605,63.30578,303.05,0.51,0.66,2026-08-30,2055,N,nominal,2.0NRT,292.94,0.42,N
38.94079,64.13254,305.75,0.46,0.64,2026-08-30,2055,N,nominal,2.0NRT,294.8,1.24,N
38.68497,65.98714,336.35,0.36,0.58,2026-08-30,2055,N,nominal,2.0NRT,294.16,2.73,N
38.68156,65.95225,304.92,0.37,0.58,2026-08-30,2055,N,nominal,2.0NRT,294.58,1.49,N
37.30244,77.71731,300.32,0.39,0.36,2026-08-30,2055,N,nominal,2.0NRT,283.57,0.52,N
38.65619,64.76208,307.18,0.42,0.61,2026-08-30,2055,N,nominal,2.0NRT,296.64,1.43,N
38.55015,65.94749,305.88,0.37,0.58,2026-08-30,2055,N,nominal,2.0NRT,295.32,1.02,N
38.60476,64.7532,319.39,0.42,0.61,2026-08-30,2055,N,nominal,2.0NRT,296.67,2.15,N
38.60389,64.75217,314.59,0.42,0.61,2026-08-30,2055,N,nominal,2.0NRT,296.35,1.71,N
38.45329,65.80045,313.38,0.37,0.58,2026-08-30,2055,N,nominal,2.0NRT,295.21,1.45,N
38.57271,62.78164,367,0.54,0.68,2026-08-30,2055,N,high,2.0NRT,295.93,10.61,N
38.45749,65.80177,309.98,0.37,0.58,2026-08-30,2055,N,nominal,2.0NRT,294.77,0.82,N
38.45206,65.80137,306.43,0.37,0.58,2026-08-30,2055,N,nominal,2.0NRT,294.86,0.82,N
38.57109,62.78,347.62,0.54,0.68,2026-08-30,2055,N,nominal,2.0NRT,295.4,4.89,N
38.57088,62.78645,318.45,0.54,0.68,2026-08-30,2055,N,nominal,2.0NRT,294.98,4.89,N
38.05285,67.26018,338.76,0.61,0.54,2026-08-30,2055,N,nominal,2.0NRT,293.24,11.62,N
38.05237,67.26704,335.6,0.61,0.54,2026-08-30,2055,N,nominal,2.0NRT,293.82,11.62,N
38.04741,67.26633,304.58,0.61,0.54,2026-08-30,2055,N,nominal,2.0NRT,292.19,2.54,N
38.0523,67.26071,338.72,0.61,0.54,2026-08-30,2055,N,nominal,2.0NRT,293.58,16.34,N
38.05178,67.26757,335.03,0.61,0.54,2026-08-30,2055,N,nominal,2.0NRT,293.31,11,N
38.05704,64.88522,305.39,0.41,0.61,2026-08-30,2055,N,nominal,2.0NRT,295.2,0.77,N
37.78843,62.537,307.14,0.55,0.68,2026-08-30,2055,N,nominal,2.0NRT,295.36,2.2,N
37.60722,61.60441,305,0.62,0.71,2026-08-30,2055,N,nominal,2.0NRT,294.45,1.02,N
37.58143,61.55915,305.42,0.62,0.72,2026-08-30,2055,N,nominal,2.0NRT,294.13,1.58,N
37.49821,61.84594,308.56,0.6,0.71,2026-08-30,2055,N,nominal,2.0NRT,295.02,2.01,N
37.12073,62.35933,367,0.56,0.69,2026-08-30,2055,N,high,2.0NRT,300.39,14.86,N
37.12092,62.35279,308.43,0.56,0.69,2026-08-30,2055,N,nominal,2.0NRT,295.5,16.65,N
37.12053,62.36588,314.68,0.56,0.69,2026-08-30,2055,N,nominal,2.0NRT,296.15,14.86,N
37.12037,62.35787,367,0.56,0.69,2026-08-30,2055,N,high,2.0NRT,299.21,32.52,N
37.12014,62.36441,329.78,0.56,0.69,2026-08-30,2055,N,nominal,2.0NRT,296.97,16.12,N
37.11395,62.35751,312.01,0.56,0.69,2026-08-30,2055,N,nominal,2.0NRT,296.38,4.43,N
37.11372,62.36407,307.18,0.56,0.69,2026-08-30,2055,N,nominal,2.0NRT,296.02,2.84,N
37.03499,62.41159,327.95,0.55,0.68,2026-08-30,2055,N,nominal,2.0NRT,296.99,7.97,N
37.03358,62.41165,326.18,0.55,0.68,2026-08-30,2055,N,nominal,2.0NRT,296.99,6.7,N
37.03335,62.4181,309.95,0.55,0.68,2026-08-30,2055,N,nominal,2.0NRT,297.08,3.9,N
33.29611,71.18341,310.8,0.51,0.41,2026-08-30,2055,N,nominal,2.0NRT,293.05,0.8,N
33.29622,71.18803,306.97,0.51,0.41,2026-08-30,2055,N,nominal,2.0NRT,293.04,1.09,N
32.88999,71.6175,308.91,0.48,0.4,2026-08-30,2055,N,nominal,2.0NRT,293.74,3.33,N
32.64409,72.9769,307.1,0.42,0.38,2026-08-30,2055,N,nominal,2.0NRT,293.7,1.59,N
32.57351,72.56357,309.26,0.44,0.38,2026-08-30,2055,N,nominal,2.0NRT,294.88,4.1,N
32.13232,74.17843,312.92,0.39,0.36,2026-08-30,2055,N,nominal,2.0NRT,295.18,0.79,N
32.08741,74.15643,308.49,0.39,0.36,2026-08-30,2055,N,nominal,2.0NRT,294.49,0.65,N
32.0868,74.16059,315.49,0.39,0.36,2026-08-30,2055,N,nominal,2.0NRT,294.79,2.11,N
31.64126,74.42704,308.12,0.39,0.36,2026-08-30,2055,N,nominal,2.0NRT,295.23,0.49,N
31.61482,74.37532,311.52,0.39,0.36,2026-08-30,2055,N,nominal,2.0NRT,295.45,0.61,N
31.769,70.10805,312.33,0.55,0.43,2026-08-30,2055,N,nominal,2.0NRT,295.54,4.57,N
29.4759,76.85623,311.77,0.41,0.37,2026-08-30,2057,N,nominal,2.0NRT,289.97,2.28,N
29.45914,76.89161,316.03,0.41,0.37,2026-08-30,2057,N,nominal,2.0NRT,292.1,3.18,N
28.74306,76.92912,316.04,0.42,0.38,2026-08-30,2057,N,nominal,2.0NRT,291.02,1.91,N
27.66938,76.12862,299.11,0.41,0.37,2026-08-30,2057,N,nominal,2.0NRT,279.78,0.32,N
27.66868,76.13271,296.11,0.41,0.37,2026-08-30,2057,N,nominal,2.0NRT,276.77,0.32,N
28.42588,69.698,310.32,0.53,0.42,2026-08-30,2057,N,nominal,2.0NRT,297.18,1.83,N
28.35198,70.13081,307.1,0.5,0.41,2026-08-30,2057,N,nominal,2.0NRT,296.83,0.75,N
26.87664,73.51275,304.99,0.39,0.36,2026-08-30,2057,N,nominal,2.0NRT,292.77,1.39,N
26.87605,73.51661,309.34,0.39,0.36,2026-08-30,2057,N,nominal,2.0NRT,293.23,1.26,N
26.87274,73.51597,306.77,0.39,0.36,2026-08-30,2057,N,nominal,2.0NRT,293.13,1.35,N
26.60605,73.68385,305.13,0.38,0.36,2026-08-30,2057,N,nominal,2.0NRT,292.92,0.71,N
25.94431,72.19051,325.37,0.4,0.37,2026-08-30,2057,N,nominal,2.0NRT,295.03,2.14,N
25.9433,72.19072,329.62,0.4,0.37,2026-08-30,2057,N,nominal,2.0NRT,294.95,2.98,N
26.09499,68.87773,305.36,0.55,0.42,2026-08-30,2057,N,nominal,2.0NRT,295.07,0.92,N
24.68952,73.00175,308.21,0.39,0.36,2026-08-30,2057,N,nominal,2.0NRT,292.27,1.08,N
21.79665,72.08905,308.36,0.39,0.36,2026-08-30,2059,N,nominal,2.0NRT,292.6,1.45,N
21.26307,72.94081,312.03,0.38,0.36,2026-08-30,2059,N,nominal,2.0NRT,293.36,2.1,N
37.79664,62.54863,305.89,0.32,0.55,2026-08-30,2235,N,nominal,2.0NRT,295.31,1.11,N
37.78875,62.53754,313.77,0.32,0.55,2026-08-30,2235,N,nominal,2.0NRT,296.36,1.35,N
37.72737,62.09232,306.49,0.61,0.54,2026-08-30,2235,N,nominal,2.0NRT,294.87,1.15,N
37.72558,62.09203,306.91,0.61,0.54,2026-08-30,2235,N,nominal,2.0NRT,294.96,1.48,N
37.61934,62.13891,307.14,0.62,0.54,2026-08-30,2235,N,nominal,2.0NRT,296.34,2,N
37.61858,62.13948,306.46,0.62,0.54,2026-08-30,2235,N,nominal,2.0NRT,295.9,2.17,N
37.60739,61.60525,305.85,0.58,0.52,2026-08-30,2235,N,nominal,2.0NRT,295.67,2.51,N
37.42168,62.31057,315.04,0.32,0.55,2026-08-30,2235,N,nominal,2.0NRT,295.15,0.72,N
37.58266,61.56056,308.32,0.58,0.52,2026-08-30,2235,N,nominal,2.0NRT,296.11,2,N
37.496,61.84727,316.56,0.6,0.53,2026-08-30,2235,N,nominal,2.0NRT,296.86,3.27,N
38.25484,58.38948,339.86,0.39,0.44,2026-08-30,2235,N,nominal,2.0NRT,298.52,3.89,N
38.25391,58.39382,312.2,0.39,0.44,2026-08-30,2235,N,nominal,2.0NRT,295.67,3.89,N
38.14835,58.39429,307.94,0.39,0.44,2026-08-30,2235,N,nominal,2.0NRT,294,1.13,N
37.1204,62.3653,319.64,0.33,0.55,2026-08-30,2235,N,nominal,2.0NRT,297.74,1.52,N
37.11551,62.36333,310.14,0.33,0.55,2026-08-30,2235,N,nominal,2.0NRT,296.79,1.57,N
37.03331,62.41866,367,0.33,0.55,2026-08-30,2235,N,high,2.0NRT,299.98,6.11,N
37.03238,62.42229,356.25,0.33,0.55,2026-08-30,2235,N,nominal,2.0NRT,299.89,6.99,N
37.03423,62.41504,313.46,0.33,0.55,2026-08-30,2235,N,nominal,2.0NRT,296.92,6.11,N
37.02746,62.42031,321.88,0.33,0.55,2026-08-30,2235,N,nominal,2.0NRT,296.39,6.99,N
37.94109,58.56355,312.68,0.4,0.44,2026-08-30,2235,N,nominal,2.0NRT,294.62,1.7,N
37.0284,62.41668,309.77,0.33,0.55,2026-08-30,2235,N,nominal,2.0NRT,296.44,6.11,N
37.82647,58.38544,304.72,0.39,0.44,2026-08-30,2235,N,nominal,2.0NRT,292.53,0.45,N
37.33886,58.0472,305.19,0.39,0.44,2026-08-30,2235,N,nominal,2.0NRT,291.27,1.62,N
37.3414,58.04905,308.13,0.39,0.44,2026-08-30,2235,N,nominal,2.0NRT,292.6,1.18,N
36.475,61.62323,312.39,0.62,0.54,2026-08-30,2235,N,nominal,2.0NRT,294.99,1.09,N
36.44836,59.40208,307.19,0.48,0.48,2026-08-30,2235,N,nominal,2.0NRT,293.28,1.04,N
35.36784,59.30793,300.76,0.5,0.49,2026-08-30,2235,N,nominal,2.0NRT,289.78,0.42,N
36.29841,54.78928,302.5,0.44,0.39,2026-08-30,2235,N,nominal,2.0NRT,292.43,0.64,N
36.29492,54.78833,305.19,0.44,0.39,2026-08-30,2235,N,nominal,2.0NRT,292.24,0.76,N
36.35525,54.11893,299.65,0.42,0.38,2026-08-30,2235,N,nominal,2.0NRT,287.84,0.4,N
36.32137,54.18747,301.95,0.42,0.38,2026-08-30,2235,N,nominal,2.0NRT,288.24,0.61,N
33.75154,59.14705,303.55,0.53,0.5,2026-08-30,2237,N,nominal,2.0NRT,287.93,0.99,N
33.04022,56.84985,308.78,0.41,0.45,2026-08-30,2237,N,nominal,2.0NRT,295.96,1.36,N
32.33663,54.08635,304.5,0.47,0.4,2026-08-30,2237,N,nominal,2.0NRT,291.07,1.64,N
31.9404,54.04519,307.42,0.47,0.4,2026-08-30,2237,N,nominal,2.0NRT,295.18,0.97,N
31.9268,54.0571,308.08,0.47,0.4,2026-08-30,2237,N,nominal,2.0NRT,295.88,1.43,N
31.43211,56.49135,299.99,0.42,0.45,2026-08-30,2237,N,nominal,2.0NRT,288.33,0.4,N
31.62147,54.72458,312.35,0.51,0.41,2026-08-30,2237,N,nominal,2.0NRT,292.16,1.84,N
30.75468,56.6596,305.27,0.45,0.47,2026-08-30,2237,N,nominal,2.0NRT,291.29,1.59,N
30.66635,56.62267,308.5,0.45,0.47,2026-08-30,2237,N,nominal,2.0NRT,289.46,1.29,N
30.49661,56.81751,310.88,0.46,0.47,2026-08-30,2237,N,nominal,2.0NRT,290.28,2.72,N
30.2344,56.90871,314.46,0.47,0.48,2026-08-30,2237,N,nominal,2.0NRT,290.13,2.19,N
30.37158,56.1272,300.43,0.42,0.45,2026-08-30,2237,N,nominal,2.0NRT,288.03,1.44,N
30.37031,56.12922,306.35,0.42,0.45,2026-08-30,2237,N,nominal,2.0NRT,288.88,0.61,N
30.32397,56.22654,301.58,0.43,0.46,2026-08-30,2237,N,nominal,2.0NRT,289.05,0.98,N
30.32446,55.97529,308.21,0.42,0.45,2026-08-30,2237,N,nominal,2.0NRT,289.82,1.05,N
29.99469,55.85266,314.74,0.42,0.45,2026-08-30,2237,N,nominal,2.0NRT,285.05,0.82,N
29.99062,55.85157,337.95,0.42,0.45,2026-08-30,2237,N,nominal,2.0NRT,287.11,7.8,N
29.98967,55.85607,324.68,0.42,0.45,2026-08-30,2237,N,nominal,2.0NRT,288.63,4.52,N
30.08176,55.39588,339.08,0.39,0.44,2026-08-30,2237,N,nominal,2.0NRT,290.58,11.76,N
30.08093,55.39988,331.8,0.39,0.44,2026-08-30,2237,N,nominal,2.0NRT,290.02,9.01,N
29.99255,55.85429,340.46,0.42,0.45,2026-08-30,2237,N,nominal,2.0NRT,288.76,5.96,N
30.08096,55.39721,340.47,0.39,0.44,2026-08-30,2237,N,nominal,2.0NRT,292.71,15.72,N
29.98847,55.8532,320.85,0.42,0.45,2026-08-30,2237,N,nominal,2.0NRT,287.46,5.96,N
30.08016,55.40121,301.38,0.39,0.44,2026-08-30,2237,N,nominal,2.0NRT,287.51,3.92,N
29.80923,55.75193,296.14,0.41,0.45,2026-08-30,2237,N,nominal,2.0NRT,285.68,0.42,N
29.51351,55.79961,302.72,0.42,0.45,2026-08-30,2237,N,nominal,2.0NRT,288.48,0.74,N
29.15183,55.36487,305.84,0.41,0.45,2026-08-30,2237,N,nominal,2.0NRT,292.15,1.08,N
29.17256,54.61908,325.62,0.56,0.43,2026-08-30,2237,N,nominal,2.0NRT,292.89,4.01,N
28.53376,54.44618,308.04,0.56,0.43,2026-08-30,2237,N,nominal,2.0NRT,291.79,1.79,N
28.53102,54.44459,307.03,0.56,0.43,2026-08-30,2237,N,nominal,2.0NRT,291.9,1.29,N
39.95242,62.5803,305.43,0.57,0.52,2026-08-30,2235,N,nominal,2.0NRT,293.03,0.86,N
39.95284,62.58088,304.1,0.57,0.52,2026-08-30,2235,N,nominal,2.0NRT,292.87,0.54,N
38.68533,65.98905,304.86,0.46,0.63,2026-08-30,2235,N,nominal,2.0NRT,292.22,0.89,N
39.25041,63.21296,303.69,0.32,0.55,2026-08-30,2235,N,nominal,2.0NRT,293.29,0.71,N
39.2501,63.17306,303.52,0.32,0.54,2026-08-30,2235,N,nominal,2.0NRT,293.12,0.69,N
39.17304,63.2851,306.82,0.32,0.55,2026-08-30,2235,N,nominal,2.0NRT,293.97,0.63,N
39.16991,63.25552,304.42,0.32,0.55,2026-08-30,2235,N,nominal,2.0NRT,294.25,0.95,N
39.16319,63.26069,304.94,0.32,0.55,2026-08-30,2235,N,nominal,2.0NRT,294.6,0.53,N
38.97507,63.46991,308.43,0.33,0.56,2026-08-30,2235,N,nominal,2.0NRT,295.24,1.1,N
27.16798,56.09612,320.83,0.49,0.48,2026-08-30,2240,N,nominal,2.0NRT,301.87,2.88,N
27.17176,56.05619,325.34,0.48,0.48,2026-08-30,2240,N,nominal,2.0NRT,301.93,3.02,N
27.16257,56.09981,328,0.49,0.48,2026-08-30,2240,N,nominal,2.0NRT,302.11,2.88,N
27.16154,56.10466,316.34,0.49,0.48,2026-08-30,2240,N,nominal,2.0NRT,301.84,1.44,N
27.16739,56.05504,328.64,0.48,0.48,2026-08-30,2240,N,nominal,2.0NRT,301.46,2.37,N
27.15818,56.09866,316.12,0.49,0.48,2026-08-30,2240,N,nominal,2.0NRT,301.07,1.08,N
27.14631,56.11096,311.43,0.49,0.48,2026-08-30,2240,N,nominal,2.0NRT,301.01,0.9,N
25.97421,56.07152,320.76,0.51,0.49,2026-08-30,2240,N,nominal,2.0NRT,302.93,2.52,N
25.96523,56.06918,320.16,0.51,0.49,2026-08-30,2240,N,nominal,2.0NRT,302.85,1.6,N
25.90147,54.53278,317.19,0.42,0.45,2026-08-30,2240,N,nominal,2.0NRT,301.09,1,N
25.5593,55.98728,312.84,0.52,0.5,2026-08-30,2240,N,nominal,2.0NRT,300.12,3.75,N
25.30928,56.37396,317.05,0.55,0.51,2026-08-30,2240,N,nominal,2.0NRT,301.01,1.52,N
24.98962,55.62511,328.89,0.5,0.49,2026-08-30,2240,N,nominal,2.0NRT,299.5,3.29,N
24.99234,55.62937,318.27,0.5,0.49,2026-08-30,2240,N,nominal,2.0NRT,297.94,2.19,N
24.98789,55.62822,319.59,0.5,0.49,2026-08-30,2240,N,nominal,2.0NRT,296.81,2.36,N
24.50763,56.60817,327.98,0.59,0.53,2026-08-30,2240,N,nominal,2.0NRT,301.71,4.85,N
24.50286,56.60692,324.4,0.59,0.53,2026-08-30,2240,N,nominal,2.0NRT,301.36,3.69,N
24.50923,54.01731,317.14,0.41,0.45,2026-08-30,2240,N,nominal,2.0NRT,302.68,1.24,N
23.19023,55.45522,313.64,0.53,0.5,2026-08-30,2240,N,nominal,2.0NRT,300.22,3.32,N
23.18914,55.46036,314.64,0.53,0.5,2026-08-30,2240,N,nominal,2.0NRT,300.54,3.53,N
23.31133,54.18058,335.33,0.44,0.46,2026-08-30,2240,N,nominal,2.0NRT,299.44,2.78,N
23.31219,54.17628,315.19,0.44,0.46,2026-08-30,2240,N,nominal,2.0NRT,300.25,2.78,N
22.92674,55.80559,339.9,0.57,0.52,2026-08-30,2240,N,nominal,2.0NRT,299.04,4.92,N
22.87218,55.61502,325.37,0.55,0.51,2026-08-30,2240,N,nominal,2.0NRT,298.09,2.58,N
22.40899,56.98919,309,0.34,0.56,2026-08-30,2240,N,nominal,2.0NRT,297.05,0.81,N
22.40385,56.98803,315.86,0.34,0.56,2026-08-30,2240,N,nominal,2.0NRT,297.13,0.81,N
22.40744,56.98887,322.02,0.34,0.56,2026-08-30,2240,N,nominal,2.0NRT,297.31,1.81,N
22.32724,56.49067,343.08,0.32,0.55,2026-08-30,2240,N,nominal,2.0NRT,297.75,2.9,N
22.32638,56.47064,314.43,0.32,0.55,2026-08-30,2240,N,nominal,2.0NRT,296.91,1.42,N
22.3257,56.47377,315.71,0.32,0.55,2026-08-30,2240,N,nominal,2.0NRT,296.56,0.95,N
22.29301,56.52733,355.97,0.32,0.55,2026-08-30,2240,N,nominal,2.0NRT,299.45,5.06,N
22.29379,56.52718,340.1,0.32,0.55,2026-08-30,2240,N,nominal,2.0NRT,298.29,3.13,N
22.29313,56.53028,313.58,0.32,0.55,2026-08-30,2240,N,nominal,2.0NRT,297.17,1.71,N
21.9367,57.07504,328.71,0.36,0.57,2026-08-30,2240,N,nominal,2.0NRT,294.52,1.44,N
21.93745,57.07161,304.94,0.36,0.57,2026-08-30,2240,N,nominal,2.0NRT,294.35,1.44,N
22.52457,54.04963,309.87,0.45,0.47,2026-08-30,2240,N,nominal,2.0NRT,298.09,1.57,N
21.88904,56.84688,304.16,0.34,0.56,2026-08-30,2240,N,nominal,2.0NRT,291.83,0.55,N
21.89338,56.84827,308.18,0.34,0.56,2026-08-30,2240,N,nominal,2.0NRT,292.14,0.67,N
21.83293,56.68158,317.64,0.34,0.56,2026-08-30,2240,N,nominal,2.0NRT,293.3,1.02,N
21.66253,56.41452,326.77,0.33,0.55,2026-08-30,2240,N,nominal,2.0NRT,295.07,1.68,N
21.66338,56.41638,313.67,0.33,0.55,2026-08-30,2240,N,nominal,2.0NRT,294.84,0.81,N
21.4631,57.24767,306.1,0.37,0.58,2026-08-30,2240,N,nominal,2.0NRT,293.67,0.31,N
21.33523,57.72458,309.58,0.4,0.6,2026-08-30,2240,N,nominal,2.0NRT,293.64,0.64,N
21.31281,57.7474,323.94,0.4,0.6,2026-08-30,2240,N,nominal,2.0NRT,293.56,1.49,N
21.31799,57.72429,305.23,0.4,0.6,2026-08-30,2240,N,nominal,2.0NRT,293.35,1.01,N
21.31368,57.74352,317.6,0.4,0.6,2026-08-30,2240,N,nominal,2.0NRT,293.5,1.49,N
21.30147,57.79795,309.51,0.41,0.6,2026-08-30,2240,N,nominal,2.0NRT,293.5,1.04,N
21.30419,57.70868,306.14,0.4,0.6,2026-08-30,2240,N,nominal,2.0NRT,293.37,0.58,N
21.29849,57.6828,305.42,0.4,0.6,2026-08-30,2240,N,nominal,2.0NRT,293,0.36,N
21.6487,55.998,331.23,0.62,0.54,2026-08-30,2240,N,nominal,2.0NRT,299.15,8,N
21.64809,55.99707,327.67,0.62,0.54,2026-08-30,2240,N,nominal,2.0NRT,299.16,4.51,N
20.37475,55.93403,367,0.32,0.55,2026-08-30,2240,N,high,2.0NRT,295.07,5.42,N
20.39099,55.66394,309.9,0.62,0.54,2026-08-30,2240,N,nominal,2.0NRT,293.22,2.7,N
20.39095,55.66202,312.6,0.62,0.54,2026-08-30,2240,N,nominal,2.0NRT,293.75,2.07,N
20.38605,55.66084,305.93,0.62,0.54,2026-08-30,2240,N,nominal,2.0NRT,293.03,2.07,N
20.38359,55.64794,313.06,0.62,0.54,2026-08-30,2240,N,nominal,2.0NRT,293.8,2.03,N
20.21418,55.71351,304.19,0.63,0.54,2026-08-30,2240,N,nominal,2.0NRT,290.06,1.21,N
18.69226,55.50414,367,0.33,0.55,2026-08-30,2242,N,high,2.0NRT,294.67,6.6,N
18.69443,55.50459,367,0.33,0.55,2026-08-30,2242,N,high,2.0NRT,294.31,3.95,N
18.6894,55.50343,340.78,0.33,0.55,2026-08-30,2242,N,nominal,2.0NRT,292.92,3.95,N
18.68877,55.50652,340.96,0.33,0.55,2026-08-30,2242,N,nominal,2.0NRT,293.58,3.95,N
18.68814,55.50961,314.29,0.33,0.55,2026-08-30,2242,N,nominal,2.0NRT,293.26,2.16,N
18.32503,55.10756,308.82,0.63,0.54,2026-08-30,2242,N,nominal,2.0NRT,294.05,1.38,N
18.3201,55.10643,331.01,0.63,0.54,2026-08-30,2242,N,nominal,2.0NRT,295.19,4.91,N
18.01599,54.57303,317.03,0.59,0.53,2026-08-30,2242,N,nominal,2.0NRT,297.18,2.79,N
18.01119,54.57195,339.9,0.59,0.53,2026-08-30,2242,N,nominal,2.0NRT,298.98,11.93,N
18.01328,54.57122,336.02,0.59,0.53,2026-08-30,2242,N,nominal,2.0NRT,299.44,9.38,N
18.01219,54.57677,317.27,0.59,0.53,2026-08-30,2242,N,nominal,2.0NRT,296.57,9.38,N
23.09566,101.16023,330.4,0.4,0.37,2026-08-31,0629,N,low,2.0NRT,294.34,8.88,D
28.49807,97.02458,332.79,0.5,0.41,2026-08-31,0631,N,nominal,2.0NRT,292.86,5.45,D
30.79811,99.00993,326.44,0.4,0.37,2026-08-31,0631,N,nominal,2.0NRT,297.49,2.12,D
36.81882,101.72707,333.82,0.43,0.38,2026-08-31,0633,N,nominal,2.0NRT,301.6,2.19,D
36.89371,101.70216,330.52,0.43,0.38,2026-08-31,0633,N,low,2.0NRT,303.67,3.7,D
37.21944,100.39976,329.57,0.4,0.37,2026-08-31,0633,N,nominal,2.0NRT,296.7,2.19,D
38.49089,100.85876,334.27,0.41,0.37,2026-08-31,0633,N,low,2.0NRT,309.04,2.06,D
6.74823,81.75127,333.23,0.39,0.36,2026-08-31,0807,N,low,2.0NRT,303.36,2.28,D
6.99967,81.60159,335.33,0.39,0.36,2026-08-31,0807,N,low,2.0NRT,306.99,5.33,D
6.99914,81.59812,345.91,0.39,0.36,2026-08-31,0807,N,nominal,2.0NRT,307,4.66,D
7.00246,81.59761,349.4,0.39,0.36,2026-08-31,0807,N,nominal,2.0NRT,309.62,4.66,D
7.00193,81.59413,340.51,0.39,0.36,2026-08-31,0807,N,nominal,2.0NRT,306.28,4.66,D
7.00911,81.5966,334.53,0.39,0.36,2026-08-31,0807,N,low,2.0NRT,307.12,4.34,D
7.07676,81.82498,341.21,0.39,0.36,2026-08-31,0807,N,nominal,2.0NRT,304.24,3.59,D
7.17094,81.64171,345.22,0.39,0.36,2026-08-31,0807,N,nominal,2.0NRT,300.2,8.79,D
7.09931,80.83875,330.54,0.38,0.36,2026-08-31,0807,N,nominal,2.0NRT,300.51,3.8,D
7.1865,81.38634,339.42,0.38,0.36,2026-08-31,0807,N,nominal,2.0NRT,300.35,4.57,D
7.32466,81.76436,343.9,0.39,0.36,2026-08-31,0807,N,nominal,2.0NRT,297.2,4.49,D
7.33384,81.80244,340.74,0.39,0.36,2026-08-31,0807,N,nominal,2.0NRT,300.22,3.07,D
7.47357,81.65829,346.07,0.39,0.36,2026-08-31,0807,N,nominal,2.0NRT,297.84,9.86,D
7.43173,81.31496,330.4,0.38,0.36,2026-08-31,0807,N,nominal,2.0NRT,294.08,2.02,D
7.4614,80.99762,354.52,0.38,0.36,2026-08-31,0807,N,nominal,2.0NRT,299.46,24.03,D
7.52729,80.8979,334.5,0.38,0.36,2026-08-31,0807,N,low,2.0NRT,306.55,2.18,D
7.60614,81.15155,339.35,0.38,0.36,2026-08-31,0807,N,nominal,2.0NRT,301.8,8.72,D
7.65419,81.40054,335.93,0.39,0.36,2026-08-31,0807,N,nominal,2.0NRT,305.53,2.94,D
7.70496,81.42134,340.73,0.39,0.36,2026-08-31,0807,N,nominal,2.0NRT,303.38,6.93,D
7.92286,81.40872,341.88,0.39,0.36,2026-08-31,0807,N,nominal,2.0NRT,308.16,4.75,D
7.94124,81.30596,352.39,0.39,0.36,2026-08-31,0807,N,nominal,2.0NRT,313.67,20.34,D
7.94071,81.30248,345.2,0.38,0.36,2026-08-31,0807,N,nominal,2.0NRT,308.84,20.34,D
7.94456,81.30545,367,0.39,0.36,2026-08-31,0807,N,high,2.0NRT,311.43,20.34,D
7.94403,81.30197,352.31,0.38,0.36,2026-08-31,0807,N,nominal,2.0NRT,313.41,20.34,D
7.94297,81.295,350.67,0.38,0.36,2026-08-31,0807,N,nominal,2.0NRT,310,80.22,D
7.73714,79.95287,335.15,0.39,0.36,2026-08-31,0807,N,nominal,2.0NRT,299.09,3.4,D
7.73915,79.95213,345.5,0.39,0.36,2026-08-31,0807,N,nominal,2.0NRT,299.7,5.01,D
7.87699,80.62096,331.9,0.38,0.36,2026-08-31,0807,N,nominal,2.0NRT,302.63,2.86,D
7.88696,80.61943,341.73,0.38,0.36,2026-08-31,0807,N,nominal,2.0NRT,302.18,3.88,D
8.01197,81.41592,340.12,0.39,0.36,2026-08-31,0807,N,low,2.0NRT,310.95,4.35,D
7.8739,80.07893,348.7,0.39,0.36,2026-08-31,0807,N,nominal,2.0NRT,305.08,5.31,D
7.88657,80.13833,345.81,0.39,0.36,2026-08-31,0807,N,nominal,2.0NRT,305.14,7.77,D
7.96847,80.62367,334.81,0.38,0.36,2026-08-31,0807,N,nominal,2.0NRT,303.21,2.45,D
7.9984,80.37608,349.28,0.39,0.36,2026-08-31,0807,N,nominal,2.0NRT,308.42,6.58,D
7.99786,80.37258,332.12,0.39,0.36,2026-08-31,0807,N,low,2.0NRT,305.98,6.58,D
7.95897,80.09814,338.14,0.39,0.36,2026-08-31,0807,N,low,2.0NRT,304.5,3.06,D
8.03437,80.19405,338.36,0.39,0.36,2026-08-31,0807,N,nominal,2.0NRT,306.27,6.16,D
8.08878,80.19277,344.37,0.39,0.36,2026-08-31,0807,N,nominal,2.0NRT,305.52,5.01,D
8.14198,79.99303,337.81,0.39,0.36,2026-08-31,0807,N,nominal,2.0NRT,303.02,3.1,D
8.2525,80.51107,330.03,0.39,0.36,2026-08-31,0807,N,low,2.0NRT,304.77,2.72,D
8.3754,81.1614,336.39,0.38,0.36,2026-08-31,0807,N,low,2.0NRT,307.17,3.98,D
8.36229,81.05286,337.65,0.38,0.36,2026-08-31,0807,N,low,2.0NRT,310.94,6.7,D
8.35775,80.80066,337.97,0.38,0.36,2026-08-31,0807,N,low,2.0NRT,310.22,8.27,D
8.26829,80.17477,333.76,0.39,0.36,2026-08-31,0807,N,low,2.0NRT,308.72,2.7,D
8.4223,81.09,340.12,0.38,0.36,2026-08-31,0807,N,low,2.0NRT,310.14,3.98,D
8.28108,80.16919,341.22,0.39,0.36,2026-08-31,0807,N,nominal,2.0NRT,309.37,3.83,D
8.29091,80.21081,346.43,0.39,0.36,2026-08-31,0807,N,nominal,2.0NRT,308.56,5.81,D
8.31053,80.29387,334.22,0.39,0.36,2026-08-31,0807,N,low,2.0NRT,305.49,1.4,D
8.30053,80.16256,339.1,0.39,0.36,2026-08-31,0807,N,nominal,2.0NRT,308.91,3.66,D
8.30774,80.12835,332.31,0.39,0.36,2026-08-31,0807,N,low,2.0NRT,306.22,2.95,D
8.3721,80.43393,336.87,0.39,0.36,2026-08-31,0807,N,nominal,2.0NRT,304.21,6.87,D
8.4316,80.79919,341.2,0.38,0.36,2026-08-31,0807,N,nominal,2.0NRT,309,6.05,D
8.44716,80.87873,338.83,0.38,0.36,2026-08-31,0807,N,nominal,2.0NRT,306.9,7.37,D
8.34746,80.20847,336.17,0.39,0.36,2026-08-31,0807,N,low,2.0NRT,309.73,3.85,D
8.34692,80.20496,336.99,0.39,0.36,2026-08-31,0807,N,low,2.0NRT,309.9,3.86,D
8.4479,80.75037,335.29,0.38,0.36,2026-08-31,0807,N,low,2.0NRT,308.52,3.6,D
8.42869,80.62504,341.14,0.38,0.36,2026-08-31,0807,N,nominal,2.0NRT,308.86,5.61,D
8.46928,80.77913,346.94,0.38,0.36,2026-08-31,0807,N,nominal,2.0NRT,307.83,7.93,D
8.43458,80.5528,331.43,0.38,0.36,2026-08-31,0807,N,low,2.0NRT,304.61,2.47,D
8.37858,80.18925,336.53,0.39,0.36,2026-08-31,0807,N,low,2.0NRT,308.88,4.28,D
8.47952,80.82387,331.96,0.38,0.36,2026-08-31,0807,N,low,2.0NRT,303.15,4.13,D
8.47485,80.77115,331.63,0.38,0.36,2026-08-31,0807,N,low,2.0NRT,303.02,1.53,D
8.38703,80.15557,346.01,0.39,0.36,2026-08-31,0807,N,nominal,2.0NRT,310.23,4.9,D
8.38648,80.15206,334.03,0.39,0.36,2026-08-31,0807,N,low,2.0NRT,304.84,4.9,D
8.49225,80.81834,353.12,0.38,0.36,2026-08-31,0807,N,nominal,2.0NRT,310.05,11.16,D
8.49889,80.81732,341.45,0.38,0.36,2026-08-31,0807,N,nominal,2.0NRT,307.32,4.41,D
8.51499,80.74651,334.79,0.38,0.36,2026-08-31,0807,N,low,2.0NRT,309.49,9.52,D
8.51151,80.56882,332.96,0.38,0.36,2026-08-31,0807,N,nominal,2.0NRT,300.44,4.3,D
8.56241,80.85677,347.43,0.38,0.36,2026-08-31,0807,N,nominal,2.0NRT,309.81,6.27,D
8.48646,80.36195,333.66,0.39,0.36,2026-08-31,0807,N,low,2.0NRT,306.36,2.3,D
8.49849,80.39584,331.59,0.39,0.36,2026-08-31,0807,N,low,2.0NRT,303.07,2.61,D
8.61921,81.14049,350.21,0.38,0.36,2026-08-31,0807,N,nominal,2.0NRT,312.03,9.6,D
8.5192,80.46411,331.95,0.38,0.36,2026-08-31,0807,N,nominal,2.0NRT,300.33,2.27,D
8.47334,80.16677,342.12,0.39,0.36,2026-08-31,0807,N,nominal,2.0NRT,309.88,7.33,D
8.57523,80.74078,334.55,0.38,0.36,2026-08-31,0807,N,nominal,2.0NRT,302.39,0.92,D
8.55763,80.62587,339.42,0.38,0.36,2026-08-31,0807,N,nominal,2.0NRT,308.82,7.3,D
8.55709,80.62238,336.88,0.38,0.36,2026-08-31,0807,N,low,2.0NRT,306.97,5.71,D
8.59517,80.82677,344.09,0.38,0.36,2026-08-31,0807,N,nominal,2.0NRT,307.19,24.38,D
8.62135,80.97601,335.68,0.38,0.36,2026-08-31,0807,N,nominal,2.0NRT,304.01,1.17,D
8.6213,80.7978,348.51,0.38,0.36,2026-08-31,0807,N,nominal,2.0NRT,306.04,6.63,D
8.59252,80.60977,336.11,0.38,0.36,2026-08-31,0807,N,nominal,2.0NRT,302.77,3.19,D
8.68129,81.15162,341.5,0.39,0.36,2026-08-31,0807,N,nominal,2.0NRT,311.49,6.41,D
8.6128,80.70208,334.35,0.38,0.36,2026-08-31,0807,N,low,2.0NRT,307.32,4.65,D
8.63045,80.70648,339.82,0.38,0.36,2026-08-31,0807,N,low,2.0NRT,310.42,4.17,D
8.5921,80.41267,348.81,0.39,0.36,2026-08-31,0807,N,nominal,2.0NRT,308.67,9.48,D
8.61153,80.51681,338.01,0.38,0.36,2026-08-31,0807,N,low,2.0NRT,310.3,5.45,D
8.6401,80.65864,339.77,0.38,0.36,2026-08-31,0807,N,nominal,2.0NRT,303.83,15.49,D
8.65994,80.76608,334.64,0.38,0.36,2026-08-31,0807,N,low,2.0NRT,305.82,2.09,D
8.63006,80.57103,332.78,0.38,0.36,2026-08-31,0807,N,nominal,2.0NRT,301.35,2.36,D
8.62952,80.56754,333.65,0.38,0.36,2026-08-31,0807,N,nominal,2.0NRT,303.3,3.18,D
8.63466,80.53464,338.93,0.38,0.36,2026-08-31,0807,N,nominal,2.0NRT,306.44,3.24,D
8.67386,80.74609,338.19,0.38,0.36,2026-08-31,0807,N,nominal,2.0NRT,307.61,6.91,D
8.6821,80.75552,349.96,0.38,0.36,2026-08-31,0807,N,nominal,2.0NRT,308.89,5.09,D
8.66698,80.36886,337.97,0.39,0.36,2026-08-31,0807,N,nominal,2.0NRT,307.33,3.35,D
8.78987,80.99559,343.59,0.38,0.36,2026-08-31,0807,N,nominal,2.0NRT,307.86,12.29,D
8.74873,80.32748,338.49,0.39,0.36,2026-08-31,0807,N,nominal,2.0NRT,305.13,3.57,D
8.85911,80.74155,349.7,0.38,0.36,2026-08-31,0807,N,nominal,2.0NRT,311.49,16.02,D
8.80894,80.39244,341.51,0.38,0.36,2026-08-31,0807,N,nominal,2.0NRT,306.81,3.36,D
8.90582,80.40517,338.33,0.38,0.36,2026-08-31,0807,N,nominal,2.0NRT,305.91,4.3,D
8.91568,80.42508,341.63,0.38,0.36,2026-08-31,0807,N,low,2.0NRT,314.07,28.96,D
8.97013,80.69147,345.28,0.38,0.36,2026-08-31,0807,N,nominal,2.0NRT,311.26,6.62,D
8.97723,80.38334,337.39,0.38,0.36,2026-08-31,0807,N,low,2.0NRT,307.43,6.26,D
8.9767,80.37984,336.51,0.38,0.36,2026-08-31,0807,N,low,2.0NRT,308.02,6.26,D
9.04133,80.45132,367,0.38,0.36,2026-08-31,0807,N,high,2.0NRT,312.33,19.68,D
9.11122,80.50833,339.2,0.38,0.36,2026-08-31,0807,N,low,2.0NRT,310.26,5.42,D
9.19589,80.66298,337.37,0.38,0.36,2026-08-31,0807,N,low,2.0NRT,309.9,1.84,D
9.18498,80.30385,347.17,0.39,0.36,2026-08-31,0807,N,nominal,2.0NRT,313.38,6.16,D
9.17411,80.12911,332.22,0.39,0.36,2026-08-31,0807,N,low,2.0NRT,306.33,2.97,D
9.26766,80.71529,340.77,0.38,0.36,2026-08-31,0807,N,nominal,2.0NRT,307.73,6.53,D
9.28584,80.72318,340.11,0.38,0.36,2026-08-31,0807,N,nominal,2.0NRT,306.2,3.86,D
9.41306,80.4028,353.54,0.38,0.36,2026-08-31,0807,N,nominal,2.0NRT,307.32,5.73,D
9.39429,80.28052,338.13,0.38,0.36,2026-08-31,0807,N,nominal,2.0NRT,306.48,3.06,D
9.41691,80.40578,332.41,0.38,0.36,2026-08-31,0807,N,low,2.0NRT,303.93,5.73,D
9.02789,77.86799,345.65,0.45,0.39,2026-08-31,0807,N,nominal,2.0NRT,311.04,11.75,D
9.17741,78.13036,346.2,0.43,0.38,2026-08-31,0807,N,nominal,2.0NRT,304.75,6.86,D
9.22821,77.66577,339.43,0.45,0.39,2026-08-31,0807,N,low,2.0NRT,303.45,16.19,D
9.47052,78.63935,342.36,0.41,0.37,2026-08-31,0807,N,low,2.0NRT,300.43,5.55,D
9.77185,78.36581,340.43,0.42,0.38,2026-08-31,0807,N,nominal,2.0NRT,303.44,3.64,D
9.90981,78.52617,339.05,0.41,0.37,2026-08-31,0807,N,low,2.0NRT,304.96,4.17,D
9.80675,77.88925,344.35,0.44,0.38,2026-08-31,0807,N,low,2.0NRT,314.76,7.57,D
9.8061,77.88528,340.12,0.44,0.38,2026-08-31,0807,N,low,2.0NRT,312.07,7.57,D
9.98556,77.43252,336.54,0.46,0.39,2026-08-31,0807,N,low,2.0NRT,304.75,5.73,D
11.62862,78.61463,331.27,0.4,0.37,2026-08-31,0807,N,low,2.0NRT,298.12,4.3,D
11.52704,77.24921,330.49,0.45,0.39,2026-08-31,0809,N,low,2.0NRT,299.28,3.56,D
11.52934,77.24984,332.74,0.45,0.39,2026-08-31,0809,N,nominal,2.0NRT,298.98,4.63,D
11.73493,77.98431,331.16,0.42,0.37,2026-08-31,0809,N,nominal,2.0NRT,299.52,3.07,D
11.99381,79.54753,350.08,0.39,0.36,2026-08-31,0809,N,nominal,2.0NRT,310.35,8.02,D
11.99713,79.547,346.13,0.39,0.36,2026-08-31,0809,N,nominal,2.0NRT,308.36,8.02,D
11.80935,77.92519,331.34,0.42,0.38,2026-08-31,0809,N,low,2.0NRT,292.97,2.83,D
12.05555,79.07794,330.89,0.39,0.36,2026-08-31,0809,N,low,2.0NRT,302.51,2.96,D
12.58657,79.6415,349.15,0.38,0.36,2026-08-31,0809,N,nominal,2.0NRT,307.62,4.02,D
13.40939,80.26858,339.14,0.39,0.36,2026-08-31,0809,N,nominal,2.0NRT,301.29,2.09,D
13.81923,79.34404,351.56,0.38,0.36,2026-08-31,0809,N,nominal,2.0NRT,293.93,13.51,D
14.47656,78.25895,335.97,0.39,0.36,2026-08-31,0809,N,nominal,2.0NRT,296.94,5.87,D
28.12977,76.78864,335.41,0.39,0.36,2026-08-31,0813,N,nominal,2.0NRT,296.53,2.37,D
27.71435,68.49007,350.78,0.5,0.49,2026-08-31,0813,N,nominal,2.0NRT,304.87,28.78,D
31.1293,74.65489,341.05,0.39,0.36,2026-08-31,0813,N,nominal,2.0NRT,298.33,4.79,D
31.37494,74.45004,346.78,0.39,0.36,2026-08-31,0813,N,nominal,2.0NRT,300.46,6.1,D
31.3222,72.33394,341.28,0.43,0.38,2026-08-31,0813,N,nominal,2.0NRT,301.15,8.52,D
35.86458,62.97686,334.7,0.34,0.56,2026-08-31,0816,N,nominal,2.0NRT,302.01,4.14,D
35.86364,62.97314,337.4,0.34,0.56,2026-08-31,0816,N,nominal,2.0NRT,301.99,2.81,D
37.03418,62.41734,341.3,0.34,0.56,2026-08-31,0816,N,nominal,2.0NRT,310.6,8.73,D
37.03058,62.41618,344.78,0.34,0.56,2026-08-31,0816,N,nominal,2.0NRT,311.46,8.88,D
37.11644,62.36568,341.13,0.34,0.56,2026-08-31,0816,N,low,2.0NRT,311.48,4.28,D
37.1155,62.36195,349.28,0.34,0.56,2026-08-31,0816,N,nominal,2.0NRT,310.5,4.28,D
37.84324,65.32119,341.06,0.46,0.47,2026-08-31,0816,N,low,2.0NRT,311.26,4.85,D
37.84747,65.31967,338.7,0.46,0.47,2026-08-31,0816,N,low,2.0NRT,310.18,4.85,D
37.84333,65.31829,343.97,0.46,0.47,2026-08-31,0816,N,nominal,2.0NRT,313.76,3.88,D
37.84756,65.31679,339.51,0.46,0.47,2026-08-31,0816,N,nominal,2.0NRT,310.92,3.88,D
37.10062,60.57757,341.89,0.42,0.61,2026-08-31,0816,N,nominal,2.0NRT,304.07,4.59,D
37.09761,60.57963,340.63,0.42,0.61,2026-08-31,0816,N,nominal,2.0NRT,303.27,2.49,D
37.10304,60.57734,333.25,0.42,0.61,2026-08-31,0816,N,nominal,2.0NRT,303.48,1.94,D
37.49613,61.84732,333.42,0.35,0.57,2026-08-31,0816,N,low,2.0NRT,306.05,2.29,D
37.16441,60.53596,367,0.42,0.61,2026-08-31,0816,N,high,2.0NRT,303.21,9.25,D
37.16314,60.53133,332.23,0.42,0.61,2026-08-31,0816,N,nominal,2.0NRT,301.6,4.2,D
37.82645,59.09849,335.28,0.48,0.65,2026-08-31,0818,N,nominal,2.0NRT,297.98,2.49,D
24.50294,56.60618,343.11,0.55,0.43,2026-08-31,0954,N,low,2.0NRT,313.45,20.85,D
24.50688,56.60563,342.23,0.55,0.43,2026-08-31,0954,N,nominal,2.0NRT,311.04,20.99,D
25.30846,56.37308,334.9,0.55,0.43,2026-08-31,0954,N,low,2.0NRT,306.9,11.58,D
27.15783,56.09908,340.69,0.56,0.43,2026-08-31,0954,N,low,2.0NRT,313.71,18.9,D
27.16891,56.05727,345.95,0.55,0.43,2026-08-31,0954,N,low,2.0NRT,316.62,25.41,D
27.16823,56.05163,343.93,0.55,0.43,2026-08-31,0954,N,low,2.0NRT,316.88,22.16,D
27.16718,56.05493,348.62,0.55,0.43,2026-08-31,0954,N,nominal,2.0NRT,316.6,23.42,D
27.17113,56.05434,343.61,0.55,0.43,2026-08-31,0954,N,low,2.0NRT,315.69,20.43,D
29.92757,56.73237,346.58,0.44,0.46,2026-08-31,0956,N,low,2.0NRT,319.44,9.64,D
29.98702,55.85476,341.5,0.39,0.44,2026-08-31,0956,N,low,2.0NRT,314.76,6.6,D
35.77381,63.1085,343.68,0.58,0.7,2026-08-31,0956,N,nominal,2.0NRT,303.16,4.19,D
37.03323,62.41801,335.57,0.54,0.68,2026-08-31,0958,N,low,2.0NRT,307.34,3.64,D
37.02728,60.6811,367,0.43,0.62,2026-08-31,0958,N,high,2.0NRT,304.18,4.89,D
37.03307,60.68071,335.24,0.43,0.62,2026-08-31,0958,N,nominal,2.0NRT,303.09,4.89,D
37.11659,62.36864,345.63,0.54,0.68,2026-08-31,0958,N,nominal,2.0NRT,308.12,8.3,D
37.09041,61.01529,330.05,0.45,0.63,2026-08-31,0958,N,low,2.0NRT,302.8,1.38,D
37.1692,60.98018,343.05,0.45,0.63,2026-08-31,0958,N,nominal,2.0NRT,304.11,4.6,D
36.8402,55.322,367,0.44,0.46,2026-08-31,0958,N,high,2.0NRT,314.87,23.38,D
37.28882,60.57384,330.62,0.43,0.62,2026-08-31,0958,N,low,2.0NRT,304.84,2.17,D
36.94375,54.88878,331.02,0.42,0.45,2026-08-31,0958,N,nominal,2.0NRT,299.6,2.75,D
37.21976,54.96567,335.77,0.42,0.45,2026-08-31,0958,N,nominal,2.0NRT,301.48,0.94,D
37.82634,59.06998,334.33,0.36,0.57,2026-08-31,0958,N,nominal,2.0NRT,302.83,1.44,D
38.25661,58.39221,335.01,0.33,0.55,2026-08-31,0958,N,nominal,2.0NRT,304.58,2.7,D
39.2765,56.25284,334.37,0.52,0.5,2026-08-31,0958,N,nominal,2.0NRT,302.53,3.28,D
39.32234,55.73358,335.81,0.49,0.49,2026-08-31,0958,N,nominal,2.0NRT,302.78,3.33,D
39.32638,55.72722,337.77,0.49,0.49,2026-08-31,0958,N,nominal,2.0NRT,302.85,2.87,D
18.32057,55.1077,347.83,0.41,0.37,2026-08-31,0952,N,low,2.0NRT,322.44,4.71,D
18.324,55.10716,367,0.41,0.37,2026-08-31,0952,N,low,2.0NRT,325.3,25.54,D
19.26804,56.1771,342.88,0.46,0.39,2026-08-31,0952,N,low,2.0NRT,317.55,1.1,D
20.37466,55.93426,347.03,0.46,0.39,2026-08-31,0952,N,low,2.0NRT,320.61,5.03,D
20.38704,55.66245,349.98,0.45,0.39,2026-08-31,0952,N,low,2.0NRT,321.92,3.61,D
20.55986,56.42229,343.01,0.49,0.4,2026-08-31,0952,N,low,2.0NRT,317.69,1.24,D
20.55708,56.4194,342.93,0.49,0.4,2026-08-31,0952,N,low,2.0NRT,317.86,0.78,D
21.30487,57.7992,345.37,0.39,0.44,2026-08-31,0952,N,nominal,2.0NRT,313.66,1.56,D
21.31105,57.74811,345.42,0.39,0.44,2026-08-31,0952,N,nominal,2.0NRT,314.42,3.01,D
21.30601,57.70666,342.29,0.39,0.44,2026-08-31,0952,N,low,2.0NRT,313.12,0.65,D
21.31464,57.74375,343.6,0.39,0.44,2026-08-31,0952,N,low,2.0NRT,313.9,1.52,D
21.32043,57.72378,341.67,0.39,0.44,2026-08-31,0952,N,low,2.0NRT,313.13,1.65,D
21.93877,57.07407,344.17,0.55,0.42,2026-08-31,0954,N,low,2.0NRT,318.41,5.43,D
22.2907,56.52696,349.9,0.52,0.41,2026-08-31,0954,N,nominal,2.0NRT,320.88,7.61,D
22.33217,56.46786,348.98,0.51,0.41,2026-08-31,0954,N,low,2.0NRT,320.37,2.19,D
22.87762,55.92802,351.02,0.49,0.4,2026-08-31,0954,N,low,2.0NRT,321.25,1.97,D
7.25142,100.41235,324.55,0.39,0.36,2026-08-31,1904,N,nominal,2.0NRT,287.14,1.6,N
7.25085,100.41587,309.74,0.39,0.36,2026-08-31,1904,N,nominal,2.0NRT,287.1,1.6,N
7.25029,100.4194,316.19,0.39,0.36,2026-08-31,1904,N,nominal,2.0NRT,287.84,1.46,N
39.82172,98.2387,299.79,0.58,0.52,2026-08-31,1853,N,nominal,2.0NRT,289.38,0.98,N
39.40392,99.85712,344.53,0.47,0.48,2026-08-31,1853,N,nominal,2.0NRT,295,13.52,N
39.4044,99.85157,316.25,0.47,0.48,2026-08-31,1853,N,nominal,2.0NRT,290.24,7.97,N
36.89201,101.74921,296.6,0.53,0.42,2026-08-31,1856,N,nominal,2.0NRT,284.75,1.25,N
36.58866,101.48699,297.73,0.54,0.42,2026-08-31,1856,N,nominal,2.0NRT,281.49,1.12,N
36.57225,101.52781,296.45,0.54,0.42,2026-08-31,1856,N,nominal,2.0NRT,282.84,1.13,N
36.56837,101.52715,299.62,0.54,0.42,2026-08-31,1856,N,nominal,2.0NRT,283.69,1.56,N
26.62232,101.59635,308.98,0.43,0.38,2026-08-31,1858,N,nominal,2.0NRT,289.49,1.15,N
26.62041,101.5978,304.56,0.42,0.38,2026-08-31,1858,N,nominal,2.0NRT,289.34,0.79,N
26.62286,101.45436,303.36,0.43,0.38,2026-08-31,1858,N,nominal,2.0NRT,289.02,0.78,N
26.58124,101.69902,305.34,0.42,0.38,2026-08-31,1858,N,nominal,2.0NRT,288.87,0.94,N
26.57913,101.66396,332,0.42,0.38,2026-08-31,1858,N,nominal,2.0NRT,292.03,7.12,N
26.57851,101.66833,302.18,0.42,0.38,2026-08-31,1858,N,nominal,2.0NRT,288.47,1.73,N
26.57568,101.6633,336.61,0.42,0.38,2026-08-31,1858,N,nominal,2.0NRT,291.5,7.12,N
26.57506,101.66764,301.17,0.42,0.38,2026-08-31,1858,N,nominal,2.0NRT,288.84,1.73,N
26.57445,101.672,301.8,0.42,0.38,2026-08-31,1858,N,nominal,2.0NRT,288.65,1.73,N
26.57101,101.67128,306.24,0.42,0.38,2026-08-31,1858,N,nominal,2.0NRT,290.52,1.38,N
26.56696,101.67489,308.49,0.42,0.38,2026-08-31,1858,N,nominal,2.0NRT,293.23,1.18,N
26.56635,101.67918,305.67,0.42,0.38,2026-08-31,1858,N,nominal,2.0NRT,289.98,1.18,N
26.56352,101.67419,309.85,0.42,0.38,2026-08-31,1858,N,nominal,2.0NRT,292.52,1.28,N
26.56292,101.67847,306.5,0.42,0.38,2026-08-31,1858,N,nominal,2.0NRT,291.78,1.28,N
22.62904,100.73533,303.31,0.42,0.38,2026-08-31,1858,N,nominal,2.0NRT,288.09,0.46,N
17.43479,74.96613,307.73,0.4,0.37,2026-08-31,2042,N,nominal,2.0NRT,289.13,0.74,N
17.06269,76.97835,306.39,0.39,0.36,2026-08-31,2042,N,nominal,2.0NRT,286.56,0.84,N
15.65919,73.98986,315.41,0.41,0.37,2026-08-31,2042,N,nominal,2.0NRT,289.55,1.8,N
15.1696,76.37997,296.09,0.39,0.36,2026-08-31,2042,N,nominal,2.0NRT,271.6,0.65,N
12.60132,77.88569,308.19,0.43,0.38,2026-08-31,2044,N,nominal,2.0NRT,283.62,0.27,N
12.59783,77.8851,299.48,0.43,0.38,2026-08-31,2044,N,nominal,2.0NRT,281.77,0.27,N
11.81802,77.91586,308.19,0.44,0.39,2026-08-31,2044,N,nominal,2.0NRT,291.36,1.71,N
11.81027,77.91869,306.89,0.44,0.39,2026-08-31,2044,N,nominal,2.0NRT,292.03,2.44,N
11.80957,77.92274,309.05,0.44,0.39,2026-08-31,2044,N,nominal,2.0NRT,293.67,1.65,N
11.18313,79.09899,304.24,0.51,0.41,2026-08-31,2044,N,nominal,2.0NRT,283.87,0.5,N
11.08366,78.75399,311.37,0.5,0.41,2026-08-31,2044,N,nominal,2.0NRT,294.08,2.89,N
10.94284,78.06322,316.81,0.46,0.39,2026-08-31,2044,N,nominal,2.0NRT,294.36,1.41,N
10.41461,77.11382,305.75,0.43,0.38,2026-08-31,2044,N,nominal,2.0NRT,289.06,0.43,N
8.74017,78.09332,306.91,0.49,0.4,2026-08-31,2044,N,nominal,2.0NRT,294.39,0.38,N
8.09268,80.79333,316.15,0.49,0.48,2026-08-31,2044,N,nominal,2.0NRT,292.86,1.9,N
8.11194,79.87071,322.48,0.42,0.45,2026-08-31,2044,N,nominal,2.0NRT,291.95,2.58,N
8.11138,79.86758,306.74,0.42,0.45,2026-08-31,2044,N,nominal,2.0NRT,291.83,2.42,N
8.11074,79.87141,312.18,0.42,0.45,2026-08-31,2044,N,nominal,2.0NRT,291.17,2.02,N
7.39473,80.88899,324.22,0.51,0.49,2026-08-31,2044,N,nominal,2.0NRT,289.75,2.86,N
7.39012,80.88872,318.01,0.51,0.49,2026-08-31,2044,N,nominal,2.0NRT,289.62,2.8,N
7.39378,80.89077,334.68,0.51,0.49,2026-08-31,2044,N,nominal,2.0NRT,290.36,4.23,N
39.26239,65.19716,300.59,0.73,0.76,2026-08-31,2036,N,nominal,2.0NRT,287.56,0.78,N
38.05481,67.26053,321.02,0.56,0.69,2026-08-31,2036,N,nominal,2.0NRT,290.53,3.26,N
38.05383,67.26118,335.23,0.56,0.69,2026-08-31,2036,N,nominal,2.0NRT,291.6,3.29,N
38.05363,67.26736,302.39,0.56,0.69,2026-08-31,2036,N,nominal,2.0NRT,290.49,3.29,N
38.04743,67.26038,311.21,0.56,0.69,2026-08-31,2036,N,nominal,2.0NRT,290.24,2.62,N
35.96856,68.68645,302.12,0.45,0.63,2026-08-31,2038,N,nominal,2.0NRT,291.06,0.58,N
29.78555,91.60432,301.18,0.44,0.63,2026-08-31,2038,N,nominal,2.0NRT,279.53,1.24,N
32.8878,71.61481,307.36,0.57,0.52,2026-08-31,2038,N,nominal,2.0NRT,292.4,3.59,N
32.88905,71.61505,307.79,0.57,0.52,2026-08-31,2038,N,nominal,2.0NRT,292.31,3.29,N
32.5747,72.56332,308.45,0.5,0.49,2026-08-31,2038,N,nominal,2.0NRT,292.32,3.15,N
29.47525,76.859,314.13,0.43,0.38,2026-08-31,2038,N,nominal,2.0NRT,292.51,2.78,N
29.4606,76.88784,308.38,0.43,0.38,2026-08-31,2038,N,nominal,2.0NRT,292.7,2.34,N
28.37152,77.22688,323.5,0.41,0.37,2026-08-31,2038,N,nominal,2.0NRT,289.42,1.55,N
28.34651,77.2308,309.35,0.41,0.37,2026-08-31,2038,N,nominal,2.0NRT,291.76,1.97,N
28.42419,69.70075,308.69,0.33,0.55,2026-08-31,2040,N,nominal,2.0NRT,296.56,0.87,N
27.71806,68.49272,313.32,0.39,0.59,2026-08-31,2040,N,nominal,2.0NRT,294.94,0.44,N
24.76271,74.60774,306.91,0.47,0.4,2026-08-31,2040,N,nominal,2.0NRT,281.39,1.26,N
24.76335,74.60571,303.34,0.47,0.4,2026-08-31,2040,N,nominal,2.0NRT,280.61,0.71,N
25.3894,68.57961,315.17,0.36,0.57,2026-08-31,2040,N,nominal,2.0NRT,293.42,1.29,N
22.38964,73.11803,318.73,0.53,0.42,2026-08-31,2040,N,nominal,2.0NRT,282.32,1.41,N
22.3858,73.11745,305.2,0.53,0.42,2026-08-31,2040,N,nominal,2.0NRT,282.63,1.11,N
22.3882,73.11613,321.54,0.53,0.42,2026-08-31,2040,N,nominal,2.0NRT,282.49,2.6,N
21.10902,72.64436,299.5,0.54,0.42,2026-08-31,2040,N,nominal,2.0NRT,284.52,1.6,N
21.10513,72.64378,330.75,0.54,0.42,2026-08-31,2040,N,nominal,2.0NRT,287.66,5.89,N
19.36855,71.35361,312.3,0.41,0.45,2026-08-31,2042,N,nominal,2.0NRT,291.62,2.17,N
18.59601,74.25494,317.81,0.43,0.38,2026-08-31,2042,N,nominal,2.0NRT,290.26,1.7,N
18.68646,73.02973,306.48,0.48,0.4,2026-08-31,2042,N,nominal,2.0NRT,288.82,1.93,N
18.68213,73.03376,305.47,0.48,0.4,2026-08-31,2042,N,nominal,2.0NRT,292.44,1.93,N
18.68149,73.03835,311.06,0.48,0.4,2026-08-31,2042,N,nominal,2.0NRT,292.45,3.11,N
18.42431,74.38948,307.81,0.42,0.38,2026-08-31,2042,N,nominal,2.0NRT,290.41,0.44,N
39.40881,99.85426,311.78,0.66,0.73,2026-08-31,2034,N,nominal,2.0NRT,287.13,2.14,N
39.40641,99.86153,304.37,0.67,0.73,2026-08-31,2034,N,nominal,2.0NRT,286.53,2.14,N
39.40242,99.85098,309.83,0.66,0.73,2026-08-31,2034,N,nominal,2.0NRT,287.31,3.01,N
39.40003,99.85825,311.65,0.67,0.73,2026-08-31,2034,N,nominal,2.0NRT,286.65,3.01,N
39.40648,99.85586,338.92,0.67,0.73,2026-08-31,2034,N,nominal,2.0NRT,289.55,10.2,N
39.40411,99.86317,297.04,0.67,0.73,2026-08-31,2034,N,nominal,2.0NRT,286.2,4.32,N
39.85974,98.25694,298.94,0.54,0.68,2026-08-31,2034,N,nominal,2.0NRT,288.27,1.28,N
39.84058,98.27484,317.69,0.54,0.68,2026-08-31,2034,N,nominal,2.0NRT,287.67,1.68,N
39.81353,98.29603,302.19,0.55,0.68,2026-08-31,2034,N,nominal,2.0NRT,292.13,3.18,N
36.29779,54.78947,306.26,0.39,0.36,2026-08-31,2218,N,nominal,2.0NRT,292.21,0.65,N
36.35503,54.1216,301.15,0.41,0.37,2026-08-31,2218,N,nominal,2.0NRT,288.42,0.31,N
36.32125,54.18818,302.75,0.4,0.37,2026-08-31,2218,N,nominal,2.0NRT,288.04,0.5,N
35.3666,59.30775,300.93,0.45,0.39,2026-08-31,2218,N,nominal,2.0NRT,288.45,0.56,N
33.75352,59.14923,318.29,0.46,0.39,2026-08-31,2218,N,nominal,2.0NRT,290.86,2.31,N
33.04159,56.84617,308.35,0.4,0.37,2026-08-31,2218,N,nominal,2.0NRT,297.98,1.44,N
33.04086,56.85041,312.1,0.4,0.37,2026-08-31,2218,N,nominal,2.0NRT,298.64,1.91,N
30.49261,67.17941,314.31,0.48,0.65,2026-08-31,2220,N,nominal,2.0NRT,289.2,2.11,N
32.33603,54.08852,306.78,0.39,0.36,2026-08-31,2220,N,nominal,2.0NRT,294.22,0.6,N
31.94905,54.02442,305.66,0.39,0.36,2026-08-31,2220,N,nominal,2.0NRT,294.41,0.84,N
31.93975,54.04483,311.81,0.39,0.36,2026-08-31,2220,N,nominal,2.0NRT,296.1,1.46,N
31.92797,54.05498,325.25,0.39,0.36,2026-08-31,2220,N,nominal,2.0NRT,298.4,2.25,N
31.70446,55.44945,310.93,0.39,0.36,2026-08-31,2220,N,nominal,2.0NRT,298.51,1.89,N
31.89279,54.24023,304.4,0.39,0.36,2026-08-31,2220,N,nominal,2.0NRT,293.38,0.61,N
31.43208,56.48987,300.47,0.4,0.37,2026-08-31,2220,N,nominal,2.0NRT,289.28,0.6,N
31.62393,54.72537,306.16,0.38,0.36,2026-08-31,2220,N,nominal,2.0NRT,293.18,0.71,N
31.62064,54.72466,303.75,0.38,0.36,2026-08-31,2220,N,nominal,2.0NRT,292.37,0.71,N
30.75664,56.65444,304.65,0.41,0.37,2026-08-31,2220,N,nominal,2.0NRT,294.02,1.25,N
30.75589,56.65866,311.92,0.41,0.37,2026-08-31,2220,N,nominal,2.0NRT,293.53,1.25,N
30.74835,56.66331,299.99,0.41,0.37,2026-08-31,2220,N,nominal,2.0NRT,289.75,1.35,N
30.66755,56.62233,302,0.41,0.37,2026-08-31,2220,N,nominal,2.0NRT,289.46,0.74,N
30.66418,56.62153,302.56,0.41,0.37,2026-08-31,2220,N,nominal,2.0NRT,289.12,0.74,N
30.49999,56.81654,308.2,0.42,0.37,2026-08-31,2220,N,nominal,2.0NRT,292.52,1.31,N
30.73296,55.3858,305.12,0.39,0.36,2026-08-31,2220,N,nominal,2.0NRT,291.2,0.83,N
30.23342,56.91016,323.16,0.42,0.38,2026-08-31,2220,N,nominal,2.0NRT,292.76,2.69,N
30.36965,56.1295,314.92,0.4,0.37,2026-08-31,2220,N,nominal,2.0NRT,291.02,0.77,N
29.47598,60.80936,303.1,0.44,0.46,2026-08-31,2220,N,nominal,2.0NRT,292.46,0.69,N
30.32505,56.2267,305.2,0.4,0.37,2026-08-31,2220,N,nominal,2.0NRT,290.7,0.84,N
30.32174,55.97396,310.5,0.4,0.37,2026-08-31,2220,N,nominal,2.0NRT,290.82,1.18,N
30.21609,55.98344,300.58,0.4,0.37,2026-08-31,2220,N,nominal,2.0NRT,290.4,0.67,N
39.1765,68.61362,298.41,0.35,0.57,2026-08-31,2216,N,nominal,2.0NRT,283.16,0.37,N
38.39541,69.11295,305.37,0.38,0.59,2026-08-31,2216,N,nominal,2.0NRT,292.1,0.65,N
39.2629,65.19817,305.08,0.46,0.47,2026-08-31,2216,N,nominal,2.0NRT,289.87,1.08,N
39.18396,65.31575,307.59,0.47,0.48,2026-08-31,2216,N,nominal,2.0NRT,290.87,0.67,N
38.33209,68.1195,302.52,0.34,0.56,2026-08-31,2216,N,nominal,2.0NRT,291.99,1.23,N
38.33112,68.12318,317.57,0.34,0.56,2026-08-31,2216,N,nominal,2.0NRT,293.07,1.23,N
39.24885,63.21186,303.65,0.56,0.43,2026-08-31,2216,N,nominal,2.0NRT,289.53,1.16,N
39.24977,63.21186,305.11,0.56,0.43,2026-08-31,2216,N,nominal,2.0NRT,289.67,1.27,N
29.94769,56.73446,306.71,0.42,0.38,2026-08-31,2220,N,nominal,2.0NRT,287.82,1.08,N
39.13715,63.62248,299.77,0.39,0.44,2026-08-31,2216,N,nominal,2.0NRT,289.66,0.28,N
39.15757,63.46888,306.61,0.38,0.44,2026-08-31,2216,N,nominal,2.0NRT,289.76,0.54,N
39.17154,63.28696,300.95,0.57,0.43,2026-08-31,2216,N,nominal,2.0NRT,289.36,0.9,N
29.92644,56.73414,309.21,0.42,0.38,2026-08-31,2220,N,nominal,2.0NRT,290.51,1.8,N
39.17042,63.27279,300.15,0.57,0.43,2026-08-31,2216,N,nominal,2.0NRT,289.14,0.63,N
39.17751,63.22042,301.38,0.56,0.43,2026-08-31,2216,N,nominal,2.0NRT,289.25,0.53,N
39.1693,63.25864,304.57,0.56,0.43,2026-08-31,2216,N,nominal,2.0NRT,289.99,1.15,N
39.1254,63.46207,299.77,0.39,0.44,2026-08-31,2216,N,nominal,2.0NRT,289.06,0.52,N
39.16406,63.26366,303.28,0.56,0.43,2026-08-31,2216,N,nominal,2.0NRT,289.23,0.52,N
39.13091,63.41726,302.06,0.38,0.43,2026-08-31,2216,N,nominal,2.0NRT,289.03,0.89,N
39.12976,63.30669,300.98,0.57,0.43,2026-08-31,2216,N,nominal,2.0NRT,289.37,1.51,N
39.08748,63.48145,300.01,0.39,0.44,2026-08-31,2216,N,nominal,2.0NRT,289.05,0.36,N
39.11501,63.33612,305.18,0.57,0.43,2026-08-31,2216,N,nominal,2.0NRT,290.6,1.38,N
39.12796,63.30619,309.1,0.57,0.43,2026-08-31,2216,N,nominal,2.0NRT,290.24,1.43,N
39.11726,63.33706,301.4,0.57,0.43,2026-08-31,2216,N,nominal,2.0NRT,289.72,0.86,N
30.08162,55.39849,308.94,0.39,0.36,2026-08-31,2220,N,nominal,2.0NRT,293.12,2.1,N
38.9408,64.1361,301.59,0.42,0.45,2026-08-31,2216,N,nominal,2.0NRT,290.23,0.48,N
38.96739,63.6217,301.15,0.39,0.44,2026-08-31,2216,N,nominal,2.0NRT,289.17,0.28,N
38.91782,63.80768,299.2,0.4,0.44,2026-08-31,2216,N,nominal,2.0NRT,288.84,0.44,N
38.45443,65.80659,307.02,0.52,0.5,2026-08-31,2216,N,nominal,2.0NRT,291.09,1.1,N
38.97574,63.46769,306.21,0.39,0.44,2026-08-31,2216,N,nominal,2.0NRT,290.21,0.93,N
38.97435,63.46835,308.22,0.39,0.44,2026-08-31,2216,N,nominal,2.0NRT,290.17,1.03,N
29.99186,55.85101,328.44,0.4,0.37,2026-08-31,2220,N,nominal,2.0NRT,289.89,5.87,N
38.05307,67.26446,309.61,0.63,0.54,2026-08-31,2216,N,nominal,2.0NRT,291.73,2.71,N
38.83848,63.81982,304.98,0.41,0.45,2026-08-31,2216,N,nominal,2.0NRT,289.34,0.96,N
29.99115,55.85514,318.43,0.4,0.37,2026-08-31,2220,N,nominal,2.0NRT,288.64,5.87,N
38.65318,63.98038,299.95,0.42,0.45,2026-08-31,2216,N,nominal,2.0NRT,288.78,0.55,N
29.98782,55.8544,302.31,0.4,0.37,2026-08-31,2220,N,nominal,2.0NRT,288.02,5.87,N
38.43174,64.19425,300.02,0.43,0.46,2026-08-31,2216,N,nominal,2.0NRT,289.13,0.32,N
38.11955,64.71378,300.07,0.47,0.47,2026-08-31,2216,N,nominal,2.0NRT,289.59,0.64,N
37.96489,65.00479,301.14,0.49,0.48,2026-08-31,2216,N,nominal,2.0NRT,289.98,0.43,N
29.98589,55.84537,295.99,0.4,0.37,2026-08-31,2220,N,nominal,2.0NRT,285.26,0.31,N
37.79751,62.54935,312.98,0.56,0.43,2026-08-31,2218,N,nominal,2.0NRT,291.23,2.08,N
37.78727,62.53928,312.76,0.56,0.43,2026-08-31,2218,N,nominal,2.0NRT,290.77,1.5,N
37.88755,62.01976,300.26,0.52,0.42,2026-08-31,2218,N,nominal,2.0NRT,288.81,0.95,N
37.74302,62.128,302.56,0.53,0.42,2026-08-31,2218,N,nominal,2.0NRT,289.6,1.04,N
37.72531,62.09686,305.69,0.53,0.42,2026-08-31,2218,N,nominal,2.0NRT,290.51,0.73,N
37.74891,61.85423,301.25,0.52,0.41,2026-08-31,2218,N,nominal,2.0NRT,288.62,0.47,N
37.67049,62.23754,309.22,0.54,0.42,2026-08-31,2218,N,nominal,2.0NRT,291.04,1.7,N
37.66165,62.24104,302.69,0.54,0.42,2026-08-31,2218,N,nominal,2.0NRT,290.34,1.54,N
37.65659,62.2458,300.27,0.54,0.42,2026-08-31,2218,N,nominal,2.0NRT,289.41,0.37,N
37.79401,61.49403,306.5,0.5,0.41,2026-08-31,2218,N,nominal,2.0NRT,290.9,0.93,N
37.63622,62.20692,301.81,0.54,0.42,2026-08-31,2218,N,nominal,2.0NRT,290.04,0.96,N
37.62737,62.2104,302.5,0.54,0.42,2026-08-31,2218,N,nominal,2.0NRT,290.8,1.6,N
37.62729,62.17193,306.21,0.54,0.42,2026-08-31,2218,N,nominal,2.0NRT,290.73,1.32,N
37.62464,62.12645,304.78,0.54,0.42,2026-08-31,2218,N,nominal,2.0NRT,291.15,1.01,N
37.62215,62.13835,304.39,0.54,0.42,2026-08-31,2218,N,nominal,2.0NRT,291.57,0.69,N
37.61835,62.1371,305.68,0.54,0.42,2026-08-31,2218,N,nominal,2.0NRT,291.27,1.17,N
37.6549,61.90398,299.33,0.52,0.42,2026-08-31,2218,N,nominal,2.0NRT,289.06,1.29,N
38.25639,58.39254,316,0.4,0.37,2026-08-31,2218,N,nominal,2.0NRT,294.31,1.81,N
37.60997,61.60751,325.2,0.51,0.41,2026-08-31,2218,N,nominal,2.0NRT,293.9,3.98,N
37.60836,61.57582,305.72,0.51,0.41,2026-08-31,2218,N,nominal,2.0NRT,291.85,1.03,N
37.60548,61.55089,303.94,0.51,0.41,2026-08-31,2218,N,nominal,2.0NRT,290.65,0.59,N
37.59583,61.5598,312.79,0.51,0.41,2026-08-31,2218,N,nominal,2.0NRT,291.4,1.37,N
37.59408,61.52929,305.79,0.51,0.41,2026-08-31,2218,N,nominal,2.0NRT,291.57,1.75,N
37.50086,61.98975,302.35,0.53,0.42,2026-08-31,2218,N,nominal,2.0NRT,290,0.63,N
37.42261,62.30996,313.22,0.55,0.43,2026-08-31,2218,N,nominal,2.0NRT,290.56,2.12,N
37.8059,60.32812,301.93,0.45,0.39,2026-08-31,2218,N,nominal,2.0NRT,291.23,0.53,N
29.99871,55.19931,301.01,0.39,0.36,2026-08-31,2220,N,nominal,2.0NRT,290.34,0.72,N
37.76052,60.5456,304.78,0.46,0.39,2026-08-31,2218,N,nominal,2.0NRT,292.03,0.97,N
29.99541,55.19859,305.58,0.39,0.36,2026-08-31,2220,N,nominal,2.0NRT,291.34,0.72,N
38.21936,57.98876,311.17,0.39,0.36,2026-08-31,2218,N,nominal,2.0NRT,291.2,1.22,N
38.15016,58.39349,307.31,0.4,0.37,2026-08-31,2218,N,nominal,2.0NRT,291.95,1.05,N
29.98947,55.19316,304.81,0.39,0.36,2026-08-31,2220,N,nominal,2.0NRT,290.54,0.69,N
37.49834,61.84534,316.06,0.52,0.42,2026-08-31,2218,N,nominal,2.0NRT,292.94,2.6,N
37.49714,61.85117,310.04,0.52,0.42,2026-08-31,2218,N,nominal,2.0NRT,292.4,1.27,N
38.19322,58.10202,308.34,0.39,0.36,2026-08-31,2218,N,nominal,2.0NRT,289.52,0.63,N
38.2608,57.65945,309.81,0.39,0.36,2026-08-31,2218,N,nominal,2.0NRT,293.19,1.1,N
38.19159,58.05057,309.85,0.39,0.36,2026-08-31,2218,N,nominal,2.0NRT,290.56,1.23,N
37.72544,60.37074,301.68,0.45,0.39,2026-08-31,2218,N,nominal,2.0NRT,291.39,0.51,N
38.64751,54.2793,306.94,0.42,0.37,2026-08-31,2218,N,nominal,2.0NRT,290.29,1.41,N
38.64687,54.28408,311.94,0.42,0.37,2026-08-31,2218,N,nominal,2.0NRT,289.55,1.21,N
37.62229,60.44145,304.07,0.46,0.39,2026-08-31,2218,N,nominal,2.0NRT,291.27,0.56,N
37.50919,61.01602,303.57,0.48,0.4,2026-08-31,2218,N,nominal,2.0NRT,292.28,0.41,N
37.63488,60.33787,311.67,0.45,0.39,2026-08-31,2218,N,nominal,2.0NRT,290.92,1.81,N
37.94756,58.58858,306.86,0.4,0.37,2026-08-31,2218,N,nominal,2.0NRT,291.65,0.6,N
37.94711,58.58605,308.74,0.4,0.37,2026-08-31,2218,N,nominal,2.0NRT,291.93,0.69,N
37.61923,60.39029,302.19,0.46,0.39,2026-08-31,2218,N,nominal,2.0NRT,291.91,0.86,N
37.94024,58.56518,313.96,0.4,0.37,2026-08-31,2218,N,nominal,2.0NRT,292.17,1.71,N
37.82973,59.07129,298.56,0.41,0.37,2026-08-31,2218,N,nominal,2.0NRT,288.56,0.25,N
37.3482,61.36464,306.64,0.5,0.41,2026-08-31,2218,N,nominal,2.0NRT,292.05,0.89,N
37.12015,62.36577,309.24,0.56,0.43,2026-08-31,2218,N,nominal,2.0NRT,291.32,3.47,N
37.11628,62.36449,316.81,0.56,0.43,2026-08-31,2218,N,nominal,2.0NRT,291.86,3.47,N
37.11782,62.36477,322.36,0.56,0.43,2026-08-31,2218,N,nominal,2.0NRT,292.55,5.4,N
37.11396,62.36348,306.41,0.56,0.43,2026-08-31,2218,N,nominal,2.0NRT,291.79,5.4,N
37.32867,61.08878,306.95,0.49,0.4,2026-08-31,2218,N,nominal,2.0NRT,291.9,1.33,N
37.32759,61.09421,306.3,0.49,0.4,2026-08-31,2218,N,nominal,2.0NRT,291.73,1.31,N
37.82755,58.38497,312.21,0.4,0.37,2026-08-31,2218,N,nominal,2.0NRT,290.68,1.23,N
37.38662,60.75543,310.62,0.47,0.4,2026-08-31,2218,N,nominal,2.0NRT,289.49,1.19,N
37.03246,62.41628,322.88,0.57,0.43,2026-08-31,2218,N,nominal,2.0NRT,293.4,4.12,N
37.03113,62.42254,304.38,0.57,0.43,2026-08-31,2218,N,nominal,2.0NRT,292.83,1.82,N
37.21645,60.02253,304.01,0.45,0.39,2026-08-31,2218,N,nominal,2.0NRT,289.83,1.12,N
37.33951,58.04716,307.19,0.4,0.37,2026-08-31,2218,N,nominal,2.0NRT,291.23,1.34,N
36.47219,61.45734,301.75,0.52,0.42,2026-08-31,2218,N,nominal,2.0NRT,291.07,1.04,N
36.43885,61.21671,307.56,0.51,0.41,2026-08-31,2218,N,nominal,2.0NRT,292.18,1.61,N
36.99133,56.23168,309.56,0.38,0.36,2026-08-31,2218,N,nominal,2.0NRT,292.27,0.95,N
36.44793,59.4031,309.73,0.44,0.38,2026-08-31,2218,N,nominal,2.0NRT,292.73,1.49,N
36.27002,59.65189,304.96,0.45,0.39,2026-08-31,2218,N,nominal,2.0NRT,291.8,0.76,N
36.23668,59.73032,303.11,0.45,0.39,2026-08-31,2218,N,nominal,2.0NRT,289.77,0.73,N
29.51351,55.79723,305.68,0.4,0.37,2026-08-31,2220,N,nominal,2.0NRT,291.21,0.55,N
28.89889,58.7793,312.05,0.52,0.42,2026-08-31,2220,N,nominal,2.0NRT,296.52,1.85,N
29.15134,55.36597,316.83,0.39,0.36,2026-08-31,2220,N,nominal,2.0NRT,292.96,1.41,N
29.13535,55.3791,307.09,0.39,0.37,2026-08-31,2220,N,nominal,2.0NRT,293.8,0.96,N
29.20153,54.48468,305.01,0.38,0.36,2026-08-31,2220,N,nominal,2.0NRT,289.75,0.96,N
28.52829,57.79779,305.38,0.48,0.4,2026-08-31,2220,N,nominal,2.0NRT,294.97,1.1,N
27.40641,59.87777,308.25,0.42,0.45,2026-08-31,2220,N,nominal,2.0NRT,296,0.73,N
27.22768,60.48961,308.68,0.46,0.47,2026-08-31,2220,N,nominal,2.0NRT,298.27,2.3,N
27.42375,56.50211,312.81,0.44,0.38,2026-08-31,2220,N,nominal,2.0NRT,301.21,1.36,N
27.30292,56.30223,327.58,0.43,0.38,2026-08-31,2220,N,nominal,2.0NRT,301.35,1.84,N
27.17588,56.05848,313.44,0.42,0.38,2026-08-31,2220,N,nominal,2.0NRT,302.29,2.01,N
27.16975,56.05271,326.41,0.42,0.38,2026-08-31,2220,N,nominal,2.0NRT,300.25,1.91,N
27.16143,56.09939,322.46,0.43,0.38,2026-08-31,2220,N,nominal,2.0NRT,302.51,3.08,N
27.16631,56.05196,323.05,0.42,0.38,2026-08-31,2220,N,nominal,2.0NRT,301.67,1.91,N
27.14459,56.11339,323.77,0.43,0.38,2026-08-31,2220,N,nominal,2.0NRT,302.18,2.24,N
27.1438,56.11071,321.78,0.43,0.38,2026-08-31,2220,N,nominal,2.0NRT,301.78,1.14,N
26.95742,55.54369,318.15,0.41,0.37,2026-08-31,2220,N,nominal,2.0NRT,303.8,1.26,N
25.97488,56.07125,319.68,0.44,0.38,2026-08-31,2220,N,nominal,2.0NRT,302.56,1.94,N
25.96442,56.06897,312.91,0.44,0.38,2026-08-31,2220,N,nominal,2.0NRT,301.67,1.02,N
25.30643,56.37434,317.69,0.46,0.39,2026-08-31,2220,N,nominal,2.0NRT,300.61,0.9,N
25.29628,55.61772,313.94,0.43,0.38,2026-08-31,2220,N,nominal,2.0NRT,302.53,1.27,N
25.15499,55.24299,314.26,0.42,0.37,2026-08-31,2222,N,nominal,2.0NRT,303.17,0.92,N
24.50488,56.60486,332.53,0.48,0.4,2026-08-31,2222,N,nominal,2.0NRT,303.82,5.24,N
24.50403,56.60952,329.99,0.48,0.4,2026-08-31,2222,N,nominal,2.0NRT,302.91,5.24,N
24.47339,56.63195,313.42,0.48,0.4,2026-08-31,2222,N,nominal,2.0NRT,301.58,0.97,N
24.45366,56.55466,312.91,0.48,0.4,2026-08-31,2222,N,nominal,2.0NRT,302.76,0.98,N
24.32205,54.45499,315.14,0.4,0.37,2026-08-31,2222,N,nominal,2.0NRT,303.41,1.13,N
24.31867,54.45438,324.57,0.4,0.37,2026-08-31,2222,N,nominal,2.0NRT,303.4,2.2,N
23.55343,58.20171,313.61,0.4,0.44,2026-08-31,2222,N,nominal,2.0NRT,301.36,0.52,N
24.00256,55.44119,312.25,0.43,0.38,2026-08-31,2222,N,nominal,2.0NRT,301.85,1.49,N
22.66353,59.41197,312.22,0.49,0.48,2026-08-31,2222,N,nominal,2.0NRT,299.5,2.69,N
22.65915,59.41086,340.36,0.49,0.48,2026-08-31,2222,N,nominal,2.0NRT,300.24,2.69,N
23.18997,55.45757,324.94,0.44,0.39,2026-08-31,2222,N,nominal,2.0NRT,302.89,2.46,N
23.31304,54.17681,325.54,0.4,0.37,2026-08-31,2222,N,nominal,2.0NRT,301.23,2.33,N
23.31238,54.18071,328.65,0.4,0.37,2026-08-31,2222,N,nominal,2.0NRT,300.75,1.54,N
23.30967,54.17614,312.35,0.4,0.37,2026-08-31,2222,N,nominal,2.0NRT,299.27,2.33,N
23.30901,54.18005,317.56,0.4,0.37,2026-08-31,2222,N,nominal,2.0NRT,299.29,1.54,N
23.27829,54.25885,316.09,0.4,0.37,2026-08-31,2222,N,nominal,2.0NRT,300.05,1.78,N
23.27618,54.2301,310.09,0.4,0.37,2026-08-31,2222,N,nominal,2.0NRT,299.52,0.5,N
22.92542,55.80399,329.53,0.46,0.39,2026-08-31,2222,N,nominal,2.0NRT,299.86,2.78,N
22.88058,55.92934,333.32,0.47,0.39,2026-08-31,2222,N,nominal,2.0NRT,301.33,2.82,N
22.87779,55.92407,317.87,0.47,0.39,2026-08-31,2222,N,nominal,2.0NRT,300.56,1.86,N
22.87698,55.92859,318.92,0.47,0.39,2026-08-31,2222,N,nominal,2.0NRT,301.32,2.22,N
22.78169,55.81331,315.66,0.46,0.39,2026-08-31,2222,N,nominal,2.0NRT,300.12,1.51,N
22.67178,56.25047,318.51,0.49,0.4,2026-08-31,2222,N,nominal,2.0NRT,300.23,1.19,N
22.4077,56.99153,310.89,0.53,0.42,2026-08-31,2222,N,nominal,2.0NRT,299.37,0.99,N
22.40386,56.99076,324.63,0.53,0.42,2026-08-31,2222,N,nominal,2.0NRT,299.72,0.99,N
22.40712,56.98901,323.01,0.53,0.42,2026-08-31,2222,N,nominal,2.0NRT,300.02,2.59,N
22.32694,56.49192,332.3,0.5,0.41,2026-08-31,2222,N,nominal,2.0NRT,302.33,3.32,N
22.32682,56.47161,335.16,0.5,0.41,2026-08-31,2222,N,nominal,2.0NRT,303.03,4.08,N
22.60618,54.06735,316.45,0.4,0.37,2026-08-31,2222,N,nominal,2.0NRT,304.78,2.35,N
22.52415,54.05218,310.85,0.4,0.37,2026-08-31,2222,N,nominal,2.0NRT,300.31,0.97,N
21.93538,57.07525,330.23,0.55,0.43,2026-08-31,2222,N,nominal,2.0NRT,298.03,4.84,N
22.04263,56.15767,310.05,0.49,0.4,2026-08-31,2222,N,nominal,2.0NRT,298.63,0.53,N
21.89246,56.84719,316.7,0.53,0.42,2026-08-31,2222,N,nominal,2.0NRT,299.29,1.59,N
21.80252,57.0936,309.78,0.55,0.43,2026-08-31,2222,N,nominal,2.0NRT,297.6,0.97,N
21.83581,56.68203,315.43,0.52,0.42,2026-08-31,2222,N,nominal,2.0NRT,299.19,1.39,N
21.83202,56.68119,311.75,0.52,0.42,2026-08-31,2222,N,nominal,2.0NRT,298.6,1.39,N
21.66393,56.41488,312.31,0.51,0.41,2026-08-31,2222,N,nominal,2.0NRT,299.05,1.11,N
21.66018,56.41409,310.56,0.51,0.41,2026-08-31,2222,N,nominal,2.0NRT,298.98,1.73,N
21.45984,57.24501,315.73,0.57,0.43,2026-08-31,2222,N,nominal,2.0NRT,297.75,1.49,N
21.33504,57.72462,313.7,0.41,0.45,2026-08-31,2222,N,nominal,2.0NRT,296.62,1.58,N
21.31874,57.72107,321.72,0.41,0.45,2026-08-31,2222,N,nominal,2.0NRT,296.18,1.68,N
21.31421,57.74442,324.57,0.41,0.45,2026-08-31,2222,N,nominal,2.0NRT,296.48,3.66,N
21.30352,57.79935,316.96,0.41,0.45,2026-08-31,2222,N,nominal,2.0NRT,296.43,1.46,N
21.30937,57.74743,306.46,0.41,0.45,2026-08-31,2222,N,nominal,2.0NRT,295.85,1.45,N
21.30473,57.70586,308.2,0.41,0.45,2026-08-31,2222,N,nominal,2.0NRT,296.15,0.95,N
21.29709,57.6799,311.3,0.41,0.45,2026-08-31,2222,N,nominal,2.0NRT,295.79,0.78,N
21.37701,56.71886,329.38,0.54,0.42,2026-08-31,2222,N,nominal,2.0NRT,298.62,2.54,N
20.98704,56.77349,307.51,0.55,0.42,2026-08-31,2222,N,nominal,2.0NRT,297.03,0.64,N
20.37545,55.9368,329.75,0.5,0.41,2026-08-31,2222,N,nominal,2.0NRT,298.07,2.51,N
20.38732,55.66053,329.82,0.49,0.4,2026-08-31,2222,N,nominal,2.0NRT,298.06,3.3,N
20.38617,55.64591,328.11,0.49,0.4,2026-08-31,2222,N,nominal,2.0NRT,298.42,2.99,N
20.2138,55.71215,324.23,0.49,0.41,2026-08-31,2222,N,nominal,2.0NRT,296.98,1.72,N
19.26755,56.17533,307.27,0.54,0.42,2026-08-31,2222,N,nominal,2.0NRT,295.12,0.61,N
18.32222,55.10799,326.18,0.49,0.4,2026-08-31,2222,N,nominal,2.0NRT,297.07,2.35,N
18.32304,55.1034,310.73,0.49,0.4,2026-08-31,2222,N,nominal,2.0NRT,297.63,2.41,N
18.31936,55.10268,326.89,0.49,0.4,2026-08-31,2222,N,nominal,2.0NRT,298.31,2.41,N
18.01204,54.57475,330.61,0.47,0.39,2026-08-31,2222,N,nominal,2.0NRT,302.75,8.84,N
18.0128,54.57038,310.35,0.46,0.39,2026-08-31,2222,N,nominal,2.0NRT,298.47,6.25,N
6.19543,81.0187,334.15,0.39,0.44,2026-09-01,0748,N,nominal,2.0NRT,296.73,3.17,D
6.23883,81.20638,330.31,0.38,0.43,2026-09-01,0748,N,nominal,2.0NRT,298.18,1.23,D
6.33925,81.34753,335.71,0.56,0.43,2026-09-01,0748,N,nominal,2.0NRT,296.64,4.21,D
6.33772,81.34603,334.53,0.56,0.43,2026-09-01,0748,N,nominal,2.0NRT,296.73,7.75,D
27.52273,68.33573,353.91,0.5,0.65,2026-09-01,0756,N,nominal,2.0NRT,298.29,7.3,D
30.67169,73.90612,334.61,0.41,0.45,2026-09-01,0756,N,nominal,2.0NRT,294.93,3.03,D
30.14654,67.36202,336.1,0.49,0.65,2026-09-01,0756,N,nominal,2.0NRT,304.17,6.34,D
6.32778,81.01263,342.68,0.39,0.44,2026-09-01,0748,N,nominal,2.0NRT,298.03,2.71,D
32.2988,73.30443,331.8,0.41,0.45,2026-09-01,0756,N,nominal,2.0NRT,294.81,2.61,D
6.35255,81.13854,342.55,0.39,0.44,2026-09-01,0748,N,nominal,2.0NRT,298.76,3.16,D
6.39061,81.01627,348.9,0.39,0.44,2026-09-01,0748,N,nominal,2.0NRT,298.11,5.79,D
39.17862,75.77068,338.91,0.4,0.37,2026-09-01,0758,N,low,2.0NRT,312.09,4.06,D
6.411,81.08882,331.91,0.39,0.44,2026-09-01,0748,N,nominal,2.0NRT,296.1,0.85,D
39.17982,75.7717,349.45,0.4,0.37,2026-09-01,0758,N,nominal,2.0NRT,311.88,6.5,D
38.04794,67.26293,341.59,0.63,0.54,2026-09-01,0758,N,low,2.0NRT,312.82,7.72,D
38.05283,67.26123,345.88,0.63,0.54,2026-09-01,0758,N,nominal,2.0NRT,313.51,21.13,D
6.41308,81.00175,336.85,0.39,0.44,2026-09-01,0748,N,nominal,2.0NRT,296.79,2.93,D
38.05384,67.26727,344.35,0.63,0.54,2026-09-01,0758,N,nominal,2.0NRT,312.86,18.31,D
6.56763,80.98006,331.95,0.39,0.44,2026-09-01,0748,N,nominal,2.0NRT,298.34,2.46,D
38.05209,67.26044,342.86,0.63,0.54,2026-09-01,0758,N,nominal,2.0NRT,313.2,14.08,D
37.03287,62.41232,340.73,0.6,0.7,2026-09-01,0758,N,nominal,2.0NRT,306.15,3.32,D
6.7111,81.59296,332.59,0.54,0.42,2026-09-01,0748,N,nominal,2.0NRT,299.56,5.1,D
37.03252,62.4106,336.85,0.6,0.7,2026-09-01,0758,N,nominal,2.0NRT,305.53,5.48,D
6.70304,81.54429,334.86,0.54,0.42,2026-09-01,0748,N,nominal,2.0NRT,300.62,5.44,D
6.73672,81.60365,335.05,0.54,0.42,2026-09-01,0748,N,nominal,2.0NRT,299.25,13.03,D
6.73593,81.59883,337.41,0.54,0.42,2026-09-01,0748,N,nominal,2.0NRT,299.81,8.39,D
6.74266,81.51804,337.49,0.54,0.42,2026-09-01,0748,N,nominal,2.0NRT,300.14,2.55,D
6.80369,81.52106,336.16,0.54,0.42,2026-09-01,0748,N,nominal,2.0NRT,302.28,5.57,D
6.81535,81.51917,338.94,0.54,0.42,2026-09-01,0748,N,nominal,2.0NRT,300.72,3,D
6.84047,81.57497,346.36,0.54,0.42,2026-09-01,0748,N,nominal,2.0NRT,305.15,12.38,D
6.84425,81.54947,337.98,0.54,0.42,2026-09-01,0748,N,nominal,2.0NRT,299.8,10.33,D
6.8355,81.49601,333.16,0.54,0.42,2026-09-01,0748,N,nominal,2.0NRT,299.88,9.59,D
6.84813,81.54882,337.81,0.54,0.42,2026-09-01,0748,N,nominal,2.0NRT,299.9,10.33,D
6.83939,81.49536,345.89,0.54,0.42,2026-09-01,0748,N,nominal,2.0NRT,300.37,9.59,D
6.85314,81.40752,335.08,0.55,0.43,2026-09-01,0748,N,nominal,2.0NRT,298.04,6.24,D
6.93935,81.63994,336.24,0.53,0.42,2026-09-01,0748,N,nominal,2.0NRT,302.51,5.6,D
7.07607,81.5708,333.41,0.53,0.42,2026-09-01,0748,N,nominal,2.0NRT,298.72,6.13,D
7.09516,81.44301,345.55,0.54,0.42,2026-09-01,0748,N,nominal,2.0NRT,296.11,12.36,D
7.07303,81.20502,334.73,0.56,0.43,2026-09-01,0748,N,nominal,2.0NRT,295.76,8.49,D
7.0955,81.44486,334.54,0.54,0.42,2026-09-01,0748,N,nominal,2.0NRT,294.82,9.23,D
7.07577,81.20669,341.39,0.56,0.43,2026-09-01,0748,N,nominal,2.0NRT,296.1,9.04,D
7.16827,81.57197,331.95,0.53,0.42,2026-09-01,0748,N,nominal,2.0NRT,300.12,6.23,D
7.21606,81.76827,341.2,0.52,0.41,2026-09-01,0748,N,low,2.0NRT,305.45,19.17,D
7.28933,81.79167,340.16,0.51,0.41,2026-09-01,0748,N,nominal,2.0NRT,305.52,11.09,D
7.31592,81.76345,344.78,0.52,0.41,2026-09-01,0748,N,nominal,2.0NRT,306.04,12.39,D
7.32506,81.74758,333.99,0.52,0.41,2026-09-01,0748,N,low,2.0NRT,305.24,6.03,D
7.33726,81.72639,335.03,0.52,0.41,2026-09-01,0748,N,low,2.0NRT,305.25,5.18,D
7.35682,81.82351,333.2,0.51,0.41,2026-09-01,0748,N,low,2.0NRT,304.05,6.09,D
7.39489,81.77684,334.29,0.51,0.41,2026-09-01,0750,N,low,2.0NRT,304.8,7.48,D
7.29757,81.14172,334.94,0.56,0.43,2026-09-01,0750,N,nominal,2.0NRT,303.89,6.16,D
7.36199,81.50616,333.35,0.53,0.42,2026-09-01,0750,N,nominal,2.0NRT,299.67,3.82,D
7.40997,81.6543,333.78,0.52,0.42,2026-09-01,0750,N,low,2.0NRT,300.98,6.13,D
7.45584,81.64682,333.5,0.52,0.42,2026-09-01,0750,N,low,2.0NRT,302.99,7.83,D
7.45856,81.64819,334.63,0.52,0.42,2026-09-01,0750,N,low,2.0NRT,303.56,6.24,D
7.42719,81.31733,331.73,0.54,0.42,2026-09-01,0750,N,low,2.0NRT,301.93,5.35,D
7.63038,81.58308,335.51,0.52,0.42,2026-09-01,0750,N,low,2.0NRT,305.32,6.87,D
7.6342,81.58244,344.19,0.52,0.42,2026-09-01,0750,N,nominal,2.0NRT,304.4,6.87,D
7.79142,81.55624,333.11,0.52,0.42,2026-09-01,0750,N,low,2.0NRT,304.23,6.01,D
7.7604,81.24961,340.95,0.54,0.42,2026-09-01,0750,N,nominal,2.0NRT,309.62,10.62,D
7.86408,81.44665,348.6,0.53,0.42,2026-09-01,0750,N,nominal,2.0NRT,303.81,9.12,D
7.86625,81.44823,343.45,0.53,0.42,2026-09-01,0750,N,nominal,2.0NRT,304.19,9.31,D
7.8685,81.43804,334.4,0.53,0.42,2026-09-01,0750,N,nominal,2.0NRT,303.13,4.72,D
7.78867,80.81643,342.48,0.38,0.44,2026-09-01,0750,N,nominal,2.0NRT,302.57,4.63,D
7.94534,81.37614,337.02,0.53,0.42,2026-09-01,0750,N,nominal,2.0NRT,303.27,3.65,D
7.94456,81.37131,332.56,0.53,0.42,2026-09-01,0750,N,low,2.0NRT,304.36,3.65,D
7.94756,81.31615,343.2,0.54,0.42,2026-09-01,0750,N,nominal,2.0NRT,304.45,8.89,D
7.94843,81.31799,338.51,0.54,0.42,2026-09-01,0750,N,nominal,2.0NRT,303.64,9.05,D
7.78377,80.22298,339.76,0.42,0.45,2026-09-01,0750,N,nominal,2.0NRT,293.66,2.66,D
8.00779,81.43661,330.8,0.53,0.42,2026-09-01,0750,N,low,2.0NRT,304.26,6.68,D
7.90392,80.63752,333.93,0.39,0.44,2026-09-01,0750,N,nominal,2.0NRT,299.19,1.99,D
7.85497,80.34256,338.68,0.41,0.45,2026-09-01,0750,N,nominal,2.0NRT,296.96,4.45,D
8.03119,81.28948,349.71,0.54,0.42,2026-09-01,0750,N,nominal,2.0NRT,307,20.57,D
7.95932,80.72301,331.21,0.39,0.44,2026-09-01,0750,N,nominal,2.0NRT,300.94,4.06,D
7.96034,80.72224,330.53,0.39,0.44,2026-09-01,0750,N,low,2.0NRT,300.93,3.5,D
7.96814,80.59685,347.3,0.39,0.44,2026-09-01,0750,N,nominal,2.0NRT,298.24,6.47,D
7.98507,80.62343,330.99,0.39,0.44,2026-09-01,0750,N,nominal,2.0NRT,299.01,3.46,D
8.13979,81.4119,332.42,0.53,0.42,2026-09-01,0750,N,low,2.0NRT,300.93,4.71,D
8.03059,80.59743,339.51,0.39,0.44,2026-09-01,0750,N,nominal,2.0NRT,300.21,3.18,D
8.18792,80.69052,340.57,0.39,0.44,2026-09-01,0750,N,nominal,2.0NRT,301.84,6.26,D
8.30368,81.01878,337.15,0.55,0.43,2026-09-01,0750,N,nominal,2.0NRT,299.13,6.15,D
8.3076,81.01814,336.04,0.55,0.43,2026-09-01,0750,N,nominal,2.0NRT,298.71,6.15,D
8.24386,80.60502,340.11,0.39,0.44,2026-09-01,0750,N,nominal,2.0NRT,301.48,4.93,D
8.26053,80.58041,342.01,0.39,0.44,2026-09-01,0750,N,nominal,2.0NRT,300.71,7.81,D
8.26432,80.55347,334,0.39,0.44,2026-09-01,0750,N,nominal,2.0NRT,298.06,4.08,D
8.39226,81.16862,331.78,0.54,0.42,2026-09-01,0750,N,nominal,2.0NRT,295.94,5.92,D
8.37648,81.04984,336.23,0.55,0.43,2026-09-01,0750,N,nominal,2.0NRT,302.95,12.25,D
8.38429,81.04854,349.85,0.55,0.43,2026-09-01,0750,N,nominal,2.0NRT,306.78,22.09,D
8.3114,80.28439,343.65,0.41,0.45,2026-09-01,0750,N,nominal,2.0NRT,300.84,2.5,D
8.29877,80.15601,343.71,0.42,0.45,2026-09-01,0750,N,nominal,2.0NRT,301.32,18.87,D
8.31414,80.28391,339.16,0.41,0.45,2026-09-01,0750,N,nominal,2.0NRT,301.37,3.4,D
8.37836,80.6104,344.11,0.39,0.44,2026-09-01,0750,N,nominal,2.0NRT,305.36,6.35,D
8.30062,80.15585,344.61,0.41,0.45,2026-09-01,0750,N,nominal,2.0NRT,303.18,19.56,D
8.46341,81.0887,337.52,0.54,0.42,2026-09-01,0750,N,nominal,2.0NRT,299.74,15.6,D
8.32899,80.29664,333.49,0.41,0.45,2026-09-01,0750,N,nominal,2.0NRT,300.35,3.46,D
8.4673,81.08805,337.73,0.54,0.42,2026-09-01,0750,N,nominal,2.0NRT,298.79,7.07,D
8.40258,80.63156,352.12,0.39,0.44,2026-09-01,0750,N,nominal,2.0NRT,303.59,8.98,D
8.41403,80.62608,341.23,0.39,0.44,2026-09-01,0750,N,nominal,2.0NRT,300.18,6.92,D
8.35582,80.28069,331.43,0.41,0.45,2026-09-01,0750,N,low,2.0NRT,301.46,3.73,D
8.34424,80.18712,332.68,0.41,0.45,2026-09-01,0750,N,nominal,2.0NRT,301.94,6.2,D
8.36403,80.27928,346.99,0.41,0.45,2026-09-01,0750,N,nominal,2.0NRT,302.44,6.03,D
8.349,80.19014,331.08,0.41,0.45,2026-09-01,0750,N,low,2.0NRT,301.86,4.48,D
8.42361,80.5847,331.75,0.39,0.44,2026-09-01,0750,N,low,2.0NRT,303.93,6.09,D
8.38557,80.25662,344.78,0.41,0.45,2026-09-01,0750,N,nominal,2.0NRT,299.85,10.02,D
8.41644,80.41689,331.79,0.4,0.44,2026-09-01,0750,N,low,2.0NRT,302.89,2.04,D
8.47152,80.72465,336.85,0.57,0.43,2026-09-01,0750,N,nominal,2.0NRT,303.91,11.25,D
8.4955,80.82083,335.09,0.56,0.43,2026-09-01,0750,N,nominal,2.0NRT,301.08,16.97,D
8.49946,80.82017,339.21,0.56,0.43,2026-09-01,0750,N,nominal,2.0NRT,303.5,16.97,D
8.49863,80.81506,333.72,0.56,0.43,2026-09-01,0750,N,nominal,2.0NRT,302.59,16.97,D
8.40733,80.26052,332.36,0.41,0.45,2026-09-01,0750,N,nominal,2.0NRT,299.62,3.39,D
8.40672,80.25681,337.52,0.41,0.45,2026-09-01,0750,N,nominal,2.0NRT,301.7,6.7,D
8.41083,80.25612,338.4,0.41,0.45,2026-09-01,0750,N,nominal,2.0NRT,297.36,4.26,D
8.52771,80.89381,335.66,0.56,0.43,2026-09-01,0750,N,nominal,2.0NRT,299.91,6.84,D
8.44242,80.37146,337.13,0.4,0.44,2026-09-01,0750,N,nominal,2.0NRT,299.87,4.32,D
8.43706,80.33877,330.46,0.4,0.44,2026-09-01,0750,N,low,2.0NRT,301.29,4.04,D
8.44123,80.37093,334.63,0.4,0.44,2026-09-01,0750,N,nominal,2.0NRT,299.81,1.9,D
8.51878,80.7773,342.57,0.57,0.43,2026-09-01,0750,N,nominal,2.0NRT,303.99,4.06,D
8.41854,80.18941,334.78,0.41,0.45,2026-09-01,0750,N,nominal,2.0NRT,299.92,4.82,D
8.45904,80.40157,331.54,0.4,0.44,2026-09-01,0750,N,nominal,2.0NRT,301.2,2.31,D
8.46372,80.40453,338.04,0.4,0.44,2026-09-01,0750,N,nominal,2.0NRT,301.63,2.31,D
8.4631,80.4009,339.49,0.4,0.44,2026-09-01,0750,N,nominal,2.0NRT,303.21,2.31,D
8.46778,80.40383,341.57,0.4,0.44,2026-09-01,0750,N,nominal,2.0NRT,301.31,2.9,D
8.46717,80.40021,339.96,0.4,0.44,2026-09-01,0750,N,nominal,2.0NRT,301.11,2.9,D
8.51814,80.67673,338.07,0.57,0.43,2026-09-01,0750,N,nominal,2.0NRT,301.34,8.72,D
8.51704,80.59698,352.54,0.39,0.44,2026-09-01,0750,N,nominal,2.0NRT,301.92,6.85,D
8.52105,80.59629,352.43,0.39,0.44,2026-09-01,0750,N,nominal,2.0NRT,300.61,6.85,D
8.54781,80.68247,340.66,0.57,0.43,2026-09-01,0750,N,nominal,2.0NRT,302.43,8.51,D
8.5695,80.76366,338.63,0.57,0.43,2026-09-01,0750,N,nominal,2.0NRT,304.65,9.39,D
8.56749,80.72697,337.61,0.57,0.43,2026-09-01,0750,N,nominal,2.0NRT,299.82,6.93,D
8.52566,80.47535,347.97,0.39,0.44,2026-09-01,0750,N,nominal,2.0NRT,298.71,3.79,D
8.51968,80.43941,331.47,0.4,0.44,2026-09-01,0750,N,low,2.0NRT,302.34,2.88,D
8.57147,80.7263,333.54,0.57,0.43,2026-09-01,0750,N,nominal,2.0NRT,298.68,4.61,D
8.60734,80.91888,339.09,0.55,0.43,2026-09-01,0750,N,nominal,2.0NRT,304.42,7.46,D
8.54025,80.51318,345.63,0.39,0.44,2026-09-01,0750,N,nominal,2.0NRT,303.93,9.03,D
8.574,80.66736,342.42,0.57,0.43,2026-09-01,0750,N,nominal,2.0NRT,301.94,36.79,D
8.51547,80.31347,343.83,0.4,0.44,2026-09-01,0750,N,nominal,2.0NRT,295.89,5.43,D
8.60837,80.85137,338.67,0.56,0.43,2026-09-01,0750,N,nominal,2.0NRT,305.61,11.2,D
8.59837,80.79054,334.4,0.56,0.43,2026-09-01,0750,N,nominal,2.0NRT,300.96,5.22,D
8.59583,80.77507,336.18,0.56,0.43,2026-09-01,0750,N,nominal,2.0NRT,297.34,6.36,D
8.57321,80.5876,332.23,0.39,0.44,2026-09-01,0750,N,nominal,2.0NRT,301.85,4.19,D
8.57722,80.58692,344.12,0.39,0.44,2026-09-01,0750,N,nominal,2.0NRT,303.41,4.19,D
8.57664,80.58342,331.51,0.39,0.44,2026-09-01,0750,N,low,2.0NRT,303.41,6.1,D
8.56386,80.50555,335.67,0.39,0.44,2026-09-01,0750,N,nominal,2.0NRT,301.18,3.19,D
8.56789,80.50488,340.09,0.39,0.44,2026-09-01,0750,N,nominal,2.0NRT,299.06,2.13,D
8.56902,80.48644,333.01,0.39,0.44,2026-09-01,0750,N,nominal,2.0NRT,301.82,4.42,D
8.57504,80.4455,345.29,0.39,0.44,2026-09-01,0750,N,nominal,2.0NRT,302.14,4.18,D
8.68468,81.02161,349.12,0.54,0.42,2026-09-01,0750,N,nominal,2.0NRT,303.14,22.07,D
8.65193,80.82672,341.22,0.56,0.43,2026-09-01,0750,N,nominal,2.0NRT,303.08,8.57,D
8.68774,81.01603,332.11,0.54,0.42,2026-09-01,0750,N,nominal,2.0NRT,299.8,4.45,D
8.62578,80.64729,337.07,0.38,0.43,2026-09-01,0750,N,nominal,2.0NRT,301.26,9.51,D
8.67641,80.90026,335.43,0.55,0.43,2026-09-01,0750,N,nominal,2.0NRT,301.67,7.77,D
8.68091,80.87888,334.14,0.56,0.43,2026-09-01,0750,N,nominal,2.0NRT,301.98,7.56,D
8.68568,80.88323,333.31,0.55,0.43,2026-09-01,0750,N,nominal,2.0NRT,299.08,9.97,D
8.65909,80.69933,332.35,0.57,0.43,2026-09-01,0750,N,nominal,2.0NRT,301.39,4.65,D
8.66735,80.72438,336.5,0.57,0.43,2026-09-01,0750,N,nominal,2.0NRT,302.11,7.16,D
8.70056,80.87553,331.19,0.56,0.43,2026-09-01,0750,N,nominal,2.0NRT,300.82,13.58,D
8.74317,80.18766,343.55,0.41,0.45,2026-09-01,0750,N,nominal,2.0NRT,298.99,5.11,D
8.86808,80.87281,330.89,0.55,0.43,2026-09-01,0750,N,low,2.0NRT,301.1,5.24,D
8.29291,77.57172,340.35,0.61,0.54,2026-09-01,0750,N,nominal,2.0NRT,300.05,3.49,D
8.8961,80.42565,343.18,0.39,0.44,2026-09-01,0750,N,nominal,2.0NRT,303.43,12.27,D
8.89549,80.42211,338.63,0.39,0.44,2026-09-01,0750,N,nominal,2.0NRT,301.45,12.27,D
8.91162,80.4194,340.85,0.39,0.44,2026-09-01,0750,N,nominal,2.0NRT,301.46,5.7,D
8.92028,80.4216,332.13,0.39,0.44,2026-09-01,0750,N,low,2.0NRT,303.85,8.63,D
8.9195,80.3924,332.26,0.39,0.44,2026-09-01,0750,N,low,2.0NRT,304.48,5.41,D
8.92294,80.38815,344.04,0.39,0.44,2026-09-01,0750,N,nominal,2.0NRT,301.73,11.59,D
9.02817,80.16972,332.18,0.4,0.44,2026-09-01,0750,N,nominal,2.0NRT,300.5,2.67,D
9.02756,80.16605,334.03,0.4,0.45,2026-09-01,0750,N,nominal,2.0NRT,300.17,2.26,D
8.69359,78.05819,331.91,0.56,0.52,2026-09-01,0750,N,nominal,2.0NRT,300.81,4.74,D
8.69272,78.05309,339.6,0.56,0.52,2026-09-01,0750,N,nominal,2.0NRT,301.29,4.6,D
9.05315,80.14268,340.69,0.4,0.45,2026-09-01,0750,N,nominal,2.0NRT,302.74,6.08,D
9.05558,80.14168,337.68,0.4,0.45,2026-09-01,0750,N,nominal,2.0NRT,302.26,4.72,D
8.69322,78.05519,347.78,0.56,0.52,2026-09-01,0750,N,nominal,2.0NRT,301.94,6.31,D
9.10582,80.31257,333.64,0.39,0.44,2026-09-01,0750,N,low,2.0NRT,304.01,2.27,D
9.10153,80.28739,338.19,0.4,0.44,2026-09-01,0750,N,nominal,2.0NRT,304.88,3.67,D
9.11247,80.27811,336.96,0.4,0.44,2026-09-01,0750,N,nominal,2.0NRT,306.35,6.48,D
9.08741,79.75088,330.38,0.43,0.46,2026-09-01,0750,N,low,2.0NRT,301.39,2.14,D
9.08676,79.74698,335.52,0.43,0.46,2026-09-01,0750,N,nominal,2.0NRT,302.37,2.14,D
9.08716,79.74696,339.59,0.43,0.46,2026-09-01,0750,N,nominal,2.0NRT,302.9,6.52,D
9.24176,80.27779,338.33,0.39,0.44,2026-09-01,0750,N,nominal,2.0NRT,305.64,7.03,D
9.25795,80.27505,330.46,0.39,0.44,2026-09-01,0750,N,low,2.0NRT,304.59,6.81,D
9.39288,80.43707,367,0.38,0.43,2026-09-01,0750,N,high,2.0NRT,305.78,11.04,D
9.39346,80.44057,343.24,0.38,0.43,2026-09-01,0750,N,nominal,2.0NRT,304.09,11.04,D
9.39688,80.43639,348.3,0.38,0.43,2026-09-01,0750,N,nominal,2.0NRT,303.23,6.2,D
9.40603,80.44202,334.62,0.38,0.43,2026-09-01,0750,N,nominal,2.0NRT,302.84,1.33,D
9.41566,80.40079,347.73,0.39,0.44,2026-09-01,0750,N,nominal,2.0NRT,305.36,4.54,D
9.42197,80.41412,333.99,0.38,0.44,2026-09-01,0750,N,nominal,2.0NRT,303.32,2.16,D
9.42139,80.41061,337.98,0.39,0.44,2026-09-01,0750,N,nominal,2.0NRT,303.28,2.16,D
9.41908,80.39658,330.1,0.39,0.44,2026-09-01,0750,N,low,2.0NRT,303.87,4.54,D
9.41327,80.36134,342.93,0.39,0.44,2026-09-01,0750,N,nominal,2.0NRT,302.94,3.55,D
9.41749,80.40327,338.11,0.39,0.44,2026-09-01,0750,N,nominal,2.0NRT,305.15,4.57,D
9.41689,80.39977,342.6,0.39,0.44,2026-09-01,0750,N,nominal,2.0NRT,305.49,3.96,D
9.41628,80.39626,342.87,0.39,0.44,2026-09-01,0750,N,nominal,2.0NRT,303.93,3.96,D
9.41568,80.39275,330.74,0.39,0.44,2026-09-01,0750,N,low,2.0NRT,302.54,1.94,D
9.4233,80.41309,349.88,0.38,0.44,2026-09-01,0750,N,nominal,2.0NRT,304.67,4.15,D
9.4227,80.40959,343.88,0.38,0.44,2026-09-01,0750,N,nominal,2.0NRT,303.37,4.15,D
9.41424,80.36042,332.41,0.39,0.44,2026-09-01,0750,N,low,2.0NRT,302.67,3.02,D
9.4273,80.41241,367,0.38,0.44,2026-09-01,0750,N,high,2.0NRT,305.8,10.51,D
9.4283,80.39423,333.51,0.39,0.44,2026-09-01,0750,N,low,2.0NRT,304.04,2.36,D
9.44431,80.39148,340.36,0.39,0.44,2026-09-01,0750,N,nominal,2.0NRT,303.64,3.35,D
9.53506,80.38695,342.55,0.38,0.44,2026-09-01,0750,N,nominal,2.0NRT,304.4,25.84,D
9.64288,80.3102,333.48,0.39,0.44,2026-09-01,0750,N,nominal,2.0NRT,302.49,4.14,D
9.63981,80.21948,335.9,0.39,0.44,2026-09-01,0750,N,nominal,2.0NRT,300.71,2.34,D
9.60892,79.98938,345.28,0.41,0.45,2026-09-01,0750,N,nominal,2.0NRT,302.98,4.83,D
9.6828,79.86526,331.06,0.41,0.45,2026-09-01,0750,N,low,2.0NRT,302.61,2.81,D
9.57735,78.58523,342.46,0.5,0.49,2026-09-01,0750,N,nominal,2.0NRT,305.45,8.92,D
9.77143,78.21916,333.13,0.52,0.5,2026-09-01,0750,N,nominal,2.0NRT,302.84,3.49,D
9.8107,78.22701,330.36,0.52,0.5,2026-09-01,0750,N,low,2.0NRT,302.93,3.51,D
9.95757,77.88288,336.99,0.55,0.51,2026-09-01,0750,N,nominal,2.0NRT,305.57,8.44,D
9.96955,77.89621,343.87,0.55,0.51,2026-09-01,0750,N,nominal,2.0NRT,306.5,13.59,D
9.95914,77.88472,337.66,0.55,0.51,2026-09-01,0750,N,nominal,2.0NRT,305.78,11.36,D
9.96654,77.89884,339.99,0.55,0.51,2026-09-01,0750,N,nominal,2.0NRT,305.78,6.17,D
10.015,78.08784,345.21,0.53,0.5,2026-09-01,0750,N,nominal,2.0NRT,304.53,8.15,D
9.99659,77.51824,343.88,0.58,0.52,2026-09-01,0750,N,nominal,2.0NRT,303.84,3,D
9.99667,77.52258,334.74,0.58,0.52,2026-09-01,0750,N,nominal,2.0NRT,303.41,8.15,D
10.38719,79.27933,343.55,0.44,0.46,2026-09-01,0750,N,nominal,2.0NRT,305.99,11.34,D
10.44507,78.80642,332.13,0.47,0.48,2026-09-01,0750,N,low,2.0NRT,302.64,3.98,D
10.44559,78.8073,332.18,0.47,0.48,2026-09-01,0750,N,nominal,2.0NRT,301.71,5.72,D
10.67588,78.80834,334.64,0.46,0.47,2026-09-01,0750,N,low,2.0NRT,305.76,4.1,D
10.86091,79.81236,332.03,0.4,0.44,2026-09-01,0750,N,nominal,2.0NRT,298.78,0.93,D
10.74769,78.83463,344.12,0.46,0.47,2026-09-01,0750,N,nominal,2.0NRT,306.06,6.13,D
10.77378,78.65028,335.4,0.47,0.48,2026-09-01,0750,N,low,2.0NRT,307.67,5.62,D
11.01958,79.83994,336.41,0.39,0.44,2026-09-01,0750,N,nominal,2.0NRT,303.87,2.22,D
11.01218,79.41254,334.72,0.42,0.45,2026-09-01,0750,N,nominal,2.0NRT,302.36,1.56,D
11.00781,77.43622,332.41,0.56,0.52,2026-09-01,0750,N,nominal,2.0NRT,299.6,7.15,D
11.14795,78.03258,336.34,0.51,0.49,2026-09-01,0750,N,nominal,2.0NRT,300.6,4.53,D
11.69378,79.12559,336.91,0.43,0.46,2026-09-01,0750,N,nominal,2.0NRT,304.65,3.94,D
11.69394,79.12669,334.62,0.43,0.46,2026-09-01,0750,N,low,2.0NRT,305.59,5.89,D
11.69813,79.12595,355.18,0.43,0.46,2026-09-01,0750,N,nominal,2.0NRT,304.79,5.89,D
11.83094,79.66526,331.46,0.39,0.44,2026-09-01,0750,N,low,2.0NRT,303.93,1.86,D
12.05853,79.84698,331.63,0.57,0.43,2026-09-01,0750,N,nominal,2.0NRT,299.32,3.58,D
12.09285,79.56569,341.02,0.39,0.44,2026-09-01,0750,N,nominal,2.0NRT,303.15,4.53,D
12.09304,79.56533,342.44,0.39,0.44,2026-09-01,0750,N,nominal,2.0NRT,303.39,2.38,D
12.13102,78.14007,332.63,0.49,0.48,2026-09-01,0750,N,nominal,2.0NRT,299.71,8.28,D
12.38799,79.56133,332.27,0.39,0.44,2026-09-01,0750,N,nominal,2.0NRT,303.14,2.06,D
12.55496,79.97733,343.27,0.55,0.43,2026-09-01,0750,N,nominal,2.0NRT,303.72,6.59,D
12.63548,79.86098,334.7,0.56,0.43,2026-09-01,0750,N,nominal,2.0NRT,302.52,5.87,D
12.6515,79.40098,337.49,0.4,0.44,2026-09-01,0750,N,nominal,2.0NRT,301.46,2.19,D
12.65554,79.40025,336.68,0.4,0.44,2026-09-01,0750,N,nominal,2.0NRT,302.28,2.19,D
12.8083,79.95654,331.11,0.55,0.43,2026-09-01,0750,N,low,2.0NRT,302.28,3.64,D
12.82044,79.10441,338.59,0.41,0.45,2026-09-01,0750,N,nominal,2.0NRT,303.67,5.45,D
12.82455,79.10368,332.39,0.41,0.45,2026-09-01,0750,N,low,2.0NRT,304.02,5.9,D
12.88371,78.21547,333.65,0.47,0.47,2026-09-01,0750,N,nominal,2.0NRT,302.7,3.46,D
13.20734,79.73056,330.12,0.56,0.43,2026-09-01,0750,N,low,2.0NRT,301.37,3.71,D
13.85709,79.33201,344.02,0.38,0.43,2026-09-01,0750,N,nominal,2.0NRT,298.61,4.74,D
13.85649,79.3286,340.87,0.38,0.43,2026-09-01,0750,N,nominal,2.0NRT,296.39,4.74,D
13.86103,79.33105,334.63,0.38,0.43,2026-09-01,0750,N,nominal,2.0NRT,296.24,4.74,D
14.54064,79.68484,344.26,0.54,0.42,2026-09-01,0750,N,nominal,2.0NRT,297.25,9.29,D
14.43581,77.70943,343.02,0.47,0.48,2026-09-01,0750,N,nominal,2.0NRT,298.18,11.47,D
14.43501,77.70506,330.81,0.47,0.48,2026-09-01,0750,N,nominal,2.0NRT,296.7,5.22,D
14.49206,77.77126,343.95,0.47,0.48,2026-09-01,0750,N,nominal,2.0NRT,298.34,8.52,D
14.95399,79.63455,333.95,0.53,0.42,2026-09-01,0752,N,nominal,2.0NRT,299.32,5.79,D
14.95313,79.62963,338.9,0.53,0.42,2026-09-01,0752,N,nominal,2.0NRT,300.36,5.79,D
14.86462,77.31979,335.31,0.49,0.49,2026-09-01,0752,N,nominal,2.0NRT,292.46,2.62,D
15.18663,76.75148,337.67,0.53,0.5,2026-09-01,0752,N,nominal,2.0NRT,289.96,3.78,D
15.88618,79.82315,338.82,0.5,0.41,2026-09-01,0752,N,low,2.0NRT,301.09,7,D
15.88993,79.82246,339.55,0.5,0.41,2026-09-01,0752,N,nominal,2.0NRT,299.72,7,D
17.95781,80.79736,336.54,0.43,0.38,2026-09-01,0752,N,nominal,2.0NRT,292.25,5.73,D
22.79596,100.87669,339.55,0.46,0.47,2026-09-01,0612,N,nominal,2.0NRT,296.62,8.01,D
23.10077,101.16544,332.67,0.44,0.46,2026-09-01,0612,N,nominal,2.0NRT,298.69,3.46,D
23.09996,101.16614,336.48,0.44,0.46,2026-09-01,0612,N,nominal,2.0NRT,299.5,6.45,D
23.29024,101.89984,328.03,0.39,0.44,2026-09-01,0612,N,nominal,2.0NRT,296.23,2.24,D
23.23938,101.61276,338.9,0.41,0.45,2026-09-01,0612,N,nominal,2.0NRT,296.27,4.73,D
23.03749,100.49323,340.43,0.48,0.48,2026-09-01,0612,N,nominal,2.0NRT,298.19,6.09,D
23.76703,101.80833,341.79,0.39,0.44,2026-09-01,0612,N,nominal,2.0NRT,300.57,5.14,D
23.771,101.80726,343,0.39,0.44,2026-09-01,0612,N,nominal,2.0NRT,300.27,5.14,D
23.76794,101.80801,345.36,0.39,0.44,2026-09-01,0612,N,nominal,2.0NRT,301.71,10.55,D
24.05802,101.57527,328.71,0.4,0.44,2026-09-01,0612,N,low,2.0NRT,303.38,3.12,D
25.82486,100.59846,329,0.42,0.45,2026-09-01,0612,N,low,2.0NRT,300.14,2.69,D
25.82574,100.59869,329.02,0.42,0.45,2026-09-01,0612,N,low,2.0NRT,300.12,3.07,D
25.90826,100.57925,328.09,0.42,0.45,2026-09-01,0612,N,low,2.0NRT,298.85,1.83,D
26.50652,101.85926,328.21,0.53,0.42,2026-09-01,0612,N,low,2.0NRT,302.95,5.1,D
36.53343,101.5621,332.15,0.41,0.37,2026-09-01,0616,N,nominal,2.0NRT,300.25,5.54,D
36.71301,101.68565,330.31,0.4,0.37,2026-09-01,0616,N,nominal,2.0NRT,298.69,2.24,D
36.77695,101.7907,332.75,0.4,0.37,2026-09-01,0616,N,nominal,2.0NRT,299.48,4.49,D
36.77006,101.64847,332.69,0.4,0.37,2026-09-01,0616,N,nominal,2.0NRT,299.84,2.8,D
38.63322,100.52792,344.42,0.41,0.37,2026-09-01,0616,N,low,2.0NRT,315.01,8.95,D
38.74035,100.57661,351.35,0.41,0.37,2026-09-01,0616,N,nominal,2.0NRT,316.81,9.69,D
38.76913,100.53874,352.54,0.41,0.37,2026-09-01,0616,N,nominal,2.0NRT,315.56,7.59,D
38.7725,100.53777,348.4,0.41,0.37,2026-09-01,0616,N,nominal,2.0NRT,312.66,7.59,D
38.96197,100.49207,341.59,0.41,0.37,2026-09-01,0616,N,nominal,2.0NRT,308.49,5.42,D
7.37676,100.46777,326.32,0.47,0.64,2026-09-01,0608,N,nominal,2.0NRT,288.12,2.11,D
19.87963,99.1476,325.21,0.34,0.56,2026-09-01,0612,N,nominal,2.0NRT,289.3,1.49,D
20.4732,100.11977,326.75,0.57,0.52,2026-09-01,0612,N,nominal,2.0NRT,289.73,4.15,D
22.26864,101.92156,339.41,0.41,0.45,2026-09-01,0612,N,nominal,2.0NRT,294.79,4.19,D
22.26756,101.92186,339.77,0.41,0.45,2026-09-01,0612,N,nominal,2.0NRT,295.38,4.64,D
21.31061,57.74622,347.48,0.39,0.36,2026-09-01,0934,N,low,2.0NRT,319.8,4.19,D
21.32055,57.72169,346.13,0.39,0.36,2026-09-01,0934,N,low,2.0NRT,319.86,1.13,D
24.50425,56.60724,352,0.38,0.36,2026-09-01,0934,N,nominal,2.0NRT,316.88,17.75,D
25.30764,56.37164,340.16,0.38,0.36,2026-09-01,0937,N,low,2.0NRT,311.03,8.41,D
28.30759,67.8741,338.6,0.5,0.66,2026-09-01,0937,N,nominal,2.0NRT,299.3,3.31,D
28.36179,67.85653,347.49,0.5,0.66,2026-09-01,0937,N,nominal,2.0NRT,298.47,6.68,D
27.14348,56.1121,338.61,0.39,0.36,2026-09-01,0937,N,low,2.0NRT,313.49,7.78,D
27.15886,56.10125,341.28,0.39,0.36,2026-09-01,0937,N,low,2.0NRT,314.32,13.31,D
27.16899,56.05557,350.95,0.38,0.36,2026-09-01,0937,N,nominal,2.0NRT,316.65,14.91,D
27.16841,56.0517,344.41,0.38,0.36,2026-09-01,0937,N,low,2.0NRT,317.44,13.02,D
34.60567,60.66125,337.34,0.44,0.46,2026-09-01,0939,N,low,2.0NRT,309.89,1.66,D
37.0331,62.4185,346.43,0.59,0.53,2026-09-01,0939,N,nominal,2.0NRT,311.77,14.8,D
37.36724,65.03868,333.95,0.41,0.61,2026-09-01,0939,N,low,2.0NRT,306.01,2.98,D
37.36698,65.03388,351.51,0.41,0.61,2026-09-01,0939,N,nominal,2.0NRT,307.58,3.05,D
37.36922,65.03285,367,0.41,0.61,2026-09-01,0939,N,high,2.0NRT,309.38,3.65,D
37.36945,65.03766,340.17,0.41,0.61,2026-09-01,0939,N,nominal,2.0NRT,307.75,3.65,D
37.54225,60.55478,339.91,0.47,0.48,2026-09-01,0939,N,low,2.0NRT,310.89,11.03,D
37.54715,60.55959,335.22,0.47,0.48,2026-09-01,0939,N,low,2.0NRT,308.51,3.92,D
37.55062,60.5482,343.32,0.47,0.48,2026-09-01,0939,N,nominal,2.0NRT,308.7,6.78,D
37.92865,65.61298,335.58,0.45,0.63,2026-09-01,0939,N,nominal,2.0NRT,303.26,3.16,D
37.98239,65.37065,337.67,0.44,0.62,2026-09-01,0939,N,nominal,2.0NRT,304.61,2.81,D
37.37917,56.96518,337.01,0.48,0.4,2026-09-01,0939,N,nominal,2.0NRT,307.21,3.44,D
37.84695,58.95921,331.6,0.39,0.44,2026-09-01,0939,N,low,2.0NRT,305.8,1.57,D
38.43801,57.48626,330.69,0.51,0.41,2026-09-01,0939,N,low,2.0NRT,302.02,3.64,D
39.27581,56.28094,345.3,0.47,0.39,2026-09-01,0941,N,nominal,2.0NRT,309.23,23.63,D
39.27516,56.27553,344.72,0.47,0.39,2026-09-01,0941,N,nominal,2.0NRT,307.26,25.78,D
39.27879,56.27483,343.4,0.47,0.39,2026-09-01,0941,N,nominal,2.0NRT,312.36,25.78,D
39.28373,56.28497,339.89,0.47,0.4,2026-09-01,0941,N,nominal,2.0NRT,306.97,4.34,D
38.83934,100.17126,300.86,0.4,0.6,2026-09-01,1836,N,nominal,2.0NRT,289.36,0.58,N
36.65472,101.63844,304.82,0.32,0.54,2026-09-01,1836,N,nominal,2.0NRT,281.73,0.54,N
36.57258,101.52786,301.96,0.32,0.55,2026-09-01,1836,N,nominal,2.0NRT,283.82,0.65,N
36.5675,101.52743,300,0.32,0.55,2026-09-01,1836,N,nominal,2.0NRT,283.38,0.99,N
36.3801,94.95391,367,0.75,0.77,2026-09-01,1836,N,high,2.0NRT,285.94,15.02,N
36.38021,94.94536,308.02,0.75,0.77,2026-09-01,1836,N,nominal,2.0NRT,284.41,15.02,N
36.38425,94.95636,324.64,0.75,0.77,2026-09-01,1836,N,nominal,2.0NRT,282.75,9.76,N
36.38441,94.94778,318.16,0.75,0.77,2026-09-01,1836,N,nominal,2.0NRT,283.38,12.29,N
36.37725,94.94768,331.48,0.75,0.77,2026-09-01,1836,N,nominal,2.0NRT,284.02,12.29,N
36.37709,94.95622,339.49,0.75,0.77,2026-09-01,1836,N,nominal,2.0NRT,281.86,9.76,N
14.6486,101.03819,311.42,0.57,0.43,2026-09-01,1841,N,nominal,2.0NRT,289.22,2.63,N
14.64603,101.04067,309.18,0.57,0.43,2026-09-01,1841,N,nominal,2.0NRT,288.98,3.12,N
22.63014,100.73443,300.48,0.5,0.49,2026-09-01,1841,N,nominal,2.0NRT,288.51,0.94,N
14.51576,75.63882,301.84,0.57,0.43,2026-09-01,2023,N,nominal,2.0NRT,286.6,0.94,N
34.42354,73.96882,306.24,0.41,0.61,2026-09-01,2017,N,nominal,2.0NRT,283.6,1.5,N
14.5171,75.64188,300.76,0.57,0.43,2026-09-01,2023,N,nominal,2.0NRT,286.89,0.94,N
29.78695,91.60675,297.7,0.47,0.48,2026-09-01,2019,N,nominal,2.0NRT,279,1.44,N
13.89658,76.56571,300.57,0.49,0.41,2026-09-01,2023,N,nominal,2.0NRT,285.29,0.51,N
22.47377,91.73272,306.67,0.33,0.56,2026-09-01,2019,N,nominal,2.0NRT,285.81,1.25,N
12.74743,77.61809,300.42,0.43,0.38,2026-09-01,2023,N,nominal,2.0NRT,288.9,0.43,N
21.10572,72.64465,331.23,0.36,0.57,2026-09-01,2021,N,nominal,2.0NRT,285.01,4.16,N
12.29417,79.93931,325.11,0.38,0.36,2026-09-01,2023,N,nominal,2.0NRT,291.53,1.98,N
21.10537,72.64811,310.93,0.35,0.57,2026-09-01,2021,N,nominal,2.0NRT,284.27,2.9,N
21.10147,72.63356,308.84,0.36,0.57,2026-09-01,2021,N,nominal,2.0NRT,282.25,1.18,N
12.29086,79.93877,311.05,0.38,0.36,2026-09-01,2023,N,nominal,2.0NRT,291.14,1.98,N
21.10112,72.63706,308.66,0.36,0.57,2026-09-01,2021,N,nominal,2.0NRT,282.05,1.18,N
13.00275,74.8494,305.21,0.4,0.44,2026-09-01,2023,N,nominal,2.0NRT,289.72,0.85,N
18.73882,74.40549,299.3,0.51,0.49,2026-09-01,2021,N,nominal,2.0NRT,284.89,0.54,N
12.07241,79.15073,306.96,0.39,0.36,2026-09-01,2023,N,nominal,2.0NRT,290.91,1.83,N
15.33235,76.28368,306.58,0.53,0.42,2026-09-01,2023,N,nominal,2.0NRT,286.1,1.69,N
11.80976,77.92097,306.97,0.41,0.37,2026-09-01,2023,N,nominal,2.0NRT,292.26,2.29,N
15.18782,76.65921,310.47,0.51,0.41,2026-09-01,2023,N,nominal,2.0NRT,285.67,2.82,N
11.81017,77.92106,307.2,0.41,0.37,2026-09-01,2023,N,nominal,2.0NRT,292.19,2.41,N
15.18272,76.66805,312.13,0.5,0.41,2026-09-01,2023,N,nominal,2.0NRT,282.34,3.48,N
11.2683,80.00274,312.46,0.38,0.36,2026-09-01,2023,N,nominal,2.0NRT,292.83,2.74,N
15.18291,76.63927,319.2,0.51,0.41,2026-09-01,2023,N,nominal,2.0NRT,285.55,2.14,N
11.592,77.27362,325.47,0.43,0.38,2026-09-01,2023,N,nominal,2.0NRT,290.18,2.54,N
15.17715,76.65287,304.64,0.51,0.41,2026-09-01,2023,N,nominal,2.0NRT,285,2.24,N
11.59257,77.26982,304.87,0.43,0.38,2026-09-01,2023,N,nominal,2.0NRT,287.86,1.3,N
15.17649,76.65758,318.85,0.51,0.41,2026-09-01,2023,N,nominal,2.0NRT,285.28,2.24,N
11.58795,77.27676,328.51,0.43,0.38,2026-09-01,2023,N,nominal,2.0NRT,290.39,2.54,N
15.00385,77.61399,301.52,0.45,0.39,2026-09-01,2023,N,nominal,2.0NRT,281.69,0.86,N
11.58907,77.26917,316.85,0.43,0.38,2026-09-01,2023,N,nominal,2.0NRT,288.53,1.3,N
15.17009,76.38125,302.75,0.52,0.42,2026-09-01,2023,N,nominal,2.0NRT,285.05,1.63,N
11.58561,77.26827,302.6,0.43,0.38,2026-09-01,2023,N,nominal,2.0NRT,289.36,0.71,N
11.58526,77.26942,302.45,0.43,0.38,2026-09-01,2023,N,nominal,2.0NRT,289.46,0.63,N
11.10827,79.43034,306.12,0.38,0.36,2026-09-01,2023,N,nominal,2.0NRT,291.65,1.26,N
11.43151,77.16531,308.64,0.44,0.38,2026-09-01,2023,N,nominal,2.0NRT,293.07,1.7,N
10.99333,79.23576,307.67,0.39,0.36,2026-09-01,2023,N,nominal,2.0NRT,291.5,2.35,N
10.99278,79.23927,318.53,0.39,0.36,2026-09-01,2023,N,nominal,2.0NRT,291.83,2.33,N
10.92252,78.51923,325.57,0.39,0.37,2026-09-01,2023,N,nominal,2.0NRT,293.57,1.96,N
10.94335,76.3877,303.97,0.47,0.4,2026-09-01,2023,N,nominal,2.0NRT,291.59,0.57,N
10.19173,77.64243,304.01,0.41,0.37,2026-09-01,2025,N,nominal,2.0NRT,291.74,0.42,N
9.58141,77.54852,311.48,0.41,0.37,2026-09-01,2025,N,nominal,2.0NRT,272.37,1.01,N
9.57284,77.53609,305.91,0.41,0.37,2026-09-01,2025,N,nominal,2.0NRT,268.13,1.24,N
9.5723,77.5396,299.71,0.41,0.37,2026-09-01,2025,N,nominal,2.0NRT,269.85,0.85,N
9.56999,77.5319,304.75,0.41,0.37,2026-09-01,2025,N,nominal,2.0NRT,267.28,1.35,N
9.56943,77.53551,308.38,0.41,0.37,2026-09-01,2025,N,nominal,2.0NRT,268.79,1.35,N
9.2637,77.50169,313.85,0.41,0.37,2026-09-01,2025,N,nominal,2.0NRT,293.16,1.36,N
8.53409,80.74403,308.51,0.4,0.37,2026-09-01,2025,N,nominal,2.0NRT,293.83,2.89,N
8.5307,80.74348,311.93,0.4,0.37,2026-09-01,2025,N,nominal,2.0NRT,293.43,2.89,N
8.49787,80.81718,311.65,0.41,0.37,2026-09-01,2025,N,nominal,2.0NRT,294.25,1.67,N
8.44806,80.39248,312.37,0.4,0.37,2026-09-01,2025,N,nominal,2.0NRT,282.87,0.65,N
8.6686,77.99117,299.21,0.39,0.37,2026-09-01,2025,N,nominal,2.0NRT,278.27,0.36,N
8.23957,80.5554,310.82,0.4,0.37,2026-09-01,2025,N,nominal,2.0NRT,293.97,1.7,N
8.07564,80.76885,312.96,0.41,0.37,2026-09-01,2025,N,nominal,2.0NRT,294.42,1.15,N
7.88871,81.18806,311.67,0.42,0.38,2026-09-01,2025,N,nominal,2.0NRT,294.17,1.97,N
7.43566,81.24219,311.68,0.43,0.38,2026-09-01,2025,N,nominal,2.0NRT,295.11,1.59,N
7.37958,81.18234,323.11,0.43,0.38,2026-09-01,2025,N,nominal,2.0NRT,295.83,1.63,N
7.37611,81.18176,312.1,0.43,0.38,2026-09-01,2025,N,nominal,2.0NRT,295.23,1.63,N
7.38553,80.94897,314,0.42,0.37,2026-09-01,2025,N,nominal,2.0NRT,297.33,3.28,N
7.24854,80.88733,313.49,0.42,0.37,2026-09-01,2025,N,nominal,2.0NRT,292.73,1.49,N
7.24225,80.88264,312.7,0.42,0.37,2026-09-01,2025,N,nominal,2.0NRT,292.79,1.3,N
7.21528,81.04633,308.04,0.42,0.38,2026-09-01,2025,N,nominal,2.0NRT,295.49,2.04,N
6.97389,81.591,329.61,0.45,0.39,2026-09-01,2025,N,nominal,2.0NRT,294.85,2.66,N
6.97323,81.59503,329.71,0.45,0.39,2026-09-01,2025,N,nominal,2.0NRT,294.57,2.66,N
6.97034,81.59041,322.48,0.45,0.39,2026-09-01,2025,N,nominal,2.0NRT,293.96,2.66,N
6.96968,81.59444,312.2,0.45,0.39,2026-09-01,2025,N,nominal,2.0NRT,293.54,2.66,N
39.86341,98.25443,302.07,0.63,0.54,2026-09-01,2017,N,nominal,2.0NRT,289.23,1.38,N
39.84174,98.27648,306.72,0.63,0.54,2026-09-01,2017,N,nominal,2.0NRT,287.96,1.27,N
7.0813,80.82124,312.46,0.42,0.37,2026-09-01,2025,N,nominal,2.0NRT,289.75,1.38,N
6.93451,81.20994,303.41,0.43,0.38,2026-09-01,2025,N,nominal,2.0NRT,292.42,0.33,N
6.85561,81.53905,317.94,0.44,0.39,2026-09-01,2025,N,nominal,2.0NRT,294.39,2.17,N
39.81039,98.29446,302.67,0.63,0.54,2026-09-01,2017,N,nominal,2.0NRT,292.08,3.73,N
6.95969,79.95614,310.87,0.39,0.37,2026-09-01,2025,N,nominal,2.0NRT,294.24,2.43,N
6.77437,81.00439,302.99,0.42,0.38,2026-09-01,2025,N,nominal,2.0NRT,289.38,1.11,N
6.77234,81.00491,304.33,0.42,0.38,2026-09-01,2025,N,nominal,2.0NRT,289.6,0.77,N
6.71948,81.22217,316.18,0.43,0.38,2026-09-01,2025,N,nominal,2.0NRT,294.52,2.15,N
6.57419,81.11971,306.48,0.43,0.38,2026-09-01,2025,N,nominal,2.0NRT,295.1,0.86,N
6.36316,80.74545,307.21,0.42,0.38,2026-09-01,2025,N,nominal,2.0NRT,293.57,0.88,N
37.34801,97.40966,301.6,0.33,0.55,2026-09-01,2017,N,nominal,2.0NRT,285.02,0.78,N
36.38081,94.95837,338.25,0.52,0.5,2026-09-01,2017,N,nominal,2.0NRT,285.97,8.04,N
36.38214,94.95275,297.27,0.52,0.5,2026-09-01,2017,N,nominal,2.0NRT,285.04,5.15,N
36.38047,94.95726,350.53,0.52,0.5,2026-09-01,2017,N,nominal,2.0NRT,286.92,12.33,N
35.99104,94.83133,295.22,0.52,0.5,2026-09-01,2017,N,nominal,2.0NRT,282.25,0.99,N
37.30261,77.7204,304.82,0.54,0.51,2026-09-01,2019,N,nominal,2.0NRT,284,1.98,N
39.85488,66.19929,298.38,0.46,0.39,2026-09-01,2157,N,nominal,2.0NRT,288.26,0.75,N
39.18309,65.31409,317.4,0.44,0.38,2026-09-01,2157,N,nominal,2.0NRT,286.45,1.53,N
39.24931,63.21338,314.61,0.39,0.36,2026-09-01,2157,N,nominal,2.0NRT,288.27,1.58,N
39.24958,63.17109,300.45,0.39,0.36,2026-09-01,2157,N,nominal,2.0NRT,287.71,0.43,N
38.77691,65.63379,330.38,0.46,0.39,2026-09-01,2157,N,nominal,2.0NRT,287.21,2.97,N
39.16051,63.46741,305.43,0.4,0.37,2026-09-01,2157,N,nominal,2.0NRT,287.47,0.61,N
39.15718,63.46647,298.47,0.4,0.37,2026-09-01,2157,N,nominal,2.0NRT,286.42,0.53,N
38.68027,65.95328,304.49,0.47,0.4,2026-09-01,2157,N,nominal,2.0NRT,287.96,1,N
39.17338,63.27211,304.41,0.39,0.36,2026-09-01,2157,N,nominal,2.0NRT,287.63,0.91,N
39.17105,63.2856,302.36,0.39,0.36,2026-09-01,2157,N,nominal,2.0NRT,287.5,0.85,N
39.17856,63.22171,304.5,0.39,0.36,2026-09-01,2157,N,nominal,2.0NRT,287.6,0.58,N
39.17007,63.27117,298.5,0.39,0.36,2026-09-01,2157,N,nominal,2.0NRT,286.91,0.65,N
39.16908,63.25674,310.74,0.39,0.36,2026-09-01,2157,N,nominal,2.0NRT,288.17,1.38,N
39.16798,63.25425,308.62,0.39,0.36,2026-09-01,2157,N,nominal,2.0NRT,286.68,0.92,N
39.16721,63.25876,298.18,0.39,0.36,2026-09-01,2157,N,nominal,2.0NRT,287.08,0.92,N
39.15723,63.31733,301.99,0.39,0.37,2026-09-01,2157,N,nominal,2.0NRT,286.51,1.21,N
39.16313,63.26233,309.37,0.39,0.36,2026-09-01,2157,N,nominal,2.0NRT,287.05,0.85,N
39.12949,63.41843,306.78,0.4,0.37,2026-09-01,2157,N,nominal,2.0NRT,284.62,0.88,N
39.12741,63.30889,309.97,0.39,0.37,2026-09-01,2157,N,nominal,2.0NRT,288.36,0.7,N
39.11615,63.33408,302.65,0.39,0.37,2026-09-01,2157,N,nominal,2.0NRT,284.29,0.87,N
39.09494,63.43708,300.76,0.4,0.37,2026-09-01,2157,N,nominal,2.0NRT,287.84,0.43,N
39.05787,63.55029,300.21,0.4,0.37,2026-09-01,2157,N,nominal,2.0NRT,288.1,0.43,N
39.01661,63.70608,299.76,0.4,0.37,2026-09-01,2157,N,nominal,2.0NRT,287.46,0.54,N
38.55938,65.95141,299.21,0.47,0.4,2026-09-01,2157,N,nominal,2.0NRT,288.77,0.87,N
38.55223,65.94905,300.79,0.47,0.4,2026-09-01,2157,N,nominal,2.0NRT,288.89,1.11,N
38.9548,63.75342,303.09,0.4,0.37,2026-09-01,2157,N,nominal,2.0NRT,287.43,0.83,N
38.9766,63.46772,296.69,0.4,0.37,2026-09-01,2157,N,nominal,2.0NRT,284.88,0.38,N
38.91755,63.80538,301.1,0.4,0.37,2026-09-01,2157,N,nominal,2.0NRT,286.94,0.77,N
38.90913,63.79329,300.2,0.4,0.37,2026-09-01,2157,N,nominal,2.0NRT,287.07,0.49,N
38.87812,63.76985,301.63,0.4,0.37,2026-09-01,2157,N,nominal,2.0NRT,286.86,0.36,N
38.87324,63.79739,304.64,0.4,0.37,2026-09-01,2157,N,nominal,2.0NRT,287.62,0.57,N
38.8409,63.87999,298.92,0.41,0.37,2026-09-01,2157,N,nominal,2.0NRT,287.93,0.23,N
38.84132,63.87809,299.53,0.41,0.37,2026-09-01,2157,N,nominal,2.0NRT,287.89,0.59,N
38.83765,63.81888,309.38,0.4,0.37,2026-09-01,2157,N,nominal,2.0NRT,287.46,0.81,N
38.83511,63.8133,300.66,0.4,0.37,2026-09-01,2157,N,nominal,2.0NRT,287.82,0.81,N
38.45544,65.80456,299.64,0.47,0.4,2026-09-01,2157,N,nominal,2.0NRT,288.88,0.69,N
38.05041,67.26733,329.91,0.55,0.43,2026-09-01,2157,N,nominal,2.0NRT,292,3.78,N
38.65322,63.98098,303.6,0.41,0.37,2026-09-01,2157,N,nominal,2.0NRT,286.27,0.64,N
38.43087,64.19724,299.24,0.42,0.37,2026-09-01,2157,N,nominal,2.0NRT,286.8,0.64,N
38.20752,64.74007,304.75,0.43,0.38,2026-09-01,2157,N,nominal,2.0NRT,288.6,0.8,N
38.08755,64.87216,299.88,0.44,0.38,2026-09-01,2157,N,nominal,2.0NRT,287.95,0.75,N
38.05512,64.88846,315.38,0.44,0.38,2026-09-01,2157,N,nominal,2.0NRT,289.77,1.03,N
37.96744,65.00734,301.42,0.45,0.39,2026-09-01,2157,N,nominal,2.0NRT,287.99,0.6,N
37.90454,65.10488,299.99,0.45,0.39,2026-09-01,2157,N,nominal,2.0NRT,288.9,0.41,N
37.88894,65.08946,299.89,0.45,0.39,2026-09-01,2157,N,nominal,2.0NRT,289.22,1.04,N
37.80429,65.19022,300.53,0.45,0.39,2026-09-01,2157,N,nominal,2.0NRT,289.43,0.67,N
37.66507,65.28674,301.27,0.46,0.39,2026-09-01,2157,N,nominal,2.0NRT,289.25,0.6,N
37.95935,62.66567,300.81,0.39,0.36,2026-09-01,2157,N,nominal,2.0NRT,288.51,0.95,N
37.99103,61.88251,303.38,0.38,0.36,2026-09-01,2157,N,nominal,2.0NRT,287.87,0.91,N
37.9063,61.98466,296.79,0.39,0.36,2026-09-01,2157,N,nominal,2.0NRT,284.77,0.37,N
37.79825,62.55248,328.63,0.39,0.36,2026-09-01,2157,N,nominal,2.0NRT,290.86,2.22,N
37.88676,62.02031,309.37,0.39,0.36,2026-09-01,2157,N,nominal,2.0NRT,287.43,1.6,N
37.79057,62.53668,300.26,0.39,0.36,2026-09-01,2157,N,nominal,2.0NRT,287.51,0.63,N
37.78983,62.54107,304.95,0.39,0.36,2026-09-01,2157,N,nominal,2.0NRT,286.61,0.45,N
37.78727,62.53579,301.79,0.39,0.36,2026-09-01,2157,N,nominal,2.0NRT,287.15,0.89,N
37.78653,62.54018,300.14,0.39,0.36,2026-09-01,2157,N,nominal,2.0NRT,286.74,0.59,N
37.78544,62.52615,301.76,0.39,0.36,2026-09-01,2157,N,nominal,2.0NRT,287.04,0.48,N
37.8427,61.74925,299.17,0.38,0.36,2026-09-01,2157,N,nominal,2.0NRT,286.05,0.49,N
37.77817,62.10295,302.69,0.39,0.36,2026-09-01,2157,N,nominal,2.0NRT,288.24,0.83,N
37.84526,61.60571,308.72,0.38,0.36,2026-09-01,2157,N,nominal,2.0NRT,288.55,0.7,N
37.77644,62.03005,304.81,0.39,0.36,2026-09-01,2157,N,nominal,2.0NRT,286.72,0.68,N
37.74612,62.13082,297.79,0.39,0.36,2026-09-01,2157,N,nominal,2.0NRT,286.6,0.66,N
37.74282,62.12995,309.62,0.39,0.36,2026-09-01,2157,N,nominal,2.0NRT,287.51,0.66,N
37.74156,62.07526,302.4,0.39,0.36,2026-09-01,2157,N,nominal,2.0NRT,286.47,0.6,N
37.72811,62.0944,315.6,0.39,0.36,2026-09-01,2157,N,nominal,2.0NRT,288.85,1.39,N
37.72506,62.09567,305.45,0.39,0.36,2026-09-01,2157,N,nominal,2.0NRT,286.9,1.07,N
37.75087,61.85382,311.98,0.39,0.36,2026-09-01,2157,N,nominal,2.0NRT,286.47,1.36,N
37.79478,61.49588,314.33,0.38,0.36,2026-09-01,2157,N,nominal,2.0NRT,288.14,1.48,N
37.67103,62.23571,316.55,0.39,0.36,2026-09-01,2157,N,nominal,2.0NRT,287.44,1.58,N
37.6703,62.24007,305.06,0.39,0.36,2026-09-01,2157,N,nominal,2.0NRT,286.64,0.69,N
37.6597,62.24182,307.67,0.39,0.36,2026-09-01,2157,N,nominal,2.0NRT,287.31,1.56,N
37.65568,62.2453,302.78,0.39,0.36,2026-09-01,2157,N,nominal,2.0NRT,285.92,0.38,N
37.6491,62.24357,299.71,0.39,0.36,2026-09-01,2157,N,nominal,2.0NRT,285.42,0.25,N
37.6384,62.20443,317.3,0.39,0.36,2026-09-01,2157,N,nominal,2.0NRT,287.65,1.58,N
37.68467,61.88184,302.72,0.39,0.36,2026-09-01,2157,N,nominal,2.0NRT,286.46,0.71,N
37.62965,62.21576,298.35,0.39,0.36,2026-09-01,2157,N,nominal,2.0NRT,287.87,0.72,N
37.62708,62.21054,302.16,0.39,0.36,2026-09-01,2157,N,nominal,2.0NRT,287.98,0.72,N
37.62636,62.21489,306.92,0.39,0.36,2026-09-01,2157,N,nominal,2.0NRT,287.7,0.72,N
37.627,62.16969,316.03,0.39,0.36,2026-09-01,2157,N,nominal,2.0NRT,288.52,0.96,N
37.62432,62.12369,303.12,0.39,0.36,2026-09-01,2157,N,nominal,2.0NRT,287.42,0.69,N
37.62144,62.14106,317.68,0.39,0.36,2026-09-01,2157,N,nominal,2.0NRT,289.85,1.17,N
37.65671,61.90619,319.94,0.39,0.36,2026-09-01,2157,N,nominal,2.0NRT,288.81,1.13,N
37.61887,62.13586,304.74,0.39,0.36,2026-09-01,2157,N,nominal,2.0NRT,288.69,1.17,N
37.61815,62.14019,308.78,0.39,0.36,2026-09-01,2157,N,nominal,2.0NRT,288.42,1.17,N
37.65343,61.90534,302.47,0.39,0.36,2026-09-01,2157,N,nominal,2.0NRT,287.07,0.47,N
37.62845,61.95896,299.56,0.39,0.36,2026-09-01,2157,N,nominal,2.0NRT,287.84,0.58,N
38.19456,58.05072,304.06,0.44,0.39,2026-09-01,2157,N,nominal,2.0NRT,285.81,2.68,N
38.14959,58.39378,302.99,0.43,0.38,2026-09-01,2157,N,nominal,2.0NRT,290.37,1.33,N
37.62886,61.7249,302.11,0.38,0.36,2026-09-01,2157,N,nominal,2.0NRT,286.76,0.44,N
37.5596,62.08563,301.51,0.39,0.36,2026-09-01,2157,N,nominal,2.0NRT,285.71,0.95,N
38.08418,58.45543,301.03,0.43,0.38,2026-09-01,2157,N,nominal,2.0NRT,283.5,0.37,N
37.61014,61.60777,339.4,0.38,0.36,2026-09-01,2157,N,nominal,2.0NRT,294.72,6.79,N
37.8076,60.33234,307.94,0.39,0.36,2026-09-01,2157,N,nominal,2.0NRT,287.77,0.77,N
37.61568,61.57326,302.29,0.38,0.36,2026-09-01,2157,N,nominal,2.0NRT,286.61,0.63,N
37.61499,61.57758,314.3,0.38,0.36,2026-09-01,2157,N,nominal,2.0NRT,290.11,1.23,N
37.61291,61.59052,302.25,0.38,0.36,2026-09-01,2157,N,nominal,2.0NRT,288.01,0.55,N
37.55753,61.93159,299.92,0.39,0.36,2026-09-01,2157,N,nominal,2.0NRT,287.51,0.53,N
37.55682,61.93591,300.76,0.39,0.36,2026-09-01,2157,N,nominal,2.0NRT,287.32,0.53,N
37.61171,61.57674,298.12,0.38,0.36,2026-09-01,2157,N,nominal,2.0NRT,287.85,0.73,N
37.60842,61.5759,311.1,0.38,0.36,2026-09-01,2157,N,nominal,2.0NRT,287.69,0.73,N
37.60531,61.55267,320.02,0.38,0.36,2026-09-01,2157,N,nominal,2.0NRT,289.03,1.77,N
37.59736,61.55964,328.77,0.38,0.36,2026-09-01,2157,N,nominal,2.0NRT,290.21,2.41,N
37.59633,61.52547,302.08,0.38,0.36,2026-09-01,2157,N,nominal,2.0NRT,288.12,0.54,N
37.59011,61.56429,311.93,0.38,0.36,2026-09-01,2157,N,nominal,2.0NRT,288.41,0.65,N
37.59235,61.52895,331.28,0.38,0.36,2026-09-01,2157,N,nominal,2.0NRT,289.24,3.07,N
37.59097,61.53757,297.88,0.38,0.36,2026-09-01,2157,N,nominal,2.0NRT,287.51,0.55,N
37.58683,61.56345,301.41,0.38,0.36,2026-09-01,2157,N,nominal,2.0NRT,289.69,0.59,N
37.58025,61.56179,313.56,0.38,0.36,2026-09-01,2157,N,nominal,2.0NRT,288.59,0.82,N
37.50031,61.99096,299.05,0.39,0.36,2026-09-01,2157,N,nominal,2.0NRT,287.51,0.46,N
37.4803,62.00835,309.21,0.39,0.36,2026-09-01,2157,N,nominal,2.0NRT,288.49,0.79,N
37.51307,61.78712,321.35,0.39,0.36,2026-09-01,2157,N,nominal,2.0NRT,287.14,1.38,N
37.48199,61.9772,304.95,0.39,0.36,2026-09-01,2157,N,nominal,2.0NRT,287.76,0.62,N
37.42328,62.31039,328.86,0.39,0.36,2026-09-01,2157,N,nominal,2.0NRT,287.78,2.8,N
38.01456,58.35367,297.21,0.43,0.38,2026-09-01,2157,N,nominal,2.0NRT,286.5,0.31,N
37.49994,61.84671,315.29,0.39,0.36,2026-09-01,2157,N,nominal,2.0NRT,290.43,1.5,N
37.49594,61.85019,324.13,0.39,0.36,2026-09-01,2157,N,nominal,2.0NRT,290.96,1.5,N
37.49665,61.84586,313.33,0.39,0.36,2026-09-01,2157,N,nominal,2.0NRT,290.33,1.5,N
37.67015,60.72688,298.71,0.39,0.36,2026-09-01,2157,N,nominal,2.0NRT,286.82,0.42,N
37.44511,62.07596,298.78,0.39,0.36,2026-09-01,2157,N,nominal,2.0NRT,286.43,0.44,N
37.3947,62.31649,305.62,0.39,0.36,2026-09-01,2157,N,nominal,2.0NRT,288.33,0.87,N
37.94778,58.58905,307.07,0.42,0.38,2026-09-01,2157,N,nominal,2.0NRT,289.38,0.55,N
37.94058,58.56279,310.32,0.42,0.38,2026-09-01,2157,N,nominal,2.0NRT,289.72,1.17,N
37.62212,60.44233,301.29,0.39,0.36,2026-09-01,2157,N,nominal,2.0NRT,287.76,0.35,N
37.63393,60.34101,321.47,0.39,0.36,2026-09-01,2157,N,nominal,2.0NRT,290.08,1.92,N
37.61943,60.39193,306.23,0.39,0.36,2026-09-01,2157,N,nominal,2.0NRT,289.31,0.95,N
37.51378,61.05884,303.25,0.38,0.36,2026-09-01,2157,N,nominal,2.0NRT,289.06,0.66,N
37.51326,61.0184,297.22,0.38,0.36,2026-09-01,2157,N,nominal,2.0NRT,287.21,0.13,N
37.50997,61.01759,315.84,0.38,0.36,2026-09-01,2157,N,nominal,2.0NRT,289.3,0.91,N
37.50534,61.02541,306.57,0.38,0.36,2026-09-01,2157,N,nominal,2.0NRT,289.27,0.78,N
37.50205,61.0246,303.98,0.38,0.36,2026-09-01,2157,N,nominal,2.0NRT,288.43,1.05,N
37.40452,61.34237,310.23,0.38,0.36,2026-09-01,2157,N,nominal,2.0NRT,289.1,1.12,N
37.82726,58.38208,299.11,0.43,0.38,2026-09-01,2157,N,nominal,2.0NRT,287.85,0.9,N
37.34977,61.36444,306.53,0.38,0.36,2026-09-01,2157,N,nominal,2.0NRT,288.37,0.72,N
37.48718,60.45738,315.12,0.39,0.36,2026-09-01,2157,N,nominal,2.0NRT,286.64,1.57,N
37.34648,61.36362,313.89,0.38,0.36,2026-09-01,2157,N,nominal,2.0NRT,288.2,1.31,N
37.32928,61.08895,302.36,0.38,0.36,2026-09-01,2157,N,nominal,2.0NRT,288.91,0.64,N
37.32793,61.09755,314.92,0.38,0.36,2026-09-01,2157,N,nominal,2.0NRT,288.91,1.66,N
37.11844,62.36382,329.84,0.39,0.36,2026-09-01,2157,N,nominal,2.0NRT,291.07,6.25,N
37.11514,62.36295,306.13,0.39,0.36,2026-09-01,2157,N,nominal,2.0NRT,289.28,1.54,N
37.3573,60.46463,299.28,0.39,0.36,2026-09-01,2157,N,nominal,2.0NRT,286.86,0.96,N
37.03316,62.41869,330.18,0.39,0.36,2026-09-01,2157,N,nominal,2.0NRT,293.21,4.47,N
37.03391,62.41433,304.12,0.39,0.36,2026-09-01,2157,N,nominal,2.0NRT,289.64,1.21,N
37.18011,60.86611,309.78,0.38,0.36,2026-09-01,2157,N,nominal,2.0NRT,287.52,1.15,N
37.45406,57.6896,307.67,0.45,0.39,2026-09-01,2157,N,nominal,2.0NRT,290.6,0.64,N
37.33976,58.0481,299.75,0.43,0.38,2026-09-01,2157,N,nominal,2.0NRT,288.44,1.26,N
36.47837,61.62325,300.59,0.39,0.36,2026-09-01,2157,N,nominal,2.0NRT,289.31,2.18,N
36.43897,61.21692,305.54,0.38,0.36,2026-09-01,2157,N,nominal,2.0NRT,290.08,1.01,N
36.43829,61.22117,313.14,0.38,0.36,2026-09-01,2157,N,nominal,2.0NRT,290.66,1.01,N
36.4784,59.74483,301.05,0.39,0.36,2026-09-01,2157,N,nominal,2.0NRT,289.27,0.83,N
35.90921,62.96524,308.78,0.41,0.37,2026-09-01,2157,N,nominal,2.0NRT,290.35,0.85,N
36.27189,59.65198,308.03,0.39,0.36,2026-09-01,2157,N,nominal,2.0NRT,290.38,0.75,N
36.23782,59.73135,309.32,0.39,0.36,2026-09-01,2157,N,nominal,2.0NRT,288.74,1.2,N
36.2955,54.78608,303.85,0.39,0.44,2026-09-01,2159,N,nominal,2.0NRT,290.85,0.85,N
33.29609,71.18719,305.76,0.37,0.58,2026-09-01,2159,N,nominal,2.0NRT,289.63,0.6,N
35.51616,59.2014,297.21,0.4,0.37,2026-09-01,2159,N,nominal,2.0NRT,285.73,0.41,N
32.88779,71.6153,305.61,0.4,0.6,2026-09-01,2159,N,nominal,2.0NRT,289.73,1.85,N
35.36899,59.30412,311.28,0.39,0.36,2026-09-01,2159,N,nominal,2.0NRT,289.42,0.98,N
33.75318,59.14865,323.38,0.39,0.36,2026-09-01,2159,N,nominal,2.0NRT,288.15,1.2,N
27.30339,56.30478,324.03,0.41,0.37,2026-09-01,2201,N,nominal,2.0NRT,299.55,2.99,N
32.92297,60.23423,307.61,0.38,0.36,2026-09-01,2159,N,nominal,2.0NRT,291.17,1.35,N
32.63571,59.7586,299.03,0.38,0.36,2026-09-01,2159,N,nominal,2.0NRT,284.65,0.51,N
33.04222,56.85052,311.04,0.44,0.38,2026-09-01,2159,N,nominal,2.0NRT,298.44,2.7,N
32.33683,54.08708,304.26,0.57,0.43,2026-09-01,2159,N,nominal,2.0NRT,293.73,1.25,N
31.70537,55.44941,309.67,0.48,0.4,2026-09-01,2159,N,nominal,2.0NRT,298.87,2.45,N
31.43377,56.49327,301.75,0.44,0.38,2026-09-01,2159,N,nominal,2.0NRT,290.81,0.22,N
31.62402,54.74184,309.46,0.52,0.41,2026-09-01,2159,N,nominal,2.0NRT,295.68,1.32,N
31.62223,54.72467,311.25,0.52,0.41,2026-09-01,2159,N,nominal,2.0NRT,295.21,1.72,N
28.42366,69.70154,308.92,0.4,0.6,2026-09-01,2159,N,nominal,2.0NRT,294.27,1.44,N
30.75752,56.65799,305.24,0.42,0.38,2026-09-01,2159,N,nominal,2.0NRT,293.42,1.05,N
30.75407,56.65731,305.92,0.42,0.38,2026-09-01,2159,N,nominal,2.0NRT,292.57,1.05,N
30.66533,56.61957,311.96,0.42,0.38,2026-09-01,2159,N,nominal,2.0NRT,289.63,1.02,N
30.73495,55.38489,306.17,0.47,0.4,2026-09-01,2159,N,nominal,2.0NRT,292.21,0.69,N
30.36688,57.11335,300.37,0.41,0.37,2026-09-01,2159,N,nominal,2.0NRT,289.27,0.45,N
30.36882,56.12815,330.63,0.44,0.38,2026-09-01,2159,N,nominal,2.0NRT,293.64,2.89,N
30.23575,56.90801,323.24,0.41,0.37,2026-09-01,2159,N,nominal,2.0NRT,294.03,2.68,N
30.39062,55.77669,302.75,0.45,0.39,2026-09-01,2159,N,nominal,2.0NRT,292.59,0.63,N
30.37882,55.86558,308.71,0.45,0.39,2026-09-01,2159,N,nominal,2.0NRT,292.7,0.51,N
30.32654,56.22752,305.88,0.43,0.38,2026-09-01,2159,N,nominal,2.0NRT,291.91,0.8,N
30.32438,55.9749,311.11,0.44,0.39,2026-09-01,2159,N,nominal,2.0NRT,293.12,1.39,N
29.47715,60.80727,310.58,0.41,0.37,2026-09-01,2159,N,nominal,2.0NRT,293.06,0.98,N
29.95046,56.73458,303.05,0.42,0.37,2026-09-01,2159,N,nominal,2.0NRT,290.07,0.9,N
29.92934,56.73486,313.69,0.42,0.37,2026-09-01,2159,N,nominal,2.0NRT,292.45,1.76,N
29.92592,56.73421,306.63,0.42,0.37,2026-09-01,2159,N,nominal,2.0NRT,290.04,1.25,N
30.08425,55.3981,303.73,0.47,0.39,2026-09-01,2159,N,nominal,2.0NRT,291.65,1.2,N
30.08063,55.39745,303.51,0.47,0.39,2026-09-01,2159,N,nominal,2.0NRT,291.32,1.2,N
29.99227,55.85289,326.75,0.45,0.39,2026-09-01,2201,N,nominal,2.0NRT,292.28,3.47,N
30.00214,55.19785,301.69,0.47,0.4,2026-09-01,2201,N,nominal,2.0NRT,291.11,0.86,N
29.99484,55.19662,300.84,0.47,0.4,2026-09-01,2201,N,nominal,2.0NRT,290.76,0.7,N
29.12712,58.27447,314.12,0.39,0.36,2026-09-01,2201,N,nominal,2.0NRT,294.52,1.1,N
28.91236,58.71771,308.75,0.38,0.36,2026-09-01,2201,N,nominal,2.0NRT,295.67,1.2,N
29.15227,55.36795,311.9,0.46,0.39,2026-09-01,2201,N,nominal,2.0NRT,293.67,0.58,N
29.1739,54.61475,305.99,0.49,0.41,2026-09-01,2201,N,nominal,2.0NRT,293.19,1.13,N
29.1726,54.6183,311.16,0.49,0.41,2026-09-01,2201,N,nominal,2.0NRT,294.49,0.96,N
28.54075,57.76588,320.86,0.39,0.36,2026-09-01,2201,N,nominal,2.0NRT,296.59,1.82,N
27.96967,57.7181,315.06,0.39,0.36,2026-09-01,2201,N,nominal,2.0NRT,299.02,0.69,N
27.22971,60.4918,312.68,0.41,0.37,2026-09-01,2201,N,nominal,2.0NRT,301.5,2.52,N
25.38806,68.58345,316.75,0.4,0.6,2026-09-01,2201,N,nominal,2.0NRT,291.12,1.13,N
27.45122,57.2271,323.64,0.39,0.36,2026-09-01,2201,N,nominal,2.0NRT,299.44,1.03,N
27.42151,56.50083,323.55,0.41,0.37,2026-09-01,2201,N,nominal,2.0NRT,300.05,2.18,N
27.17813,56.05818,311.33,0.42,0.37,2026-09-01,2201,N,nominal,2.0NRT,300.08,2.89,N
27.1694,56.09515,313.93,0.41,0.37,2026-09-01,2201,N,nominal,2.0NRT,300.19,2.15,N
27.16881,56.09932,316.97,0.41,0.37,2026-09-01,2201,N,nominal,2.0NRT,300.83,2.15,N
27.17126,56.05694,333.55,0.42,0.37,2026-09-01,2201,N,nominal,2.0NRT,301.31,3.7,N
27.17185,56.05277,318.93,0.42,0.37,2026-09-01,2201,N,nominal,2.0NRT,300.01,3.7,N
27.16842,56.05216,339.05,0.42,0.37,2026-09-01,2201,N,nominal,2.0NRT,301.21,3.7,N
27.16783,56.05634,319,0.42,0.37,2026-09-01,2201,N,nominal,2.0NRT,299.46,3.7,N
27.16195,56.09808,309.38,0.41,0.37,2026-09-01,2201,N,nominal,2.0NRT,299.15,3.79,N
27.16136,56.10226,313.85,0.41,0.37,2026-09-01,2201,N,nominal,2.0NRT,299.06,2.74,N
26.95791,55.54511,316.16,0.43,0.38,2026-09-01,2201,N,nominal,2.0NRT,301.79,1.28,N
25.97439,56.06997,326.03,0.41,0.37,2026-09-01,2201,N,nominal,2.0NRT,304.9,2.33,N
25.96759,56.06876,314.27,0.41,0.37,2026-09-01,2201,N,nominal,2.0NRT,303.78,1.33,N
23.43164,68.71332,303.25,0.45,0.63,2026-09-01,2201,N,nominal,2.0NRT,289.63,0.77,N
25.57131,55.9876,317.37,0.41,0.37,2026-09-01,2201,N,nominal,2.0NRT,303.17,1.29,N
25.30925,56.37186,310.63,0.4,0.37,2026-09-01,2201,N,nominal,2.0NRT,299.03,2.51,N
25.06437,55.11939,315.6,0.43,0.38,2026-09-01,2201,N,nominal,2.0NRT,303.44,1.53,N
24.99242,55.62716,312.62,0.41,0.37,2026-09-01,2201,N,nominal,2.0NRT,300.96,1.44,N
24.98899,55.62656,329.63,0.41,0.37,2026-09-01,2201,N,nominal,2.0NRT,301.92,1.44,N
24.50627,56.60827,345.62,0.39,0.36,2026-09-01,2201,N,nominal,2.0NRT,302.69,6.78,N
24.50352,56.60383,321.02,0.39,0.36,2026-09-01,2201,N,nominal,2.0NRT,302.73,2.11,N
24.50526,56.59232,311.98,0.39,0.36,2026-09-01,2201,N,nominal,2.0NRT,300.83,0.99,N
24.50294,56.60767,313.17,0.39,0.36,2026-09-01,2201,N,nominal,2.0NRT,300.54,1.28,N
24.47257,56.63386,316.28,0.39,0.36,2026-09-01,2201,N,nominal,2.0NRT,300.83,1.09,N
24.46807,56.64091,313.36,0.39,0.36,2026-09-01,2201,N,nominal,2.0NRT,300.71,1.09,N
24.45426,56.5518,319.29,0.39,0.36,2026-09-01,2201,N,nominal,2.0NRT,300.26,1.77,N
24.32759,54.47129,316.6,0.45,0.39,2026-09-01,2201,N,nominal,2.0NRT,303.44,1.5,N
24.32403,54.47071,317.35,0.45,0.39,2026-09-01,2201,N,nominal,2.0NRT,304.49,1.5,N
23.55375,58.20119,318,0.39,0.36,2026-09-01,2201,N,nominal,2.0NRT,301.73,1.09,N
23.48575,58.28172,312.7,0.39,0.36,2026-09-01,2201,N,nominal,2.0NRT,302.07,1.07,N
23.0407,57.32356,322.3,0.38,0.36,2026-09-01,2201,N,nominal,2.0NRT,300.83,1.67,N
23.1939,55.45913,317.31,0.41,0.37,2026-09-01,2201,N,nominal,2.0NRT,301.63,2.45,N
23.19051,55.45854,335.38,0.41,0.37,2026-09-01,2201,N,nominal,2.0NRT,302.96,2.45,N
23.15374,55.44816,313.72,0.41,0.37,2026-09-01,2201,N,nominal,2.0NRT,301.36,1.07,N
23.31415,54.17956,323.94,0.45,0.39,2026-09-01,2201,N,nominal,2.0NRT,301.55,2.45,N
23.31227,54.1768,335.35,0.45,0.39,2026-09-01,2201,N,nominal,2.0NRT,303.05,6.9,N
22.8742,55.61214,310.5,0.4,0.37,2026-09-01,2201,N,nominal,2.0NRT,299.39,0.61,N
22.87362,55.61603,317.83,0.4,0.37,2026-09-01,2201,N,nominal,2.0NRT,299.15,0.61,N
22.78194,55.81431,311.2,0.4,0.37,2026-09-01,2201,N,nominal,2.0NRT,300.86,0.94,N
22.67336,56.24855,312.97,0.39,0.36,2026-09-01,2201,N,nominal,2.0NRT,301.18,0.51,N
22.40561,56.98738,330.16,0.38,0.36,2026-09-01,2201,N,nominal,2.0NRT,299.15,1.45,N
22.40502,56.99109,313.14,0.38,0.36,2026-09-01,2201,N,nominal,2.0NRT,298.1,1.45,N
22.32799,56.48961,341.54,0.39,0.36,2026-09-01,2201,N,nominal,2.0NRT,300.49,4.46,N
22.61192,54.06113,311.51,0.45,0.39,2026-09-01,2201,N,nominal,2.0NRT,299.68,0.7,N
22.60717,54.06919,314.63,0.45,0.39,2026-09-01,2201,N,nominal,2.0NRT,301.24,2.32,N
22.52431,54.04908,315.35,0.45,0.39,2026-09-01,2201,N,nominal,2.0NRT,301.25,1.41,N
21.93827,57.07176,324.9,0.38,0.36,2026-09-01,2203,N,nominal,2.0NRT,295.81,2.71,N
21.93769,57.07545,328.16,0.38,0.36,2026-09-01,2203,N,nominal,2.0NRT,295.64,2.71,N
22.01231,56.43084,313.54,0.39,0.36,2026-09-01,2203,N,nominal,2.0NRT,297.87,0.55,N
21.89268,56.84741,324.9,0.38,0.36,2026-09-01,2203,N,nominal,2.0NRT,296.49,4.15,N
21.83393,56.68136,330.24,0.38,0.36,2026-09-01,2203,N,nominal,2.0NRT,297.55,2.04,N
21.321,57.72424,308.58,0.39,0.36,2026-09-01,2203,N,nominal,2.0NRT,291.66,0.7,N
21.31462,57.7423,325.9,0.39,0.36,2026-09-01,2203,N,nominal,2.0NRT,294.98,2.74,N
21.31068,57.74541,318.83,0.39,0.36,2026-09-01,2203,N,nominal,2.0NRT,292.61,3.1,N
21.33299,56.69944,335.77,0.38,0.36,2026-09-01,2203,N,nominal,2.0NRT,304.7,6.69,N
21.40983,55.745,312.41,0.39,0.36,2026-09-01,2203,N,nominal,2.0NRT,300.88,0.79,N
20.9891,56.77499,306.83,0.38,0.36,2026-09-01,2203,N,nominal,2.0NRT,296.66,0.42,N
20.56049,56.42114,310.2,0.38,0.36,2026-09-01,2203,N,nominal,2.0NRT,296.73,0.62,N
20.37569,55.93317,330.95,0.39,0.36,2026-09-01,2203,N,nominal,2.0NRT,299.61,3.3,N
20.37513,55.93686,324.85,0.39,0.36,2026-09-01,2203,N,nominal,2.0NRT,297.97,1.89,N
20.38786,55.66164,335.44,0.39,0.36,2026-09-01,2203,N,nominal,2.0NRT,298.6,3.31,N
20.38682,55.6462,327.15,0.39,0.36,2026-09-01,2203,N,nominal,2.0NRT,298.77,1.79,N
20.21356,55.7121,326.51,0.39,0.36,2026-09-01,2203,N,nominal,2.0NRT,297.77,1.65,N
19.34858,56.45878,305.74,0.38,0.36,2026-09-01,2203,N,nominal,2.0NRT,295.53,0.45,N
19.34139,56.46125,308.88,0.38,0.36,2026-09-01,2203,N,nominal,2.0NRT,296.07,0.76,N
19.26795,56.17522,312.83,0.38,0.36,2026-09-01,2203,N,nominal,2.0NRT,295.19,0.71,N
18.69225,55.50241,333.98,0.39,0.36,2026-09-01,2203,N,nominal,2.0NRT,296.39,4.12,N
18.68911,55.5062,313.76,0.39,0.36,2026-09-01,2203,N,nominal,2.0NRT,295.26,1.27,N
18.32042,55.10257,335.58,0.39,0.36,2026-09-01,2203,N,nominal,2.0NRT,300.35,3.23,N
18.01212,54.57386,332.95,0.4,0.37,2026-09-01,2203,N,nominal,2.0NRT,299.68,7.5,N
26.5759,101.67017,325.53,0.34,0.56,2026-09-02,0553,N,low,2.0NRT,299.9,6.18,D
26.57501,101.66618,346.98,0.34,0.56,2026-09-02,0553,N,nominal,2.0NRT,302.22,6.18,D
26.57682,101.66624,348.68,0.34,0.56,2026-09-02,0553,N,nominal,2.0NRT,301.05,6.1,D
26.62076,101.5996,330.34,0.34,0.56,2026-09-02,0553,N,nominal,2.0NRT,296.88,3.44,D
36.49889,101.8202,339.9,0.41,0.45,2026-09-02,0555,N,nominal,2.0NRT,305.56,7.61,D
36.50069,101.81649,338.44,0.41,0.45,2026-09-02,0555,N,nominal,2.0NRT,307.31,6.5,D
36.65166,101.41557,330.2,0.42,0.46,2026-09-02,0555,N,nominal,2.0NRT,297.79,3.02,D
36.70461,101.43781,341.23,0.42,0.45,2026-09-02,0555,N,nominal,2.0NRT,300.36,4.73,D
36.82926,101.54285,330.59,0.42,0.45,2026-09-02,0555,N,nominal,2.0NRT,298.55,2.34,D
39.62786,98.55564,332.7,0.51,0.49,2026-09-02,0557,N,low,2.0NRT,306.18,14.4,D
5.9461,101.24113,347.78,0.44,0.63,2026-09-02,0729,N,nominal,2.0NRT,290.02,48.37,D
5.94559,101.23739,347.29,0.44,0.63,2026-09-02,0729,N,nominal,2.0NRT,294.6,48.37,D
7.88579,100.07948,348.51,0.39,0.6,2026-09-02,0731,N,nominal,2.0NRT,287.21,8.93,D
6.15852,80.93163,340.74,0.42,0.61,2026-09-02,0731,N,nominal,2.0NRT,292.94,4.42,D
6.18732,80.72151,330.17,0.43,0.62,2026-09-02,0729,N,nominal,2.0NRT,290.31,1.55,D
6.26317,81.08282,332.7,0.4,0.6,2026-09-02,0729,N,nominal,2.0NRT,294.58,1.77,D
6.29037,80.85827,335.56,0.42,0.61,2026-09-02,0729,N,nominal,2.0NRT,295.14,5.02,D
6.45157,81.09538,331.57,0.4,0.6,2026-09-02,0729,N,nominal,2.0NRT,292.73,3.54,D
6.55132,81.14516,332,0.4,0.6,2026-09-02,0729,N,nominal,2.0NRT,297.91,1.69,D
6.56966,81.1199,335.08,0.4,0.6,2026-09-02,0729,N,nominal,2.0NRT,299.08,3.48,D
6.59253,80.92814,335.25,0.41,0.61,2026-09-02,0729,N,nominal,2.0NRT,297.81,4.39,D
6.69094,81.32561,332.43,0.38,0.59,2026-09-02,0729,N,nominal,2.0NRT,299.29,3.63,D
6.74808,81.52004,330.74,0.37,0.58,2026-09-02,0729,N,nominal,2.0NRT,300.2,3.27,D
6.7207,81.24134,335.85,0.39,0.59,2026-09-02,0729,N,nominal,2.0NRT,298.04,2.3,D
6.79481,81.59746,331.5,0.36,0.58,2026-09-02,0729,N,low,2.0NRT,302.94,2.88,D
6.80072,81.59989,353.05,0.36,0.58,2026-09-02,0729,N,nominal,2.0NRT,303.49,2.88,D
6.80013,81.59657,332.93,0.36,0.58,2026-09-02,0729,N,nominal,2.0NRT,302.59,2.88,D
6.85732,81.46571,335.27,0.37,0.58,2026-09-02,0729,N,nominal,2.0NRT,299.73,3.86,D
6.86213,81.46165,340.55,0.37,0.58,2026-09-02,0729,N,nominal,2.0NRT,298.78,3.86,D
7.01405,81.62167,333.68,0.36,0.57,2026-09-02,0729,N,nominal,2.0NRT,299.88,6.13,D
7.0117,81.60833,345.12,0.36,0.57,2026-09-02,0729,N,nominal,2.0NRT,302.21,5.27,D
7.06316,81.80867,331.94,0.35,0.57,2026-09-02,0729,N,nominal,2.0NRT,297.59,3.02,D
7.05835,81.59419,338.1,0.36,0.57,2026-09-02,0729,N,nominal,2.0NRT,299.05,3.42,D
7.09954,81.70715,349.97,0.35,0.57,2026-09-02,0729,N,nominal,2.0NRT,297.84,6.61,D
7.05682,81.45827,330.89,0.37,0.58,2026-09-02,0729,N,nominal,2.0NRT,297.05,4.42,D
7.0563,81.45523,351.52,0.37,0.58,2026-09-02,0729,N,nominal,2.0NRT,297.06,4.42,D
7.09891,81.70583,367,0.35,0.57,2026-09-02,0729,N,high,2.0NRT,297.65,3.48,D
7.05386,81.45487,346.6,0.37,0.58,2026-09-02,0729,N,nominal,2.0NRT,297.38,4.91,D
7.05969,81.45664,351.02,0.37,0.58,2026-09-02,0729,N,nominal,2.0NRT,298.1,7.77,D
7.11475,81.67311,337.01,0.36,0.57,2026-09-02,0729,N,nominal,2.0NRT,299.55,3.78,D
7.17839,81.81988,330.11,0.35,0.57,2026-09-02,0729,N,nominal,2.0NRT,299.41,2.86,D
7.21071,81.82072,344.85,0.35,0.56,2026-09-02,0729,N,nominal,2.0NRT,300.9,4.08,D
7.21062,81.82043,345.56,0.35,0.56,2026-09-02,0729,N,nominal,2.0NRT,300.66,3.53,D
7.25519,81.708,342.33,0.35,0.57,2026-09-02,0729,N,nominal,2.0NRT,299.97,7.73,D
7.2765,81.73724,330.59,0.35,0.57,2026-09-02,0729,N,nominal,2.0NRT,296.67,1.36,D
7.29333,81.80293,330,0.35,0.56,2026-09-02,0729,N,nominal,2.0NRT,298.71,1.98,D
7.30922,81.77083,367,0.35,0.57,2026-09-02,0729,N,high,2.0NRT,300.63,9.2,D
7.30948,81.76926,367,0.35,0.57,2026-09-02,0729,N,high,2.0NRT,300.2,4.54,D
7.32084,81.83221,332.08,0.34,0.56,2026-09-02,0729,N,nominal,2.0NRT,298.75,1.16,D
7.31005,81.77242,333.94,0.35,0.57,2026-09-02,0729,N,nominal,2.0NRT,299.4,4.54,D
7.34386,81.72089,335.09,0.35,0.57,2026-09-02,0729,N,nominal,2.0NRT,299.2,2.01,D
7.37055,81.71949,342.46,0.35,0.57,2026-09-02,0729,N,nominal,2.0NRT,299.49,3.16,D
7.25258,80.891,351.23,0.4,0.6,2026-09-02,0729,N,nominal,2.0NRT,297.9,6.92,D
7.33055,81.24025,337.45,0.38,0.59,2026-09-02,0729,N,nominal,2.0NRT,300.03,5.25,D
7.33598,81.23946,345.38,0.38,0.59,2026-09-02,0729,N,nominal,2.0NRT,299.85,6.2,D
7.33164,81.2386,367,0.38,0.59,2026-09-02,0729,N,high,2.0NRT,302.17,7.56,D
7.33735,81.20861,333.25,0.38,0.59,2026-09-02,0729,N,low,2.0NRT,305.63,4.7,D
7.34089,81.19734,344.8,0.38,0.59,2026-09-02,0729,N,nominal,2.0NRT,304.02,4.46,D
7.33017,81.13794,330.77,0.38,0.59,2026-09-02,0729,N,low,2.0NRT,303.45,2.69,D
7.37772,81.37109,345.05,0.37,0.58,2026-09-02,0729,N,nominal,2.0NRT,300.29,4.19,D
7.35963,81.1146,331.95,0.38,0.59,2026-09-02,0729,N,low,2.0NRT,302.31,2.52,D
7.47632,81.74171,331.6,0.35,0.57,2026-09-02,0729,N,nominal,2.0NRT,299.83,2.49,D
7.33388,80.93858,337.02,0.4,0.6,2026-09-02,0729,N,nominal,2.0NRT,299.41,6.69,D
7.37863,81.15845,337.06,0.38,0.59,2026-09-02,0729,N,nominal,2.0NRT,301.45,3.32,D
7.39372,81.18061,330.66,0.38,0.59,2026-09-02,0729,N,low,2.0NRT,303.02,1.87,D
7.38031,81.00896,335.97,0.39,0.59,2026-09-02,0729,N,nominal,2.0NRT,301.73,4.13,D
7.4081,81.06524,330.17,0.39,0.59,2026-09-02,0729,N,low,2.0NRT,301.43,2.34,D
7.55483,81.72664,332.58,0.35,0.56,2026-09-02,0729,N,nominal,2.0NRT,300.23,2.19,D
7.4839,81.20641,348.72,0.38,0.59,2026-09-02,0729,N,nominal,2.0NRT,300.93,4.16,D
7.47581,80.9069,343.34,0.4,0.6,2026-09-02,0729,N,nominal,2.0NRT,298.42,5.28,D
7.55034,81.30028,339.76,0.37,0.58,2026-09-02,0729,N,nominal,2.0NRT,297.4,10.62,D
7.5465,81.29754,367,0.37,0.58,2026-09-02,0729,N,high,2.0NRT,299.5,10.43,D
7.5525,81.30016,333.64,0.37,0.58,2026-09-02,0729,N,nominal,2.0NRT,297.08,12.95,D
7.48,80.90331,337.82,0.4,0.6,2026-09-02,0729,N,nominal,2.0NRT,297.76,9.56,D
7.6996,81.24136,331.83,0.37,0.58,2026-09-02,0729,N,low,2.0NRT,302.61,4.47,D
7.69899,81.23794,339.41,0.37,0.58,2026-09-02,0729,N,nominal,2.0NRT,301.87,4.47,D
7.71905,80.52895,336.52,0.42,0.61,2026-09-02,0729,N,nominal,2.0NRT,292.6,4.94,D
7.90335,81.47719,353.32,0.36,0.57,2026-09-02,0729,N,nominal,2.0NRT,302.94,3.85,D
7.90861,81.47627,344.69,0.36,0.57,2026-09-02,0729,N,nominal,2.0NRT,302.12,3.85,D
7.9084,81.47823,337.97,0.36,0.57,2026-09-02,0729,N,nominal,2.0NRT,301.8,7.3,D
7.90781,81.475,345.59,0.36,0.57,2026-09-02,0729,N,nominal,2.0NRT,301.76,5.98,D
7.8105,80.81985,331.91,0.4,0.6,2026-09-02,0729,N,nominal,2.0NRT,296.79,4.91,D
7.93935,81.31718,348.87,0.36,0.58,2026-09-02,0729,N,nominal,2.0NRT,299.61,10.06,D
7.94348,81.30961,331.33,0.36,0.58,2026-09-02,0729,N,nominal,2.0NRT,300.85,7.38,D
7.94051,81.29297,341.44,0.37,0.58,2026-09-02,0729,N,nominal,2.0NRT,299.64,2.97,D
7.86967,80.6083,367,0.41,0.61,2026-09-02,0729,N,high,2.0NRT,297.28,10.48,D
7.87323,80.60886,356.53,0.41,0.6,2026-09-02,0729,N,nominal,2.0NRT,296.09,6.15,D
7.87255,80.60516,331.94,0.41,0.6,2026-09-02,0729,N,nominal,2.0NRT,296.04,6.15,D
7.89672,80.64297,346.26,0.41,0.6,2026-09-02,0729,N,nominal,2.0NRT,296.87,6.12,D
7.9031,80.61494,333.33,0.41,0.6,2026-09-02,0729,N,nominal,2.0NRT,296.18,6.45,D
8.1841,81.33057,330.49,0.36,0.57,2026-09-02,0729,N,nominal,2.0NRT,299.63,3.51,D
8.09333,80.78801,334.83,0.39,0.6,2026-09-02,0729,N,nominal,2.0NRT,296.52,3.14,D
8.08167,80.59393,343.59,0.41,0.6,2026-09-02,0729,N,nominal,2.0NRT,296.46,4.24,D
8.07954,80.59356,347.93,0.41,0.6,2026-09-02,0729,N,nominal,2.0NRT,297.24,4.34,D
8.16905,80.58099,334.55,0.41,0.6,2026-09-02,0729,N,nominal,2.0NRT,294.71,3.37,D
8.16788,80.58058,333.46,0.4,0.6,2026-09-02,0729,N,nominal,2.0NRT,294.82,5,D
8.28928,81.02506,346.97,0.38,0.58,2026-09-02,0729,N,nominal,2.0NRT,297.62,3.87,D
8.34616,81.03253,332.66,0.38,0.58,2026-09-02,0729,N,nominal,2.0NRT,297.25,2.38,D
8.35486,80.79696,332.79,0.39,0.59,2026-09-02,0729,N,nominal,2.0NRT,298.19,5.46,D
8.36511,80.79137,339.09,0.39,0.59,2026-09-02,0729,N,nominal,2.0NRT,296.26,4.83,D
8.3484,80.66866,367,0.4,0.6,2026-09-02,0729,N,high,2.0NRT,296.76,10.6,D
8.37057,80.79036,340.53,0.39,0.59,2026-09-02,0729,N,nominal,2.0NRT,296.31,3.42,D
8.38184,80.82143,333.79,0.39,0.59,2026-09-02,0729,N,nominal,2.0NRT,297.03,3.93,D
8.38728,80.82038,367,0.39,0.59,2026-09-02,0729,N,high,2.0NRT,298.53,10.5,D
8.46852,81.11768,354.33,0.37,0.58,2026-09-02,0729,N,nominal,2.0NRT,297.23,6.59,D
8.43729,80.78544,346.61,0.39,0.59,2026-09-02,0729,N,nominal,2.0NRT,296.67,7.09,D
8.38229,80.47581,349.91,0.41,0.61,2026-09-02,0729,N,nominal,2.0NRT,294.48,7.16,D
8.38162,80.47205,348.29,0.41,0.61,2026-09-02,0729,N,nominal,2.0NRT,294.79,7.16,D
8.38044,80.47367,367,0.41,0.6,2026-09-02,0729,N,high,2.0NRT,295.7,15.26,D
8.43836,80.78616,346.04,0.39,0.59,2026-09-02,0729,N,nominal,2.0NRT,296.53,5.6,D
8.44558,80.73347,367,0.39,0.59,2026-09-02,0729,N,high,2.0NRT,294.79,9.66,D
8.43109,80.65472,337.46,0.4,0.6,2026-09-02,0729,N,nominal,2.0NRT,296.5,4.76,D
8.41492,80.56696,346.91,0.4,0.6,2026-09-02,0729,N,nominal,2.0NRT,292.68,4.19,D
8.47463,80.83051,367,0.38,0.59,2026-09-02,0729,N,high,2.0NRT,298.18,9.47,D
8.47527,80.83401,335.16,0.38,0.59,2026-09-02,0729,N,nominal,2.0NRT,295.19,9.47,D
8.47271,80.81999,343.04,0.39,0.59,2026-09-02,0729,N,nominal,2.0NRT,297.33,5.79,D
8.47942,80.826,334.44,0.39,0.59,2026-09-02,0729,N,nominal,2.0NRT,295.75,6.74,D
8.47878,80.82249,346.96,0.39,0.59,2026-09-02,0729,N,nominal,2.0NRT,296.26,6.74,D
8.49255,80.8055,332.88,0.39,0.59,2026-09-02,0729,N,nominal,2.0NRT,296.2,3.02,D
8.49191,80.80196,339.61,0.39,0.59,2026-09-02,0729,N,nominal,2.0NRT,294.9,1.95,D
8.417,80.32652,338.39,0.42,0.61,2026-09-02,0729,N,nominal,2.0NRT,293.64,11.58,D
8.41631,80.3227,350.19,0.42,0.61,2026-09-02,0729,N,nominal,2.0NRT,293.83,8.01,D
8.52835,80.81718,337.48,0.39,0.59,2026-09-02,0729,N,nominal,2.0NRT,295.5,3.41,D
8.53549,80.7943,367,0.39,0.59,2026-09-02,0729,N,high,2.0NRT,296.16,6.76,D
8.53487,80.79079,333.26,0.39,0.59,2026-09-02,0729,N,nominal,2.0NRT,295.2,6.76,D
8.52491,80.67143,347.72,0.39,0.6,2026-09-02,0729,N,nominal,2.0NRT,294.27,3.08,D
8.51043,80.68813,333.16,0.39,0.6,2026-09-02,0729,N,nominal,2.0NRT,295.6,3.76,D
8.53568,80.79343,367,0.39,0.59,2026-09-02,0729,N,high,2.0NRT,296.67,11.89,D
8.52422,80.67086,344.89,0.39,0.6,2026-09-02,0729,N,nominal,2.0NRT,294.34,3.47,D
8.55356,80.76841,336.61,0.39,0.59,2026-09-02,0729,N,nominal,2.0NRT,295.74,2.86,D
8.54068,80.66792,336.61,0.39,0.6,2026-09-02,0729,N,nominal,2.0NRT,291.88,1.52,D
8.55561,80.68747,330.74,0.39,0.59,2026-09-02,0729,N,nominal,2.0NRT,296,4.1,D
8.54718,80.61058,333.05,0.4,0.6,2026-09-02,0729,N,nominal,2.0NRT,294.44,4.57,D
8.58795,80.74087,337.58,0.39,0.59,2026-09-02,0729,N,nominal,2.0NRT,294.08,2.65,D
8.57646,80.64652,330.72,0.39,0.6,2026-09-02,0729,N,nominal,2.0NRT,294.33,4.88,D
8.5813,80.64192,331.96,0.39,0.6,2026-09-02,0729,N,nominal,2.0NRT,295.02,5.5,D
8.4979,80.15121,330.36,0.43,0.62,2026-09-02,0729,N,nominal,2.0NRT,294.23,3.34,D
8.59681,80.66502,332.41,0.39,0.6,2026-09-02,0729,N,nominal,2.0NRT,294.7,3.05,D
8.61355,80.69516,330.01,0.39,0.59,2026-09-02,0729,N,nominal,2.0NRT,293.63,6.82,D
8.61902,80.69415,356.1,0.39,0.59,2026-09-02,0729,N,nominal,2.0NRT,294.17,6.82,D
8.63088,80.72893,334.37,0.39,0.59,2026-09-02,0729,N,nominal,2.0NRT,293.45,2.95,D
8.57462,80.41475,334.48,0.41,0.61,2026-09-02,0729,N,nominal,2.0NRT,295.38,7.07,D
8.62972,80.6591,341.84,0.39,0.6,2026-09-02,0729,N,nominal,2.0NRT,294.26,6.08,D
8.61938,80.69332,336.36,0.39,0.59,2026-09-02,0729,N,nominal,2.0NRT,292.77,4.64,D
8.6315,80.72802,340.11,0.39,0.59,2026-09-02,0729,N,nominal,2.0NRT,293.66,3.78,D
8.57298,80.41463,332.67,0.41,0.61,2026-09-02,0729,N,nominal,2.0NRT,294.45,3.36,D
8.62986,80.65842,353.41,0.39,0.6,2026-09-02,0729,N,nominal,2.0NRT,293.71,5.23,D
8.72116,81.12231,349.27,0.36,0.58,2026-09-02,0729,N,nominal,2.0NRT,297.45,5.77,D
8.72707,81.12466,334.56,0.36,0.58,2026-09-02,0729,N,nominal,2.0NRT,291.57,5.77,D
8.63386,80.52625,333.95,0.4,0.6,2026-09-02,0729,N,nominal,2.0NRT,293.82,6.05,D
8.63953,80.49488,339.61,0.4,0.6,2026-09-02,0729,N,nominal,2.0NRT,295.01,7.96,D
8.63886,80.4912,330.18,0.4,0.6,2026-09-02,0729,N,nominal,2.0NRT,294.32,5.31,D
8.76981,80.87205,336.94,0.38,0.59,2026-09-02,0729,N,nominal,2.0NRT,296.83,3.67,D
8.6888,80.35437,340.54,0.41,0.61,2026-09-02,0729,N,nominal,2.0NRT,293.89,3.92,D
8.69176,80.35313,349.2,0.41,0.61,2026-09-02,0729,N,nominal,2.0NRT,293.08,4.47,D
8.85165,80.32201,333.34,0.41,0.61,2026-09-02,0729,N,nominal,2.0NRT,294.93,5.21,D
12.15871,99.90244,353.72,0.44,0.62,2026-09-02,0729,N,nominal,2.0NRT,287.61,12.49,D
12.15822,99.89835,339.81,0.44,0.62,2026-09-02,0729,N,nominal,2.0NRT,288.1,9.39,D
9.41724,80.38377,337.57,0.4,0.6,2026-09-02,0729,N,nominal,2.0NRT,295.68,4.93,D
9.43089,80.39628,332.16,0.4,0.6,2026-09-02,0729,N,nominal,2.0NRT,295.53,3.24,D
9.43638,80.39525,330.96,0.4,0.6,2026-09-02,0729,N,nominal,2.0NRT,295.72,3.24,D
9.43506,80.38796,330.6,0.4,0.6,2026-09-02,0729,N,nominal,2.0NRT,295.41,3.54,D
9.43308,80.37701,347.25,0.4,0.6,2026-09-02,0729,N,nominal,2.0NRT,295.69,8.7,D
9.43242,80.37336,341.55,0.4,0.6,2026-09-02,0729,N,nominal,2.0NRT,295.23,6.5,D
9.43142,80.39938,330.56,0.4,0.6,2026-09-02,0729,N,nominal,2.0NRT,295.24,3.58,D
9.4328,80.37656,354,0.4,0.6,2026-09-02,0729,N,nominal,2.0NRT,295.64,10.97,D
9.43211,80.3729,335.15,0.4,0.6,2026-09-02,0729,N,nominal,2.0NRT,295.31,6.05,D
9.643,80.31789,367,0.4,0.6,2026-09-02,0729,N,high,2.0NRT,295.82,8.95,D
9.64366,80.32153,345.81,0.4,0.6,2026-09-02,0729,N,nominal,2.0NRT,294.88,8.44,D
9.64335,80.32085,353.27,0.4,0.6,2026-09-02,0729,N,nominal,2.0NRT,295.09,11.93,D
9.64267,80.31721,354.25,0.4,0.6,2026-09-02,0729,N,nominal,2.0NRT,295.12,9.47,D
9.99482,79.18996,341.62,0.47,0.64,2026-09-02,0731,N,nominal,2.0NRT,287.05,4.89,D
9.94405,78.17075,330.98,0.55,0.68,2026-09-02,0731,N,nominal,2.0NRT,292.36,8.81,D
14.77374,100.0966,348.56,0.49,0.65,2026-09-02,0731,N,nominal,2.0NRT,286.01,7.71,D
14.82568,100.01173,332.1,0.48,0.65,2026-09-02,0731,N,nominal,2.0NRT,280.98,3.61,D
12.1557,79.81212,330.94,0.39,0.59,2026-09-02,0731,N,nominal,2.0NRT,288.02,2.65,D
16.40213,100.79584,332.93,0.57,0.69,2026-09-02,0731,N,nominal,2.0NRT,285.89,4.25,D
17.00437,100.05457,329.45,0.51,0.66,2026-09-02,0731,N,nominal,2.0NRT,285.59,3.62,D
14.88849,79.31078,332.39,0.37,0.58,2026-09-02,0731,N,nominal,2.0NRT,273.26,2.5,D
15.95654,79.91642,341.23,0.32,0.55,2026-09-02,0731,N,nominal,2.0NRT,293.08,4.66,D
20.39138,100.57979,328.87,0.61,0.71,2026-09-02,0731,N,nominal,2.0NRT,289.87,5.48,D
17.67918,75.30824,332.06,0.6,0.7,2026-09-02,0733,N,nominal,2.0NRT,286.29,6.74,D
20.96492,85.17074,326.69,0.42,0.38,2026-09-02,0733,N,low,2.0NRT,284.61,7.94,D
23.0861,101.16039,346.71,0.71,0.75,2026-09-02,0733,N,nominal,2.0NRT,281.09,10.43,D
23.09311,101.1598,331.51,0.71,0.75,2026-09-02,0733,N,nominal,2.0NRT,281.23,8.23,D
23.09069,101.15741,338.79,0.71,0.75,2026-09-02,0733,N,nominal,2.0NRT,281.22,22.58,D
30.44718,73.801,331.74,0.39,0.59,2026-09-02,0735,N,nominal,2.0NRT,294.92,2.56,D
31.09262,74.68887,340.43,0.33,0.55,2026-09-02,0737,N,nominal,2.0NRT,293.1,3.98,D
35.75542,100.44926,334.63,0.79,0.78,2026-09-02,0737,N,nominal,2.0NRT,297.86,7.89,D
38.04977,67.26244,348.72,0.55,0.68,2026-09-02,0739,N,nominal,2.0NRT,305.06,6.41,D
9.92334,78.1786,333.46,0.72,0.75,2026-09-02,0911,N,nominal,2.0NRT,287.09,8.28,D
11.34867,77.58162,343.48,0.68,0.74,2026-09-02,0911,N,nominal,2.0NRT,291.66,6.73,D
18.5739,72.24182,327.45,0.37,0.58,2026-09-02,0913,N,nominal,2.0NRT,284,4.18,D
18.01234,54.57333,348.89,0.59,0.53,2026-09-02,0913,N,nominal,2.0NRT,311.77,15.6,D
18.01431,54.57019,344.96,0.59,0.53,2026-09-02,0913,N,nominal,2.0NRT,309.58,18.84,D
18.32317,55.10543,343.89,0.54,0.51,2026-09-02,0913,N,nominal,2.0NRT,313.87,2.25,D
19.26936,56.17295,339.33,0.45,0.47,2026-09-02,0913,N,low,2.0NRT,312.43,2.5,D
20.37669,55.93508,351.45,0.44,0.46,2026-09-02,0915,N,nominal,2.0NRT,314.07,3.97,D
23.19008,55.45747,351.79,0.42,0.45,2026-09-02,0915,N,low,2.0NRT,324.71,5.69,D
24.50555,56.60574,343.08,0.52,0.41,2026-09-02,0915,N,nominal,2.0NRT,306.47,15.28,D
24.50472,56.60929,340.39,0.52,0.41,2026-09-02,0915,N,nominal,2.0NRT,307.16,18.41,D
24.32447,54.46799,342.26,0.46,0.47,2026-09-02,0915,N,low,2.0NRT,314.77,16.8,D
27.85456,72.35793,335.36,0.48,0.65,2026-09-02,0915,N,nominal,2.0NRT,295.85,6.23,D
28.29682,67.82691,339.82,0.51,0.5,2026-09-02,0915,N,nominal,2.0NRT,303.69,7.3,D
27.16072,56.10297,335.58,0.5,0.41,2026-09-02,0915,N,low,2.0NRT,307.64,3.49,D
29.994,55.85226,341.11,0.47,0.4,2026-09-02,0917,N,low,2.0NRT,315.24,8.5,D
36.39486,59.4969,336.33,0.4,0.37,2026-09-02,0920,N,low,2.0NRT,309.86,1.5,D
37.03408,62.4179,341.3,0.5,0.41,2026-09-02,0920,N,low,2.0NRT,314.11,9.24,D
37.11978,62.36591,340.61,0.5,0.41,2026-09-02,0920,N,low,2.0NRT,315.15,12.4,D
37.22075,60.35744,350.58,0.42,0.38,2026-09-02,0920,N,nominal,2.0NRT,311.87,5.81,D
36.73164,56.74604,338.21,0.39,0.36,2026-09-02,0920,N,low,2.0NRT,311.49,2.25,D
37.24194,60.16793,342.17,0.42,0.38,2026-09-02,0920,N,nominal,2.0NRT,309.86,8.49,D
37.23949,60.1651,343.39,0.42,0.38,2026-09-02,0920,N,nominal,2.0NRT,311.94,8.16,D
37.49705,61.84775,341.05,0.48,0.4,2026-09-02,0920,N,nominal,2.0NRT,308.75,3.52,D
37.61908,62.14107,336.96,0.5,0.41,2026-09-02,0920,N,low,2.0NRT,309.26,3.18,D
37.61024,61.60915,335.2,0.47,0.4,2026-09-02,0920,N,low,2.0NRT,309.95,3.94,D
37.43428,59.84423,343.6,0.41,0.37,2026-09-02,0920,N,nominal,2.0NRT,311.91,7.05,D
37.5531,60.74153,350.12,0.44,0.38,2026-09-02,0920,N,nominal,2.0NRT,315.63,11.36,D
37.55663,60.74084,351.74,0.44,0.38,2026-09-02,0920,N,nominal,2.0NRT,314.62,10.07,D
37.80782,60.17153,337.73,0.42,0.38,2026-09-02,0920,N,low,2.0NRT,311.62,2.93,D
37.81128,60.17082,340.46,0.42,0.38,2026-09-02,0920,N,low,2.0NRT,310.88,2.93,D
38.08356,62.05058,340.82,0.5,0.41,2026-09-02,0920,N,nominal,2.0NRT,308.17,7.19,D
38.6922,61.88203,341.1,0.5,0.41,2026-09-02,0920,N,low,2.0NRT,313.78,2.43,D
38.46354,57.6445,338.11,0.39,0.36,2026-09-02,0920,N,nominal,2.0NRT,305.37,2.4,D
39.52119,62.93116,332.45,0.57,0.43,2026-09-02,0920,N,nominal,2.0NRT,293.98,4.76,D
39.97389,58.93658,339.49,0.41,0.37,2026-09-02,0920,N,low,2.0NRT,310.44,2,D
